{
"type": "FeatureCollection",
"name": "SELECT",
"crs": { "type": "name", "properties": { "name": "urn:ogc:def:crs:OGC:1.3:CRS84" } },
"xy_coordinate_resolution": 1e-05,
"features": [
{ "type": "Feature", "properties": { "name": "Rio Jamari", "ana_km2": 29090.417280320002 }, "geometry": { "type": "Polygon", "coordinates": [ [ [ -63.86858, -10.47163 ], [ -63.86969, -10.47054 ], [ -63.87086, -10.46957 ], [ -63.87373, -10.46742 ], [ -63.87511, -10.46634 ], [ -63.87588, -10.46569 ], [ -63.87738, -10.46428 ], [ -63.8782, -10.46364 ], [ -63.87958, -10.46273 ], [ -63.88203, -10.46128 ], [ -63.88433, -10.45983 ], [ -63.88592, -10.45899 ], [ -63.88748, -10.45843 ], [ -63.88834, -10.45807 ], [ -63.88959, -10.45726 ], [ -63.89036, -10.45661 ], [ -63.89097, -10.45594 ], [ -63.89217, -10.4545 ], [ -63.89291, -10.45371 ], [ -63.89409, -10.45253 ], [ -63.89595, -10.45073 ], [ -63.89659, -10.45 ], [ -63.89731, -10.44886 ], [ -63.89777, -10.44774 ], [ -63.89861, -10.44631 ], [ -63.89979, -10.44537 ], [ -63.90181, -10.44405 ], [ -63.9047, -10.44195 ], [ -63.90527, -10.44124 ], [ -63.90571, -10.44004 ], [ -63.90562, -10.43889 ], [ -63.90503, -10.43778 ], [ -63.90365, -10.43607 ], [ -63.9032, -10.43523 ], [ -63.90275, -10.43392 ], [ -63.90247, -10.43245 ], [ -63.90253, -10.43089 ], [ -63.90275, -10.42991 ], [ -63.90306, -10.42885 ], [ -63.90358, -10.42729 ], [ -63.9046, -10.42401 ], [ -63.90508, -10.42302 ], [ -63.90568, -10.42217 ], [ -63.90681, -10.42093 ], [ -63.90936, -10.41864 ], [ -63.91104, -10.41699 ], [ -63.91224, -10.41571 ], [ -63.91344, -10.41433 ], [ -63.91671, -10.4109 ], [ -63.91834, -10.40928 ], [ -63.92016, -10.4072 ], [ -63.92121, -10.40621 ], [ -63.9229, -10.40509 ], [ -63.92406, -10.40457 ], [ -63.92516, -10.40427 ], [ -63.92697, -10.40428 ], [ -63.92785, -10.40453 ], [ -63.92814, -10.40283 ], [ -63.92825, -10.40122 ], [ -63.92803, -10.39954 ], [ -63.92747, -10.39819 ], [ -63.92571, -10.39573 ], [ -63.92423, -10.39393 ], [ -63.92367, -10.39284 ], [ -63.92323, -10.39175 ], [ -63.92296, -10.39062 ], [ -63.92287, -10.38962 ], [ -63.92351, -10.38789 ], [ -63.92377, -10.38693 ], [ -63.92392, -10.38453 ], [ -63.9241, -10.38262 ], [ -63.92405, -10.3814 ], [ -63.92361, -10.38036 ], [ -63.92251, -10.37974 ], [ -63.92096, -10.37941 ], [ -63.91936, -10.37928 ], [ -63.91702, -10.37953 ], [ -63.91572, -10.37892 ], [ -63.91192, -10.37791 ], [ -63.91095, -10.37762 ], [ -63.90957, -10.37692 ], [ -63.90875, -10.3761 ], [ -63.90822, -10.37492 ], [ -63.90753, -10.37221 ], [ -63.90702, -10.37103 ], [ -63.90514, -10.36906 ], [ -63.90427, -10.36862 ], [ -63.9033, -10.36862 ], [ -63.90233, -10.36898 ], [ -63.90084, -10.36976 ], [ -63.89924, -10.3704 ], [ -63.89814, -10.37062 ], [ -63.89699, -10.37071 ], [ -63.89585, -10.37091 ], [ -63.89473, -10.37121 ], [ -63.89339, -10.37143 ], [ -63.8885, -10.37126 ], [ -63.88618, -10.3712 ], [ -63.88612, -10.36998 ], [ -63.88658, -10.36836 ], [ -63.88734, -10.36632 ], [ -63.88856, -10.36329 ], [ -63.88933, -10.3611 ], [ -63.88972, -10.3597 ], [ -63.89003, -10.35843 ], [ -63.89064, -10.3557 ], [ -63.89088, -10.3542 ], [ -63.89097, -10.35302 ], [ -63.89093, -10.35191 ], [ -63.89066, -10.3507 ], [ -63.89003, -10.3497 ], [ -63.889, -10.34892 ], [ -63.88585, -10.34776 ], [ -63.88454, -10.34721 ], [ -63.88327, -10.34653 ], [ -63.88235, -10.3459 ], [ -63.87981, -10.34348 ], [ -63.87661, -10.34001 ], [ -63.87582, -10.33912 ], [ -63.87508, -10.3382 ], [ -63.87454, -10.33745 ], [ -63.87265, -10.3348 ], [ -63.87201, -10.33379 ], [ -63.87153, -10.33287 ], [ -63.87063, -10.331 ], [ -63.86856, -10.32694 ], [ -63.86788, -10.3255 ], [ -63.86737, -10.32455 ], [ -63.86569, -10.32156 ], [ -63.86477, -10.32025 ], [ -63.86403, -10.31944 ], [ -63.86291, -10.31848 ], [ -63.86095, -10.31714 ], [ -63.85957, -10.31636 ], [ -63.85753, -10.31544 ], [ -63.85649, -10.31508 ], [ -63.85492, -10.31467 ], [ -63.85452, -10.31453 ], [ -63.855, -10.3139 ], [ -63.8552, -10.31266 ], [ -63.85505, -10.31102 ], [ -63.85472, -10.30981 ], [ -63.85427, -10.30854 ], [ -63.85354, -10.30664 ], [ -63.85315, -10.30536 ], [ -63.85291, -10.30349 ], [ -63.85293, -10.30223 ], [ -63.85305, -10.30093 ], [ -63.85327, -10.29963 ], [ -63.85362, -10.29838 ], [ -63.85408, -10.29724 ], [ -63.85489, -10.29564 ], [ -63.8561, -10.29353 ], [ -63.85688, -10.29228 ], [ -63.85771, -10.29114 ], [ -63.85885, -10.29002 ], [ -63.85974, -10.28947 ], [ -63.86068, -10.28919 ], [ -63.86225, -10.28918 ], [ -63.86387, -10.28954 ], [ -63.86495, -10.28991 ], [ -63.86661, -10.29061 ], [ -63.86826, -10.29143 ], [ -63.86989, -10.29231 ], [ -63.87092, -10.29293 ], [ -63.87189, -10.29365 ], [ -63.87417, -10.29553 ], [ -63.87592, -10.29648 ], [ -63.87737, -10.29679 ], [ -63.87871, -10.2969 ], [ -63.88013, -10.29691 ], [ -63.88158, -10.29682 ], [ -63.88301, -10.29662 ], [ -63.88436, -10.29629 ], [ -63.88558, -10.29578 ], [ -63.88661, -10.29511 ], [ -63.88799, -10.29397 ], [ -63.88969, -10.29241 ], [ -63.89081, -10.29107 ], [ -63.89147, -10.29013 ], [ -63.89207, -10.2892 ], [ -63.89257, -10.28829 ], [ -63.89296, -10.28729 ], [ -63.89335, -10.28578 ], [ -63.89362, -10.28416 ], [ -63.89366, -10.28245 ], [ -63.89342, -10.27961 ], [ -63.89338, -10.27791 ], [ -63.89348, -10.27679 ], [ -63.89373, -10.27573 ], [ -63.89469, -10.27348 ], [ -63.89495, -10.27245 ], [ -63.89507, -10.27137 ], [ -63.89507, -10.27003 ], [ -63.89494, -10.26767 ], [ -63.89475, -10.26505 ], [ -63.89464, -10.26396 ], [ -63.89444, -10.26238 ], [ -63.89437, -10.26126 ], [ -63.89439, -10.25849 ], [ -63.89448, -10.25738 ], [ -63.8947, -10.25631 ], [ -63.89538, -10.25476 ], [ -63.89647, -10.25312 ], [ -63.89688, -10.25228 ], [ -63.89722, -10.25135 ], [ -63.89767, -10.24986 ], [ -63.8985, -10.24656 ], [ -63.89883, -10.24548 ], [ -63.89943, -10.24384 ], [ -63.89991, -10.24218 ], [ -63.90006, -10.24118 ], [ -63.90011, -10.24016 ], [ -63.90006, -10.23914 ], [ -63.89983, -10.23767 ], [ -63.89963, -10.23679 ], [ -63.89871, -10.23353 ], [ -63.89851, -10.23247 ], [ -63.89847, -10.23137 ], [ -63.89862, -10.2303 ], [ -63.89915, -10.22885 ], [ -63.9003, -10.22642 ], [ -63.90073, -10.22539 ], [ -63.90107, -10.22425 ], [ -63.90179, -10.22094 ], [ -63.90215, -10.21962 ], [ -63.90267, -10.21834 ], [ -63.90314, -10.2175 ], [ -63.90503, -10.21453 ], [ -63.90535, -10.2137 ], [ -63.90424, -10.21346 ], [ -63.90302, -10.21332 ], [ -63.90158, -10.21331 ], [ -63.89936, -10.21352 ], [ -63.89824, -10.21351 ], [ -63.89718, -10.21335 ], [ -63.89562, -10.21284 ], [ -63.89478, -10.21244 ], [ -63.89388, -10.2117 ], [ -63.89329, -10.21077 ], [ -63.89314, -10.2099 ], [ -63.8936, -10.20867 ], [ -63.89441, -10.20818 ], [ -63.89649, -10.20749 ], [ -63.898, -10.20686 ], [ -63.89878, -10.20639 ], [ -63.89938, -10.20571 ], [ -63.90025, -10.20423 ], [ -63.90047, -10.20303 ], [ -63.90026, -10.20203 ], [ -63.89952, -10.19953 ], [ -63.89956, -10.19939 ], [ -63.89994, -10.19841 ], [ -63.8995, -10.19753 ], [ -63.89883, -10.19684 ], [ -63.8982, -10.19599 ], [ -63.89839, -10.19506 ], [ -63.89901, -10.1938 ], [ -63.89996, -10.19317 ], [ -63.90085, -10.19346 ], [ -63.90177, -10.19361 ], [ -63.90308, -10.19367 ], [ -63.90535, -10.1937 ], [ -63.90516, -10.19252 ], [ -63.90468, -10.19171 ], [ -63.9034, -10.18974 ], [ -63.9013, -10.18523 ], [ -63.90093, -10.18429 ], [ -63.90069, -10.18295 ], [ -63.90075, -10.18206 ], [ -63.90098, -10.18119 ], [ -63.90259, -10.17786 ], [ -63.90296, -10.17689 ], [ -63.90318, -10.17589 ], [ -63.90318, -10.17485 ], [ -63.90279, -10.17335 ], [ -63.90212, -10.17177 ], [ -63.90122, -10.17031 ], [ -63.89947, -10.16812 ], [ -63.89886, -10.16716 ], [ -63.89848, -10.16635 ], [ -63.89818, -10.16551 ], [ -63.89792, -10.16437 ], [ -63.89779, -10.16277 ], [ -63.89777, -10.16168 ], [ -63.89778, -10.16056 ], [ -63.89783, -10.15941 ], [ -63.89793, -10.15827 ], [ -63.89809, -10.15715 ], [ -63.89832, -10.15608 ], [ -63.89884, -10.15454 ], [ -63.89927, -10.15359 ], [ -63.89982, -10.15265 ], [ -63.90043, -10.15181 ], [ -63.90173, -10.1502 ], [ -63.90409, -10.14708 ], [ -63.90454, -10.1463 ], [ -63.90452, -10.1462 ], [ -63.90436, -10.14557 ], [ -63.9043, -10.14443 ], [ -63.90434, -10.14173 ], [ -63.90456, -10.13947 ], [ -63.90502, -10.13709 ], [ -63.90543, -10.13554 ], [ -63.90617, -10.13354 ], [ -63.90675, -10.13244 ], [ -63.90798, -10.13079 ], [ -63.90901, -10.12977 ], [ -63.91073, -10.12823 ], [ -63.91205, -10.12718 ], [ -63.91295, -10.12653 ], [ -63.91475, -10.12538 ], [ -63.91558, -10.12477 ], [ -63.91635, -10.12403 ], [ -63.91738, -10.12265 ], [ -63.91825, -10.12119 ], [ -63.91867, -10.12029 ], [ -63.91959, -10.11798 ], [ -63.91995, -10.11701 ], [ -63.9203, -10.11521 ], [ -63.92008, -10.1136 ], [ -63.91942, -10.11271 ], [ -63.91854, -10.11226 ], [ -63.91747, -10.11194 ], [ -63.91607, -10.11174 ], [ -63.91513, -10.11176 ], [ -63.91418, -10.11191 ], [ -63.91321, -10.11212 ], [ -63.91229, -10.11225 ], [ -63.91114, -10.11226 ], [ -63.90972, -10.11181 ], [ -63.90881, -10.11107 ], [ -63.90827, -10.11006 ], [ -63.90766, -10.10823 ], [ -63.90729, -10.10727 ], [ -63.90668, -10.10594 ], [ -63.90633, -10.10509 ], [ -63.90611, -10.10417 ], [ -63.90608, -10.10323 ], [ -63.90622, -10.10223 ], [ -63.90647, -10.10115 ], [ -63.90682, -10.10006 ], [ -63.90727, -10.09901 ], [ -63.90872, -10.09603 ], [ -63.90924, -10.09508 ], [ -63.91042, -10.09354 ], [ -63.9115, -10.09252 ], [ -63.91424, -10.09026 ], [ -63.91567, -10.08916 ], [ -63.91803, -10.0875 ], [ -63.91972, -10.08611 ], [ -63.92038, -10.08529 ], [ -63.92087, -10.08436 ], [ -63.92121, -10.08349 ], [ -63.92243, -10.07985 ], [ -63.92339, -10.07647 ], [ -63.92386, -10.07525 ], [ -63.92494, -10.07322 ], [ -63.9256, -10.07218 ], [ -63.92631, -10.0712 ], [ -63.92732, -10.07006 ], [ -63.92835, -10.06909 ], [ -63.92932, -10.06832 ], [ -63.93118, -10.06703 ], [ -63.93099, -10.06649 ], [ -63.92992, -10.06595 ], [ -63.92857, -10.0657 ], [ -63.92739, -10.06571 ], [ -63.92611, -10.0659 ], [ -63.92196, -10.06686 ], [ -63.92073, -10.06707 ], [ -63.91956, -10.06719 ], [ -63.91842, -10.06726 ], [ -63.9173, -10.06726 ], [ -63.9141, -10.06712 ], [ -63.91273, -10.06727 ], [ -63.91187, -10.06759 ], [ -63.9098, -10.06863 ], [ -63.90893, -10.06897 ], [ -63.90802, -10.06919 ], [ -63.90608, -10.06955 ], [ -63.90509, -10.06982 ], [ -63.90365, -10.07037 ], [ -63.90144, -10.0714 ], [ -63.90016, -10.07174 ], [ -63.89886, -10.07165 ], [ -63.89754, -10.07133 ], [ -63.89571, -10.0707 ], [ -63.89476, -10.07047 ], [ -63.89329, -10.07044 ], [ -63.89224, -10.07062 ], [ -63.88941, -10.07124 ], [ -63.88805, -10.07144 ], [ -63.8866, -10.07154 ], [ -63.8851, -10.07156 ], [ -63.8836, -10.07149 ], [ -63.88214, -10.07131 ], [ -63.88076, -10.071 ], [ -63.87953, -10.07056 ], [ -63.8768, -10.06953 ], [ -63.87565, -10.06916 ], [ -63.87359, -10.06858 ], [ -63.87197, -10.06822 ], [ -63.87041, -10.06793 ], [ -63.86837, -10.0676 ], [ -63.86735, -10.0674 ], [ -63.86618, -10.06703 ], [ -63.86553, -10.06654 ], [ -63.86464, -10.06544 ], [ -63.86362, -10.06386 ], [ -63.86296, -10.06267 ], [ -63.8624, -10.0614 ], [ -63.86186, -10.05948 ], [ -63.86152, -10.05726 ], [ -63.86128, -10.05635 ], [ -63.86084, -10.05553 ], [ -63.8602, -10.05488 ], [ -63.85895, -10.05417 ], [ -63.85797, -10.05387 ], [ -63.85457, -10.05316 ], [ -63.85367, -10.05286 ], [ -63.85294, -10.052 ], [ -63.85351, -10.05119 ], [ -63.85497, -10.05033 ], [ -63.85658, -10.04963 ], [ -63.85755, -10.04933 ], [ -63.85854, -10.04912 ], [ -63.86001, -10.049 ], [ -63.86091, -10.04912 ], [ -63.86179, -10.04945 ], [ -63.86353, -10.05016 ], [ -63.86489, -10.05039 ], [ -63.86624, -10.05019 ], [ -63.86708, -10.04981 ], [ -63.86789, -10.04922 ], [ -63.8686, -10.04852 ], [ -63.86922, -10.04765 ], [ -63.86968, -10.04674 ], [ -63.87006, -10.04574 ], [ -63.87039, -10.04469 ], [ -63.87162, -10.0402 ], [ -63.87201, -10.03902 ], [ -63.87263, -10.0373 ], [ -63.87343, -10.03487 ], [ -63.87452, -10.03115 ], [ -63.8752, -10.02907 ], [ -63.8754, -10.02803 ], [ -63.87545, -10.02706 ], [ -63.8752, -10.02583 ], [ -63.87449, -10.02494 ], [ -63.87321, -10.02421 ], [ -63.87143, -10.02368 ], [ -63.87001, -10.02275 ], [ -63.86937, -10.02212 ], [ -63.86879, -10.02139 ], [ -63.86803, -10.01985 ], [ -63.86799, -10.01852 ], [ -63.8682, -10.0176 ], [ -63.86855, -10.01663 ], [ -63.86899, -10.01568 ], [ -63.8702, -10.01322 ], [ -63.87084, -10.0117 ], [ -63.87116, -10.01073 ], [ -63.87133, -10.00916 ], [ -63.87126, -10.00825 ], [ -63.87111, -10.00733 ], [ -63.87084, -10.00639 ], [ -63.86997, -10.00402 ], [ -63.86952, -10.00191 ], [ -63.86944, -10.0008 ], [ -63.86953, -9.99906 ], [ -63.86971, -9.9978 ], [ -63.87035, -9.99537 ], [ -63.87036, -9.99513 ], [ -63.86969, -9.99397 ], [ -63.86816, -9.99325 ], [ -63.86691, -9.99314 ], [ -63.86633, -9.99235 ], [ -63.86615, -9.99115 ], [ -63.86619, -9.99017 ], [ -63.86652, -9.98907 ], [ -63.86726, -9.98848 ], [ -63.86771, -9.98753 ], [ -63.86757, -9.98646 ], [ -63.86702, -9.98537 ], [ -63.86708, -9.98517 ], [ -63.86826, -9.98365 ], [ -63.8694, -9.98188 ], [ -63.87008, -9.98059 ], [ -63.87012, -9.9793 ], [ -63.86978, -9.97745 ], [ -63.8699, -9.97647 ], [ -63.87021, -9.97514 ], [ -63.87019, -9.97394 ], [ -63.86987, -9.97296 ], [ -63.8694, -9.97219 ], [ -63.86889, -9.97143 ], [ -63.86824, -9.96992 ], [ -63.86791, -9.96875 ], [ -63.86785, -9.96787 ], [ -63.8665, -9.96714 ], [ -63.86579, -9.96659 ], [ -63.86462, -9.96525 ], [ -63.86386, -9.96434 ], [ -63.86323, -9.96332 ], [ -63.86292, -9.96201 ], [ -63.86271, -9.95908 ], [ -63.86239, -9.95751 ], [ -63.86223, -9.95644 ], [ -63.86168, -9.9557 ], [ -63.86142, -9.95473 ], [ -63.86143, -9.95343 ], [ -63.86099, -9.95223 ], [ -63.86043, -9.95138 ], [ -63.86035, -9.9512 ], [ -63.85794, -9.94955 ], [ -63.85668, -9.94859 ], [ -63.85572, -9.9475 ], [ -63.85485, -9.94582 ], [ -63.85417, -9.94488 ], [ -63.85348, -9.94405 ], [ -63.85265, -9.94272 ], [ -63.85197, -9.94157 ], [ -63.85119, -9.94098 ], [ -63.85019, -9.94044 ], [ -63.84673, -9.93898 ], [ -63.84431, -9.9381 ], [ -63.84313, -9.93772 ], [ -63.84191, -9.93742 ], [ -63.83996, -9.93734 ], [ -63.83848, -9.9371 ], [ -63.8371, -9.93654 ], [ -63.83535, -9.93537 ], [ -63.83505, -9.93451 ], [ -63.83488, -9.93306 ], [ -63.83493, -9.93129 ], [ -63.83516, -9.92955 ], [ -63.83545, -9.92795 ], [ -63.83623, -9.92538 ], [ -63.83673, -9.92418 ], [ -63.83747, -9.92324 ], [ -63.83841, -9.92249 ], [ -63.83941, -9.92184 ], [ -63.84029, -9.92109 ], [ -63.84086, -9.91998 ], [ -63.84116, -9.91865 ], [ -63.84131, -9.91728 ], [ -63.84137, -9.916 ], [ -63.84127, -9.91492 ], [ -63.84069, -9.91337 ], [ -63.84027, -9.91217 ], [ -63.83949, -9.9105 ], [ -63.83852, -9.90892 ], [ -63.8379, -9.90769 ], [ -63.83762, -9.90612 ], [ -63.83785, -9.90287 ], [ -63.83761, -9.90277 ], [ -63.83651, -9.90273 ], [ -63.83473, -9.90283 ], [ -63.82857, -9.90286 ], [ -63.82735, -9.90294 ], [ -63.8258, -9.90322 ], [ -63.82484, -9.90352 ], [ -63.82393, -9.90398 ], [ -63.8226, -9.90479 ], [ -63.82165, -9.90524 ], [ -63.82014, -9.90549 ], [ -63.8187, -9.90523 ], [ -63.8179, -9.90476 ], [ -63.81733, -9.90407 ], [ -63.81699, -9.9032 ], [ -63.81666, -9.90161 ], [ -63.81649, -9.9005 ], [ -63.81634, -9.89855 ], [ -63.81608, -9.89694 ], [ -63.81551, -9.89475 ], [ -63.81537, -9.89377 ], [ -63.81534, -9.89277 ], [ -63.81541, -9.89179 ], [ -63.81581, -9.8897 ], [ -63.81586, -9.88847 ], [ -63.81548, -9.88738 ], [ -63.81465, -9.8867 ], [ -63.81338, -9.88625 ], [ -63.81177, -9.88606 ], [ -63.8104, -9.88602 ], [ -63.80898, -9.88603 ], [ -63.80761, -9.88607 ], [ -63.80452, -9.8862 ], [ -63.80431, -9.88565 ], [ -63.80431, -9.88449 ], [ -63.80458, -9.88353 ], [ -63.80507, -9.88247 ], [ -63.80602, -9.88076 ], [ -63.8065, -9.87978 ], [ -63.80768, -9.87698 ], [ -63.80852, -9.87515 ], [ -63.80876, -9.87426 ], [ -63.80879, -9.87334 ], [ -63.80866, -9.87241 ], [ -63.80826, -9.86994 ], [ -63.80834, -9.86838 ], [ -63.80859, -9.8674 ], [ -63.80925, -9.8655 ], [ -63.80964, -9.86411 ], [ -63.8097, -9.86314 ], [ -63.80957, -9.86219 ], [ -63.80906, -9.85978 ], [ -63.809, -9.85872 ], [ -63.80913, -9.85738 ], [ -63.80941, -9.85601 ], [ -63.80971, -9.8549 ], [ -63.81036, -9.85276 ], [ -63.81065, -9.85172 ], [ -63.81121, -9.85011 ], [ -63.81173, -9.84912 ], [ -63.81235, -9.84814 ], [ -63.81311, -9.84706 ], [ -63.81394, -9.84579 ], [ -63.81533, -9.84343 ], [ -63.81602, -9.84231 ], [ -63.81682, -9.84119 ], [ -63.81771, -9.84011 ], [ -63.81868, -9.83953 ], [ -63.81881, -9.83973 ], [ -63.81986, -9.8401 ], [ -63.821, -9.84033 ], [ -63.82311, -9.84071 ], [ -63.82461, -9.84105 ], [ -63.82615, -9.84153 ], [ -63.82835, -9.84237 ], [ -63.82967, -9.84296 ], [ -63.83253, -9.8443 ], [ -63.83357, -9.84491 ], [ -63.83452, -9.84566 ], [ -63.83538, -9.84653 ], [ -63.83733, -9.84874 ], [ -63.83835, -9.84968 ], [ -63.83972, -9.85082 ], [ -63.8408, -9.85161 ], [ -63.84185, -9.85183 ], [ -63.84286, -9.85136 ], [ -63.84368, -9.85042 ], [ -63.84435, -9.8494 ], [ -63.84493, -9.84845 ], [ -63.84612, -9.84635 ], [ -63.84678, -9.8454 ], [ -63.84857, -9.84304 ], [ -63.84937, -9.84224 ], [ -63.85072, -9.84129 ], [ -63.85169, -9.84081 ], [ -63.85269, -9.84051 ], [ -63.85546, -9.83998 ], [ -63.85634, -9.83963 ], [ -63.85775, -9.83869 ], [ -63.85873, -9.83766 ], [ -63.85953, -9.8365 ], [ -63.85998, -9.83569 ], [ -63.86066, -9.83421 ], [ -63.86118, -9.83287 ], [ -63.86048, -9.83246 ], [ -63.85971, -9.83189 ], [ -63.8588, -9.83115 ], [ -63.85727, -9.8298 ], [ -63.85629, -9.82876 ], [ -63.85542, -9.82757 ], [ -63.85484, -9.82647 ], [ -63.85443, -9.82535 ], [ -63.85414, -9.8237 ], [ -63.85421, -9.82261 ], [ -63.85441, -9.82148 ], [ -63.8547, -9.82038 ], [ -63.85562, -9.8179 ], [ -63.85585, -9.8168 ], [ -63.85593, -9.81565 ], [ -63.85574, -9.81085 ], [ -63.85556, -9.80822 ], [ -63.85532, -9.80534 ], [ -63.85515, -9.80388 ], [ -63.85493, -9.80246 ], [ -63.85462, -9.8011 ], [ -63.85421, -9.79982 ], [ -63.85371, -9.79871 ], [ -63.85203, -9.79542 ], [ -63.8516, -9.79444 ], [ -63.85079, -9.79246 ], [ -63.84934, -9.78914 ], [ -63.8485, -9.78697 ], [ -63.84781, -9.78493 ], [ -63.84668, -9.78214 ], [ -63.84633, -9.78064 ], [ -63.84606, -9.77882 ], [ -63.84583, -9.77795 ], [ -63.8455, -9.7771 ], [ -63.845, -9.77619 ], [ -63.84441, -9.77529 ], [ -63.84186, -9.7717 ], [ -63.84139, -9.77063 ], [ -63.84107, -9.76941 ], [ -63.84088, -9.76797 ], [ -63.84073, -9.76483 ], [ -63.84073, -9.76357 ], [ -63.84076, -9.76234 ], [ -63.84095, -9.75882 ], [ -63.84118, -9.75703 ], [ -63.84205, -9.75688 ], [ -63.84644, -9.75537 ], [ -63.84931, -9.75426 ], [ -63.85033, -9.75359 ], [ -63.85116, -9.75274 ], [ -63.85186, -9.75178 ], [ -63.85277, -9.75024 ], [ -63.85328, -9.7492 ], [ -63.85361, -9.74807 ], [ -63.85377, -9.74699 ], [ -63.85366, -9.74593 ], [ -63.85321, -9.74421 ], [ -63.85277, -9.74224 ], [ -63.85173, -9.7386 ], [ -63.85115, -9.73655 ], [ -63.85039, -9.73519 ], [ -63.84986, -9.73414 ], [ -63.8494, -9.73275 ], [ -63.84919, -9.73107 ], [ -63.84924, -9.7294 ], [ -63.84952, -9.72703 ], [ -63.84933, -9.72703 ], [ -63.84852, -9.72635 ], [ -63.84767, -9.72553 ], [ -63.847, -9.72451 ], [ -63.84702, -9.72203 ], [ -63.84868, -9.72122 ], [ -63.84994, -9.72053 ], [ -63.85189, -9.71932 ], [ -63.85295, -9.71834 ], [ -63.85361, -9.71728 ], [ -63.85392, -9.71626 ], [ -63.85433, -9.71322 ], [ -63.85442, -9.71233 ], [ -63.85447, -9.71139 ], [ -63.85446, -9.70944 ], [ -63.8544, -9.70847 ], [ -63.8543, -9.70751 ], [ -63.85416, -9.70658 ], [ -63.85345, -9.70342 ], [ -63.85291, -9.70191 ], [ -63.8523, -9.70086 ], [ -63.8513, -9.69945 ], [ -63.85075, -9.69845 ], [ -63.85037, -9.6974 ], [ -63.85027, -9.69589 ], [ -63.85061, -9.69469 ], [ -63.85155, -9.6927 ], [ -63.85189, -9.69151 ], [ -63.85194, -9.69003 ], [ -63.85167, -9.68852 ], [ -63.85122, -9.68705 ], [ -63.85035, -9.68453 ], [ -63.85123, -9.68437 ], [ -63.85245, -9.68397 ], [ -63.85379, -9.6838 ], [ -63.85541, -9.68376 ], [ -63.85688, -9.68357 ], [ -63.85767, -9.68276 ], [ -63.85782, -9.68175 ], [ -63.85791, -9.68029 ], [ -63.85852, -9.67894 ], [ -63.85949, -9.67868 ], [ -63.86068, -9.67862 ], [ -63.86535, -9.6787 ], [ -63.86537, -9.67843 ], [ -63.86499, -9.677 ], [ -63.86377, -9.67382 ], [ -63.86334, -9.67238 ], [ -63.86316, -9.67138 ], [ -63.86311, -9.67041 ], [ -63.86329, -9.66893 ], [ -63.86374, -9.66767 ], [ -63.86477, -9.66528 ], [ -63.86519, -9.6633 ], [ -63.86567, -9.66202 ], [ -63.86619, -9.66117 ], [ -63.86762, -9.65924 ], [ -63.86802, -9.65838 ], [ -63.86876, -9.65656 ], [ -63.86977, -9.65354 ], [ -63.87257, -9.6485 ], [ -63.87342, -9.64686 ], [ -63.87394, -9.64573 ], [ -63.87464, -9.64389 ], [ -63.87615, -9.63943 ], [ -63.87664, -9.63839 ], [ -63.87724, -9.63734 ], [ -63.87816, -9.63604 ], [ -63.87917, -9.63487 ], [ -63.88022, -9.63387 ], [ -63.8814, -9.633 ], [ -63.88285, -9.63203 ], [ -63.88278, -9.63164 ], [ -63.88221, -9.62959 ], [ -63.88198, -9.62812 ], [ -63.88195, -9.6266 ], [ -63.88212, -9.62383 ], [ -63.8822, -9.62187 ], [ -63.88247, -9.62095 ], [ -63.88295, -9.62001 ], [ -63.88359, -9.61914 ], [ -63.8843, -9.61833 ], [ -63.885, -9.61745 ], [ -63.8856, -9.61651 ], [ -63.88604, -9.61546 ], [ -63.88628, -9.61438 ], [ -63.88626, -9.61325 ], [ -63.88595, -9.61141 ], [ -63.88557, -9.61006 ], [ -63.88502, -9.60854 ], [ -63.88431, -9.60738 ], [ -63.88353, -9.60648 ], [ -63.88238, -9.60553 ], [ -63.8806, -9.60438 ], [ -63.87867, -9.60326 ], [ -63.87759, -9.60239 ], [ -63.87685, -9.60128 ], [ -63.8763, -9.59983 ], [ -63.87602, -9.59827 ], [ -63.876, -9.5967 ], [ -63.87618, -9.5937 ], [ -63.87647, -9.59356 ], [ -63.87737, -9.59286 ], [ -63.87822, -9.59212 ], [ -63.87972, -9.59052 ], [ -63.88041, -9.58932 ], [ -63.88086, -9.58794 ], [ -63.88089, -9.58698 ], [ -63.88069, -9.58499 ], [ -63.88083, -9.58404 ], [ -63.88163, -9.58167 ], [ -63.88184, -9.58071 ], [ -63.88194, -9.57967 ], [ -63.88196, -9.5786 ], [ -63.88193, -9.57757 ], [ -63.88172, -9.57577 ], [ -63.88193, -9.57334 ], [ -63.88199, -9.57192 ], [ -63.88202, -9.57037 ], [ -63.88269, -9.57037 ], [ -63.88362, -9.5703 ], [ -63.88464, -9.57011 ], [ -63.88676, -9.56929 ], [ -63.88832, -9.56836 ], [ -63.88915, -9.56752 ], [ -63.89025, -9.56611 ], [ -63.89111, -9.56561 ], [ -63.89238, -9.5654 ], [ -63.89577, -9.56529 ], [ -63.89747, -9.56501 ], [ -63.89872, -9.56418 ], [ -63.90035, -9.56287 ], [ -63.90009, -9.5622 ], [ -63.90003, -9.56119 ], [ -63.90016, -9.56016 ], [ -63.90048, -9.55906 ], [ -63.90119, -9.55741 ], [ -63.90165, -9.55623 ], [ -63.90198, -9.55505 ], [ -63.9021, -9.55389 ], [ -63.90198, -9.55224 ], [ -63.90163, -9.5501 ], [ -63.90146, -9.54847 ], [ -63.90161, -9.54685 ], [ -63.90204, -9.54524 ], [ -63.90245, -9.54426 ], [ -63.90289, -9.54334 ], [ -63.9033, -9.54238 ], [ -63.90362, -9.5414 ], [ -63.90474, -9.5376 ], [ -63.90512, -9.53656 ], [ -63.90671, -9.53314 ], [ -63.90805, -9.53056 ], [ -63.90942, -9.5278 ], [ -63.90988, -9.52698 ], [ -63.91037, -9.52621 ], [ -63.9111, -9.52528 ], [ -63.91188, -9.52444 ], [ -63.91392, -9.52242 ], [ -63.91467, -9.52155 ], [ -63.91538, -9.52048 ], [ -63.91596, -9.51937 ], [ -63.91637, -9.51814 ], [ -63.91655, -9.51687 ], [ -63.91653, -9.515 ], [ -63.91639, -9.51341 ], [ -63.91618, -9.51203 ], [ -63.91714, -9.51242 ], [ -63.9184, -9.51265 ], [ -63.91989, -9.51276 ], [ -63.92131, -9.51268 ], [ -63.92236, -9.51239 ], [ -63.92315, -9.51192 ], [ -63.92481, -9.51062 ], [ -63.92628, -9.50976 ], [ -63.92822, -9.50911 ], [ -63.92986, -9.50843 ], [ -63.93099, -9.50834 ], [ -63.93267, -9.50849 ], [ -63.9338, -9.50844 ], [ -63.93485, -9.50822 ], [ -63.93594, -9.50766 ], [ -63.93675, -9.50715 ], [ -63.93848, -9.50634 ], [ -63.94118, -9.50537 ], [ -63.94107, -9.5049 ], [ -63.9397, -9.50215 ], [ -63.93927, -9.50101 ], [ -63.9396, -9.49981 ], [ -63.94068, -9.4989 ], [ -63.94124, -9.49805 ], [ -63.94145, -9.49698 ], [ -63.94129, -9.49586 ], [ -63.94075, -9.49491 ], [ -63.93966, -9.49362 ], [ -63.93905, -9.4926 ], [ -63.93815, -9.49035 ], [ -63.93783, -9.48932 ], [ -63.9378, -9.48825 ], [ -63.93792, -9.48706 ], [ -63.93822, -9.48523 ], [ -63.93832, -9.48394 ], [ -63.93833, -9.48274 ], [ -63.93849, -9.48155 ], [ -63.93899, -9.48023 ], [ -63.93996, -9.47802 ], [ -63.94118, -9.47537 ], [ -63.94208, -9.47515 ], [ -63.94287, -9.47471 ], [ -63.9438, -9.47409 ], [ -63.94618, -9.47236 ], [ -63.94704, -9.47182 ], [ -63.94817, -9.47129 ], [ -63.94935, -9.47091 ], [ -63.9529, -9.46995 ], [ -63.95386, -9.46973 ], [ -63.95532, -9.46947 ], [ -63.95673, -9.469 ], [ -63.95764, -9.46849 ], [ -63.95851, -9.46791 ], [ -63.95933, -9.46729 ], [ -63.96009, -9.46666 ], [ -63.96106, -9.46562 ], [ -63.96175, -9.4642 ], [ -63.96157, -9.46308 ], [ -63.96081, -9.46205 ], [ -63.95965, -9.46116 ], [ -63.95873, -9.46063 ], [ -63.95773, -9.46019 ], [ -63.95521, -9.45919 ], [ -63.95436, -9.45867 ], [ -63.95364, -9.45795 ], [ -63.95307, -9.45705 ], [ -63.95266, -9.45603 ], [ -63.95194, -9.45361 ], [ -63.95162, -9.45264 ], [ -63.95079, -9.45048 ], [ -63.9503, -9.44879 ], [ -63.95012, -9.44761 ], [ -63.95008, -9.44645 ], [ -63.95029, -9.4449 ], [ -63.95057, -9.44401 ], [ -63.95124, -9.44303 ], [ -63.95232, -9.44248 ], [ -63.95362, -9.44236 ], [ -63.95454, -9.44245 ], [ -63.95548, -9.44258 ], [ -63.95642, -9.44277 ], [ -63.95992, -9.4437 ], [ -63.96097, -9.44402 ], [ -63.96255, -9.44438 ], [ -63.9636, -9.44449 ], [ -63.96464, -9.44446 ], [ -63.96558, -9.44428 ], [ -63.96668, -9.44369 ], [ -63.96739, -9.4427 ], [ -63.96827, -9.44104 ], [ -63.96884, -9.44019 ], [ -63.96946, -9.43935 ], [ -63.97052, -9.43801 ], [ -63.97246, -9.43595 ], [ -63.97361, -9.43464 ], [ -63.97467, -9.43318 ], [ -63.97578, -9.43145 ], [ -63.97637, -9.43061 ], [ -63.97714, -9.4297 ], [ -63.97797, -9.4289 ], [ -63.98021, -9.42697 ], [ -63.98106, -9.42617 ], [ -63.98185, -9.42529 ], [ -63.98245, -9.42447 ], [ -63.98393, -9.42228 ], [ -63.98564, -9.42002 ], [ -63.98751, -9.41743 ], [ -63.98965, -9.41456 ], [ -63.9903, -9.41355 ], [ -63.99118, -9.41203 ], [ -63.99135, -9.41209 ], [ -63.99303, -9.41293 ], [ -63.99502, -9.41401 ], [ -63.99652, -9.41505 ], [ -63.99816, -9.41591 ], [ -63.99927, -9.41644 ], [ -64.00055, -9.41713 ], [ -64.00183, -9.41807 ], [ -64.00283, -9.41914 ], [ -64.00341, -9.4202 ], [ -64.00351, -9.42133 ], [ -64.00337, -9.42259 ], [ -64.00372, -9.42357 ], [ -64.00441, -9.42424 ], [ -64.00535, -9.42453 ], [ -64.0064, -9.42456 ], [ -64.00857, -9.42491 ], [ -64.01302, -9.42608 ], [ -64.01416, -9.42612 ], [ -64.01524, -9.42594 ], [ -64.01637, -9.42517 ], [ -64.01693, -9.42419 ], [ -64.01755, -9.42253 ], [ -64.01844, -9.42092 ], [ -64.01936, -9.41877 ], [ -64.01955, -9.4179 ], [ -64.01976, -9.41642 ], [ -64.01945, -9.41546 ], [ -64.01798, -9.41395 ], [ -64.01739, -9.41324 ], [ -64.01702, -9.41203 ], [ -64.01793, -9.41139 ], [ -64.01892, -9.41091 ], [ -64.02026, -9.41065 ], [ -64.02134, -9.41059 ], [ -64.02249, -9.41059 ], [ -64.02364, -9.41067 ], [ -64.0247, -9.41083 ], [ -64.0256, -9.41107 ], [ -64.02791, -9.41199 ], [ -64.02894, -9.41255 ], [ -64.0302, -9.41298 ], [ -64.03176, -9.41304 ], [ -64.03298, -9.41285 ], [ -64.0342, -9.41256 ], [ -64.03605, -9.412 ], [ -64.03936, -9.41085 ], [ -64.04287, -9.40992 ], [ -64.04417, -9.40925 ], [ -64.04508, -9.40849 ], [ -64.04588, -9.40761 ], [ -64.04701, -9.40622 ], [ -64.04829, -9.40497 ], [ -64.04931, -9.4043 ], [ -64.05015, -9.40389 ], [ -64.05379, -9.40249 ], [ -64.05599, -9.40172 ], [ -64.05785, -9.4012 ], [ -64.05839, -9.401 ], [ -64.05919, -9.40025 ], [ -64.05958, -9.39918 ], [ -64.06043, -9.39873 ], [ -64.06279, -9.39823 ], [ -64.0629, -9.397 ], [ -64.06285, -9.39537 ], [ -64.06438, -9.39542 ], [ -64.06561, -9.39534 ], [ -64.06925, -9.39495 ], [ -64.07342, -9.39456 ], [ -64.07702, -9.39419 ], [ -64.07914, -9.39384 ], [ -64.08062, -9.3934 ], [ -64.08153, -9.39295 ], [ -64.08269, -9.3921 ], [ -64.08395, -9.39078 ], [ -64.08555, -9.38955 ], [ -64.08647, -9.38912 ], [ -64.08745, -9.38903 ], [ -64.08841, -9.38919 ], [ -64.08955, -9.39016 ], [ -64.0908, -9.39301 ], [ -64.09148, -9.39406 ], [ -64.09307, -9.39587 ], [ -64.09407, -9.39706 ], [ -64.09527, -9.3982 ], [ -64.09646, -9.39909 ], [ -64.10072, -9.40205 ], [ -64.10155, -9.40268 ], [ -64.10237, -9.40339 ], [ -64.1039, -9.4048 ], [ -64.10582, -9.40635 ], [ -64.10676, -9.40698 ], [ -64.10702, -9.40703 ], [ -64.10744, -9.4062 ], [ -64.108, -9.40544 ], [ -64.10877, -9.4048 ], [ -64.10986, -9.40418 ], [ -64.11079, -9.40399 ], [ -64.11251, -9.40408 ], [ -64.11383, -9.40394 ], [ -64.11621, -9.40391 ], [ -64.11695, -9.40336 ], [ -64.11725, -9.40251 ], [ -64.11695, -9.40126 ], [ -64.11729, -9.40006 ], [ -64.11879, -9.39889 ], [ -64.1201, -9.39818 ], [ -64.12268, -9.3974 ], [ -64.12368, -9.39703 ], [ -64.12425, -9.39625 ], [ -64.12468, -9.39523 ], [ -64.12515, -9.39356 ], [ -64.12535, -9.39239 ], [ -64.12555, -9.39049 ], [ -64.12578, -9.38756 ], [ -64.12579, -9.38651 ], [ -64.12574, -9.3855 ], [ -64.12545, -9.38156 ], [ -64.12527, -9.3795 ], [ -64.12506, -9.37838 ], [ -64.12399, -9.37558 ], [ -64.12331, -9.37352 ], [ -64.12299, -9.37241 ], [ -64.1228, -9.37123 ], [ -64.12259, -9.36858 ], [ -64.12246, -9.36754 ], [ -64.12215, -9.36525 ], [ -64.1219, -9.36412 ], [ -64.12154, -9.36305 ], [ -64.12001, -9.35926 ], [ -64.11965, -9.35815 ], [ -64.11947, -9.35726 ], [ -64.11939, -9.35633 ], [ -64.11932, -9.35458 ], [ -64.11915, -9.35214 ], [ -64.11901, -9.35097 ], [ -64.11872, -9.34959 ], [ -64.11819, -9.34818 ], [ -64.11758, -9.34727 ], [ -64.11715, -9.34648 ], [ -64.11787, -9.34529 ], [ -64.11908, -9.34374 ], [ -64.12007, -9.34262 ], [ -64.12148, -9.34126 ], [ -64.12405, -9.33904 ], [ -64.12588, -9.3375 ], [ -64.1267, -9.33671 ], [ -64.12744, -9.3359 ], [ -64.1281, -9.33502 ], [ -64.12866, -9.3342 ], [ -64.1291, -9.33331 ], [ -64.12944, -9.33188 ], [ -64.12964, -9.33036 ], [ -64.13023, -9.32658 ], [ -64.13032, -9.32553 ], [ -64.13029, -9.3242 ], [ -64.13017, -9.32287 ], [ -64.12981, -9.32129 ], [ -64.12932, -9.31968 ], [ -64.12879, -9.31727 ], [ -64.12859, -9.31566 ], [ -64.12856, -9.31463 ], [ -64.12862, -9.31363 ], [ -64.12914, -9.31042 ], [ -64.12971, -9.30774 ], [ -64.13001, -9.30561 ], [ -64.13061, -9.30208 ], [ -64.13071, -9.30099 ], [ -64.13065, -9.30008 ], [ -64.1302, -9.29911 ], [ -64.12952, -9.2987 ], [ -64.13047, -9.29766 ], [ -64.13156, -9.29621 ], [ -64.1323, -9.29503 ], [ -64.13295, -9.29373 ], [ -64.1334, -9.29237 ], [ -64.13418, -9.28907 ], [ -64.13467, -9.28758 ], [ -64.13504, -9.28669 ], [ -64.13549, -9.28592 ], [ -64.13899, -9.28254 ], [ -64.14007, -9.28134 ], [ -64.14169, -9.2791 ], [ -64.14234, -9.27809 ], [ -64.14308, -9.2766 ], [ -64.14366, -9.27532 ], [ -64.14411, -9.27425 ], [ -64.14445, -9.27315 ], [ -64.14459, -9.27218 ], [ -64.14458, -9.27119 ], [ -64.14442, -9.27024 ], [ -64.14404, -9.2692 ], [ -64.14322, -9.26782 ], [ -64.14244, -9.26677 ], [ -64.14175, -9.26543 ], [ -64.14155, -9.26361 ], [ -64.1416, -9.2617 ], [ -64.14158, -9.26036 ], [ -64.14119, -9.25751 ], [ -64.14104, -9.25625 ], [ -64.14118, -9.25537 ], [ -64.14082, -9.25455 ], [ -64.14036, -9.25316 ], [ -64.13997, -9.25177 ], [ -64.13971, -9.25015 ], [ -64.13936, -9.24592 ], [ -64.13922, -9.24496 ], [ -64.13902, -9.24405 ], [ -64.1384, -9.24229 ], [ -64.13776, -9.241 ], [ -64.13699, -9.23993 ], [ -64.13625, -9.23933 ], [ -64.13498, -9.23888 ], [ -64.13359, -9.2387 ], [ -64.13149, -9.23815 ], [ -64.13008, -9.23741 ], [ -64.12927, -9.23637 ], [ -64.12848, -9.23481 ], [ -64.12789, -9.23404 ], [ -64.12687, -9.23327 ], [ -64.12498, -9.23244 ], [ -64.12274, -9.2317 ], [ -64.12209, -9.23095 ], [ -64.12184, -9.22963 ], [ -64.12173, -9.22761 ], [ -64.12161, -9.22667 ], [ -64.12143, -9.22578 ], [ -64.12096, -9.22457 ], [ -64.12035, -9.2237 ], [ -64.12057, -9.22331 ], [ -64.12133, -9.22258 ], [ -64.12197, -9.22188 ], [ -64.12286, -9.22035 ], [ -64.12323, -9.21923 ], [ -64.12344, -9.21801 ], [ -64.12346, -9.21677 ], [ -64.12308, -9.21499 ], [ -64.12255, -9.21392 ], [ -64.12187, -9.213 ], [ -64.12111, -9.21212 ], [ -64.11907, -9.21004 ], [ -64.11747, -9.20829 ], [ -64.11441, -9.20456 ], [ -64.11248, -9.20239 ], [ -64.1118, -9.20145 ], [ -64.11127, -9.20033 ], [ -64.11088, -9.19909 ], [ -64.11059, -9.19778 ], [ -64.11037, -9.19644 ], [ -64.10986, -9.19268 ], [ -64.10932, -9.19049 ], [ -64.1091, -9.18932 ], [ -64.10831, -9.18288 ], [ -64.10827, -9.18124 ], [ -64.10843, -9.1802 ], [ -64.10877, -9.17922 ], [ -64.1093, -9.17805 ], [ -64.11023, -9.17622 ], [ -64.11069, -9.17518 ], [ -64.11134, -9.17345 ], [ -64.11177, -9.1721 ], [ -64.11242, -9.16989 ], [ -64.11285, -9.1687 ], [ -64.11272, -9.16864 ], [ -64.11204, -9.1679 ], [ -64.11095, -9.16692 ], [ -64.10987, -9.16582 ], [ -64.10872, -9.16491 ], [ -64.10797, -9.16412 ], [ -64.10746, -9.16305 ], [ -64.10715, -9.16161 ], [ -64.10644, -9.16027 ], [ -64.10625, -9.15932 ], [ -64.10619, -9.15828 ], [ -64.1063, -9.15674 ], [ -64.10658, -9.15585 ], [ -64.1073, -9.15489 ], [ -64.10847, -9.15397 ], [ -64.10919, -9.15322 ], [ -64.10999, -9.15182 ], [ -64.11028, -9.15078 ], [ -64.11035, -9.14953 ], [ -64.11064, -9.14946 ], [ -64.11123, -9.14872 ], [ -64.11178, -9.14738 ], [ -64.11206, -9.14567 ], [ -64.11206, -9.14441 ], [ -64.1119, -9.14318 ], [ -64.11154, -9.14201 ], [ -64.11103, -9.14093 ], [ -64.10993, -9.13912 ], [ -64.10945, -9.13796 ], [ -64.1092, -9.13675 ], [ -64.10926, -9.13531 ], [ -64.10959, -9.13423 ], [ -64.11037, -9.13302 ], [ -64.11102, -9.1323 ], [ -64.11155, -9.13147 ], [ -64.11183, -9.13049 ], [ -64.11171, -9.12899 ], [ -64.11142, -9.12759 ], [ -64.11132, -9.12668 ], [ -64.11128, -9.12572 ], [ -64.11137, -9.12416 ], [ -64.11163, -9.12213 ], [ -64.11181, -9.12113 ], [ -64.11218, -9.11948 ], [ -64.11245, -9.11787 ], [ -64.11252, -9.11685 ], [ -64.11257, -9.11408 ], [ -64.11282, -9.11283 ], [ -64.11361, -9.11044 ], [ -64.11395, -9.10865 ], [ -64.11373, -9.10694 ], [ -64.11334, -9.10601 ], [ -64.11283, -9.10514 ], [ -64.11221, -9.10432 ], [ -64.11122, -9.10319 ], [ -64.1092, -9.10067 ], [ -64.10866, -9.09964 ], [ -64.10846, -9.09844 ], [ -64.10846, -9.0971 ], [ -64.10842, -9.09608 ], [ -64.10824, -9.09392 ], [ -64.10821, -9.09302 ], [ -64.10822, -9.09211 ], [ -64.10833, -9.09025 ], [ -64.10842, -9.08898 ], [ -64.1088, -9.0863 ], [ -64.10932, -9.08499 ], [ -64.10991, -9.08405 ], [ -64.11083, -9.08301 ], [ -64.11188, -9.08205 ], [ -64.11361, -9.08053 ], [ -64.115, -9.07938 ], [ -64.11611, -9.0786 ], [ -64.11914, -9.07678 ], [ -64.12024, -9.07599 ], [ -64.12159, -9.07465 ], [ -64.12225, -9.07379 ], [ -64.12269, -9.07302 ], [ -64.12285, -9.07203 ], [ -64.12283, -9.07089 ], [ -64.12238, -9.0701 ], [ -64.12168, -9.06922 ], [ -64.12079, -9.06829 ], [ -64.11818, -9.06605 ], [ -64.11685, -9.06462 ], [ -64.11627, -9.06365 ], [ -64.11599, -9.06268 ], [ -64.11586, -9.06159 ], [ -64.11582, -9.06044 ], [ -64.11582, -9.0587 ], [ -64.11578, -9.05752 ], [ -64.11564, -9.05612 ], [ -64.1151, -9.05429 ], [ -64.11467, -9.05334 ], [ -64.11379, -9.05156 ], [ -64.11346, -9.05073 ], [ -64.11327, -9.04941 ], [ -64.11342, -9.04852 ], [ -64.11392, -9.04714 ], [ -64.11576, -9.04304 ], [ -64.11636, -9.04147 ], [ -64.11666, -9.04045 ], [ -64.11688, -9.0395 ], [ -64.11697, -9.03837 ], [ -64.11661, -9.03753 ], [ -64.11562, -9.03721 ], [ -64.1147, -9.03764 ], [ -64.11369, -9.03877 ], [ -64.11305, -9.03984 ], [ -64.11211, -9.04169 ], [ -64.11155, -9.04257 ], [ -64.11086, -9.04342 ], [ -64.11002, -9.04415 ], [ -64.10924, -9.04465 ], [ -64.10837, -9.04507 ], [ -64.10747, -9.04545 ], [ -64.10633, -9.04585 ], [ -64.10454, -9.04623 ], [ -64.10331, -9.0463 ], [ -64.10174, -9.04623 ], [ -64.1008, -9.04615 ], [ -64.09911, -9.04593 ], [ -64.09808, -9.04579 ], [ -64.09649, -9.04551 ], [ -64.09486, -9.0449 ], [ -64.09404, -9.04431 ], [ -64.09324, -9.04357 ], [ -64.0922, -9.04246 ], [ -64.09074, -9.04061 ], [ -64.0901, -9.03969 ], [ -64.08952, -9.03879 ], [ -64.08897, -9.03777 ], [ -64.08785, -9.03537 ], [ -64.08761, -9.03537 ], [ -64.08657, -9.03505 ], [ -64.08516, -9.03387 ], [ -64.08426, -9.0331 ], [ -64.08334, -9.03269 ], [ -64.08187, -9.03211 ], [ -64.08063, -9.03227 ], [ -64.07937, -9.03276 ], [ -64.07829, -9.0327 ], [ -64.07723, -9.03224 ], [ -64.07618, -9.03203 ], [ -64.07591, -9.03178 ], [ -64.07535, -9.03076 ], [ -64.07476, -9.02999 ], [ -64.0738, -9.02904 ], [ -64.07321, -9.02836 ], [ -64.07254, -9.02733 ], [ -64.07068, -9.02505 ], [ -64.07, -9.02404 ], [ -64.06916, -9.02321 ], [ -64.06818, -9.02255 ], [ -64.06727, -9.02179 ], [ -64.06564, -9.02009 ], [ -64.06488, -9.01905 ], [ -64.06357, -9.01751 ], [ -64.06285, -9.0162 ], [ -64.06252, -9.0163 ], [ -64.06174, -9.01676 ], [ -64.06067, -9.01752 ], [ -64.05953, -9.01849 ], [ -64.05744, -9.02045 ], [ -64.05656, -9.0209 ], [ -64.05539, -9.02064 ], [ -64.05464, -9.02005 ], [ -64.05396, -9.01925 ], [ -64.05297, -9.0178 ], [ -64.05229, -9.0169 ], [ -64.05166, -9.01593 ], [ -64.05115, -9.01488 ], [ -64.05077, -9.01329 ], [ -64.0506, -9.01128 ], [ -64.05041, -9.01007 ], [ -64.05011, -9.00894 ], [ -64.04935, -9.00624 ], [ -64.04913, -9.0045 ], [ -64.04881, -9.00249 ], [ -64.04839, -8.99857 ], [ -64.04842, -8.99707 ], [ -64.04867, -8.99524 ], [ -64.04903, -8.99312 ], [ -64.04925, -8.99214 ], [ -64.04973, -8.99054 ], [ -64.05035, -8.98953 ], [ -64.05011, -8.98832 ], [ -64.04989, -8.98673 ], [ -64.04961, -8.9854 ], [ -64.04929, -8.98367 ], [ -64.04895, -8.98203 ], [ -64.04888, -8.98045 ], [ -64.04897, -8.97912 ], [ -64.04894, -8.97783 ], [ -64.04901, -8.97686 ], [ -64.04923, -8.97597 ], [ -64.0497, -8.97483 ], [ -64.04988, -8.97338 ], [ -64.05013, -8.97193 ], [ -64.05012, -8.97025 ], [ -64.0498, -8.96889 ], [ -64.04917, -8.96749 ], [ -64.04829, -8.96538 ], [ -64.04712, -8.96306 ], [ -64.04618, -8.96203 ], [ -64.04534, -8.96174 ], [ -64.04099, -8.96041 ], [ -64.03868, -8.95964 ], [ -64.03715, -8.95916 ], [ -64.03502, -8.95865 ], [ -64.03378, -8.95851 ], [ -64.03118, -8.95852 ], [ -64.02997, -8.95836 ], [ -64.02885, -8.95791 ], [ -64.02805, -8.95734 ], [ -64.02718, -8.95644 ], [ -64.02592, -8.95454 ], [ -64.02543, -8.95303 ], [ -64.02472, -8.94958 ], [ -64.02432, -8.94799 ], [ -64.02374, -8.94644 ], [ -64.02319, -8.94551 ], [ -64.02193, -8.94378 ], [ -64.02108, -8.94243 ], [ -64.02068, -8.94134 ], [ -64.02044, -8.94017 ], [ -64.02027, -8.9383 ], [ -64.02015, -8.93562 ], [ -64.02007, -8.93248 ], [ -64.01995, -8.93084 ], [ -64.01992, -8.92921 ], [ -64.02006, -8.92812 ], [ -64.0207, -8.92636 ], [ -64.02217, -8.92366 ], [ -64.02258, -8.92276 ], [ -64.02354, -8.92039 ], [ -64.02393, -8.91936 ], [ -64.02424, -8.91833 ], [ -64.02446, -8.9169 ], [ -64.02435, -8.91595 ], [ -64.02401, -8.91507 ], [ -64.0232, -8.91382 ], [ -64.02253, -8.91299 ], [ -64.02142, -8.91174 ], [ -64.01893, -8.90936 ], [ -64.01767, -8.90825 ], [ -64.01619, -8.90664 ], [ -64.01573, -8.90585 ], [ -64.01539, -8.905 ], [ -64.01505, -8.90364 ], [ -64.01501, -8.90212 ], [ -64.01523, -8.90076 ], [ -64.01535, -8.89982 ], [ -64.01528, -8.89833 ], [ -64.01506, -8.8973 ], [ -64.01456, -8.89577 ], [ -64.01312, -8.89228 ], [ -64.01283, -8.89123 ], [ -64.01265, -8.89019 ], [ -64.01254, -8.88875 ], [ -64.01258, -8.8877 ], [ -64.01291, -8.88627 ], [ -64.01448, -8.88102 ], [ -64.0147, -8.88013 ], [ -64.01452, -8.8787 ], [ -64.01441, -8.8784 ], [ -64.01407, -8.87673 ], [ -64.01367, -8.87555 ], [ -64.01302, -8.87432 ], [ -64.01216, -8.87324 ], [ -64.01141, -8.87259 ], [ -64.01062, -8.87208 ], [ -64.00957, -8.87165 ], [ -64.00863, -8.87157 ], [ -64.00743, -8.87199 ], [ -64.0068, -8.87266 ], [ -64.00624, -8.87375 ], [ -64.00562, -8.87582 ], [ -64.00481, -8.87733 ], [ -64.00409, -8.87793 ], [ -64.00306, -8.87837 ], [ -64.00179, -8.87848 ], [ -63.99984, -8.87824 ], [ -63.99833, -8.87826 ], [ -63.99735, -8.87842 ], [ -63.99515, -8.87879 ], [ -63.99405, -8.87852 ], [ -63.99326, -8.87765 ], [ -63.9922, -8.87619 ], [ -63.99118, -8.87596 ], [ -63.98951, -8.87623 ], [ -63.98857, -8.8765 ], [ -63.98752, -8.87693 ], [ -63.98619, -8.87767 ], [ -63.98485, -8.87854 ], [ -63.98298, -8.87989 ], [ -63.98192, -8.88073 ], [ -63.98035, -8.88204 ], [ -63.98028, -8.88087 ], [ -63.97986, -8.88005 ], [ -63.9792, -8.87911 ], [ -63.97841, -8.8783 ], [ -63.97734, -8.87743 ], [ -63.97582, -8.87654 ], [ -63.97486, -8.87614 ], [ -63.97313, -8.87571 ], [ -63.97214, -8.87566 ], [ -63.9689, -8.87626 ], [ -63.96769, -8.87635 ], [ -63.96637, -8.87578 ], [ -63.96478, -8.87439 ], [ -63.9639, -8.87372 ], [ -63.9631, -8.87325 ], [ -63.96224, -8.87281 ], [ -63.96078, -8.87214 ], [ -63.95969, -8.87167 ], [ -63.9583, -8.87113 ], [ -63.95694, -8.87069 ], [ -63.95592, -8.87043 ], [ -63.95493, -8.87028 ], [ -63.95356, -8.87042 ], [ -63.95273, -8.87081 ], [ -63.95199, -8.8714 ], [ -63.95133, -8.87218 ], [ -63.95051, -8.87354 ], [ -63.94987, -8.87507 ], [ -63.94955, -8.87614 ], [ -63.94894, -8.87869 ], [ -63.94863, -8.87966 ], [ -63.94823, -8.88053 ], [ -63.94729, -8.88168 ], [ -63.94648, -8.88215 ], [ -63.94514, -8.88248 ], [ -63.9442, -8.88257 ], [ -63.94318, -8.88258 ], [ -63.94204, -8.88252 ], [ -63.93987, -8.88232 ], [ -63.93836, -8.88226 ], [ -63.93607, -8.8824 ], [ -63.93254, -8.88274 ], [ -63.93035, -8.88287 ], [ -63.92944, -8.88263 ], [ -63.92847, -8.88183 ], [ -63.92785, -8.88102 ], [ -63.92734, -8.88004 ], [ -63.92704, -8.87892 ], [ -63.92693, -8.87768 ], [ -63.92693, -8.87633 ], [ -63.92703, -8.87163 ], [ -63.92672, -8.87022 ], [ -63.92606, -8.86861 ], [ -63.92545, -8.86766 ], [ -63.92473, -8.86678 ], [ -63.9235, -8.86557 ], [ -63.92218, -8.86442 ], [ -63.92075, -8.86331 ], [ -63.91882, -8.86196 ], [ -63.91602, -8.85973 ], [ -63.91512, -8.85897 ], [ -63.91339, -8.85743 ], [ -63.91128, -8.85552 ], [ -63.91039, -8.85488 ], [ -63.90947, -8.85436 ], [ -63.90802, -8.85364 ], [ -63.90653, -8.85282 ], [ -63.90461, -8.85156 ], [ -63.90372, -8.85079 ], [ -63.90205, -8.84922 ], [ -63.90119, -8.84846 ], [ -63.89988, -8.8475 ], [ -63.899, -8.84698 ], [ -63.89813, -8.84655 ], [ -63.89687, -8.84619 ], [ -63.89571, -8.84635 ], [ -63.8945, -8.84728 ], [ -63.89397, -8.84843 ], [ -63.89364, -8.84969 ], [ -63.89334, -8.85059 ], [ -63.8929, -8.85144 ], [ -63.89231, -8.85216 ], [ -63.89157, -8.85282 ], [ -63.89025, -8.85351 ], [ -63.88818, -8.85429 ], [ -63.88713, -8.85474 ], [ -63.88454, -8.85614 ], [ -63.88254, -8.85743 ], [ -63.88076, -8.85844 ], [ -63.8784, -8.85957 ], [ -63.87632, -8.86034 ], [ -63.87419, -8.86116 ], [ -63.87155, -8.86231 ], [ -63.86993, -8.86292 ], [ -63.86801, -8.86321 ], [ -63.86695, -8.86318 ], [ -63.86511, -8.86284 ], [ -63.86365, -8.86238 ], [ -63.85928, -8.86066 ], [ -63.85785, -8.86037 ], [ -63.85672, -8.8596 ], [ -63.8552, -8.85868 ], [ -63.85397, -8.85803 ], [ -63.85259, -8.85745 ], [ -63.84862, -8.85626 ], [ -63.84771, -8.85595 ], [ -63.84659, -8.85549 ], [ -63.84445, -8.85451 ], [ -63.84339, -8.85409 ], [ -63.84207, -8.85381 ], [ -63.84051, -8.85383 ], [ -63.83893, -8.85413 ], [ -63.83796, -8.85443 ], [ -63.83705, -8.85482 ], [ -63.83604, -8.85543 ], [ -63.83464, -8.85654 ], [ -63.8337, -8.85722 ], [ -63.83224, -8.85805 ], [ -63.83128, -8.85853 ], [ -63.83037, -8.8589 ], [ -63.82936, -8.85909 ], [ -63.82835, -8.85886 ], [ -63.82755, -8.85802 ], [ -63.82659, -8.85637 ], [ -63.82601, -8.85548 ], [ -63.82474, -8.85379 ], [ -63.82332, -8.85207 ], [ -63.82298, -8.85116 ], [ -63.82311, -8.85014 ], [ -63.82384, -8.84836 ], [ -63.82505, -8.84607 ], [ -63.82557, -8.84514 ], [ -63.82621, -8.8441 ], [ -63.82702, -8.84287 ], [ -63.82839, -8.84243 ], [ -63.83234, -8.84204 ], [ -63.83368, -8.84186 ], [ -63.8377, -8.84113 ], [ -63.83975, -8.84069 ], [ -63.84064, -8.84039 ], [ -63.84145, -8.83998 ], [ -63.84286, -8.83854 ], [ -63.84342, -8.83748 ], [ -63.84465, -8.83459 ], [ -63.84594, -8.83171 ], [ -63.84651, -8.83059 ], [ -63.84772, -8.82854 ], [ -63.84839, -8.82716 ], [ -63.84895, -8.82571 ], [ -63.84932, -8.8245 ], [ -63.84964, -8.82328 ], [ -63.85001, -8.82149 ], [ -63.85015, -8.82 ], [ -63.85014, -8.81909 ], [ -63.84988, -8.81634 ], [ -63.84982, -8.81533 ], [ -63.84971, -8.81212 ], [ -63.84979, -8.81065 ], [ -63.84998, -8.80973 ], [ -63.85028, -8.80886 ], [ -63.8508, -8.80791 ], [ -63.85246, -8.80574 ], [ -63.85309, -8.80473 ], [ -63.85425, -8.80258 ], [ -63.85576, -8.80009 ], [ -63.85689, -8.79814 ], [ -63.85757, -8.79664 ], [ -63.85793, -8.79569 ], [ -63.85878, -8.79301 ], [ -63.85891, -8.79209 ], [ -63.85895, -8.79021 ], [ -63.85904, -8.78923 ], [ -63.85939, -8.78769 ], [ -63.85976, -8.78666 ], [ -63.86028, -8.78571 ], [ -63.86131, -8.78457 ], [ -63.86254, -8.78358 ], [ -63.86388, -8.78283 ], [ -63.86483, -8.78254 ], [ -63.86581, -8.78241 ], [ -63.86847, -8.78244 ], [ -63.86943, -8.78222 ], [ -63.86998, -8.78131 ], [ -63.86964, -8.7786 ], [ -63.86936, -8.77723 ], [ -63.86883, -8.77578 ], [ -63.86789, -8.77386 ], [ -63.86744, -8.77285 ], [ -63.86707, -8.77176 ], [ -63.86652, -8.76959 ], [ -63.86609, -8.76805 ], [ -63.8656, -8.76604 ], [ -63.86508, -8.76462 ], [ -63.86429, -8.76383 ], [ -63.86292, -8.76382 ], [ -63.86198, -8.76452 ], [ -63.8618, -8.76568 ], [ -63.86195, -8.76669 ], [ -63.86195, -8.76775 ], [ -63.86164, -8.76865 ], [ -63.86105, -8.76947 ], [ -63.86017, -8.77007 ], [ -63.8591, -8.77045 ], [ -63.85767, -8.77076 ], [ -63.85666, -8.77088 ], [ -63.85509, -8.77084 ], [ -63.85346, -8.77047 ], [ -63.85236, -8.77013 ], [ -63.85095, -8.76963 ], [ -63.8501, -8.76932 ], [ -63.84673, -8.76798 ], [ -63.84486, -8.76748 ], [ -63.84352, -8.76733 ], [ -63.84218, -8.7674 ], [ -63.84085, -8.7677 ], [ -63.83928, -8.76828 ], [ -63.83844, -8.76867 ], [ -63.83747, -8.76923 ], [ -63.83648, -8.76996 ], [ -63.83618, -8.77037 ], [ -63.83504, -8.77027 ], [ -63.83425, -8.76983 ], [ -63.83336, -8.76918 ], [ -63.83238, -8.76836 ], [ -63.83136, -8.76741 ], [ -63.82863, -8.76455 ], [ -63.82793, -8.76386 ], [ -63.82707, -8.76315 ], [ -63.8262, -8.76257 ], [ -63.82526, -8.76209 ], [ -63.82426, -8.76179 ], [ -63.82337, -8.76162 ], [ -63.82095, -8.76127 ], [ -63.81987, -8.76104 ], [ -63.81883, -8.76068 ], [ -63.81788, -8.76018 ], [ -63.81661, -8.75922 ], [ -63.81554, -8.75809 ], [ -63.81429, -8.75653 ], [ -63.81293, -8.75496 ], [ -63.81124, -8.75277 ], [ -63.8105, -8.75199 ], [ -63.80969, -8.7513 ], [ -63.80882, -8.75073 ], [ -63.80789, -8.7503 ], [ -63.80641, -8.74998 ], [ -63.80513, -8.74993 ], [ -63.80292, -8.75 ], [ -63.80199, -8.74993 ], [ -63.80108, -8.74977 ], [ -63.79976, -8.74928 ], [ -63.79889, -8.7488 ], [ -63.79734, -8.74781 ], [ -63.79534, -8.74643 ], [ -63.79398, -8.74564 ], [ -63.7918, -8.74447 ], [ -63.79084, -8.74379 ], [ -63.78979, -8.7426 ], [ -63.78912, -8.74142 ], [ -63.78862, -8.74062 ], [ -63.78802, -8.73994 ], [ -63.78722, -8.73936 ], [ -63.78628, -8.73885 ], [ -63.78417, -8.73785 ], [ -63.78319, -8.73746 ], [ -63.78119, -8.73672 ], [ -63.78026, -8.73632 ], [ -63.77906, -8.73565 ], [ -63.77782, -8.7345 ], [ -63.77729, -8.73338 ], [ -63.77737, -8.73219 ], [ -63.77799, -8.73103 ], [ -63.77997, -8.72858 ], [ -63.78075, -8.72777 ], [ -63.78196, -8.72661 ], [ -63.78272, -8.72578 ], [ -63.78341, -8.7249 ], [ -63.78402, -8.72394 ], [ -63.78449, -8.72298 ], [ -63.78481, -8.72192 ], [ -63.78501, -8.72073 ], [ -63.78513, -8.71945 ], [ -63.78519, -8.71813 ], [ -63.78519, -8.71489 ], [ -63.78523, -8.71317 ], [ -63.7852, -8.71036 ], [ -63.78527, -8.70894 ], [ -63.78545, -8.70752 ], [ -63.78599, -8.70496 ], [ -63.78629, -8.7038 ], [ -63.7869, -8.7023 ], [ -63.78785, -8.70037 ], [ -63.78728, -8.69948 ], [ -63.78665, -8.69873 ], [ -63.78554, -8.69862 ], [ -63.78486, -8.69788 ], [ -63.78452, -8.69787 ], [ -63.78582, -8.69639 ], [ -63.78676, -8.69511 ], [ -63.78728, -8.69421 ], [ -63.78787, -8.69299 ], [ -63.78823, -8.69177 ], [ -63.78831, -8.69063 ], [ -63.78819, -8.68961 ], [ -63.78779, -8.68744 ], [ -63.78746, -8.68658 ], [ -63.78692, -8.68579 ], [ -63.7862, -8.68504 ], [ -63.78448, -8.68369 ], [ -63.78362, -8.68293 ], [ -63.78281, -8.68212 ], [ -63.78087, -8.68 ], [ -63.78007, -8.67927 ], [ -63.77919, -8.67868 ], [ -63.77824, -8.67826 ], [ -63.77723, -8.67805 ], [ -63.7758, -8.67793 ], [ -63.77398, -8.67788 ], [ -63.7719, -8.67766 ], [ -63.77089, -8.67745 ], [ -63.76884, -8.67685 ], [ -63.76743, -8.67658 ], [ -63.7662, -8.67649 ], [ -63.7652, -8.6766 ], [ -63.76425, -8.67692 ], [ -63.7632, -8.67739 ], [ -63.76203, -8.67786 ], [ -63.76043, -8.67825 ], [ -63.75945, -8.67832 ], [ -63.75761, -8.67826 ], [ -63.75584, -8.67805 ], [ -63.75535, -8.67787 ], [ -63.75531, -8.67669 ], [ -63.75495, -8.67581 ], [ -63.7544, -8.67481 ], [ -63.75293, -8.6724 ], [ -63.7505, -8.66877 ], [ -63.74899, -8.66623 ], [ -63.7479, -8.66469 ], [ -63.74674, -8.66358 ], [ -63.74513, -8.66254 ], [ -63.74416, -8.66171 ], [ -63.74363, -8.66058 ], [ -63.74335, -8.65942 ], [ -63.74295, -8.65856 ], [ -63.74211, -8.65783 ], [ -63.74055, -8.65696 ], [ -63.73969, -8.6566 ], [ -63.73881, -8.65634 ], [ -63.73771, -8.65608 ], [ -63.7367, -8.65576 ], [ -63.73576, -8.6551 ], [ -63.73528, -8.65397 ], [ -63.7352, -8.65274 ], [ -63.73539, -8.65101 ], [ -63.73595, -8.64857 ], [ -63.73607, -8.64763 ], [ -63.73589, -8.6462 ], [ -63.73552, -8.64535 ], [ -63.73424, -8.64347 ], [ -63.73338, -8.64248 ], [ -63.73176, -8.64111 ], [ -63.73092, -8.64052 ], [ -63.72943, -8.63958 ], [ -63.72843, -8.63878 ], [ -63.72775, -8.63802 ], [ -63.7272, -8.63708 ], [ -63.72677, -8.63604 ], [ -63.72593, -8.63339 ], [ -63.72529, -8.63187 ], [ -63.72455, -8.63043 ], [ -63.72378, -8.62915 ], [ -63.72317, -8.62783 ], [ -63.72293, -8.62647 ], [ -63.72297, -8.62557 ], [ -63.72309, -8.62469 ], [ -63.72317, -8.62375 ], [ -63.72312, -8.62275 ], [ -63.7228, -8.62124 ], [ -63.72229, -8.61963 ], [ -63.72163, -8.61807 ], [ -63.72108, -8.61709 ], [ -63.72043, -8.61625 ], [ -63.71968, -8.61554 ], [ -63.71884, -8.61496 ], [ -63.71696, -8.61392 ], [ -63.71485, -8.61312 ], [ -63.71376, -8.61283 ], [ -63.71269, -8.61264 ], [ -63.71118, -8.61256 ], [ -63.71029, -8.61272 ], [ -63.70883, -8.61375 ], [ -63.7083, -8.6145 ], [ -63.7078, -8.61614 ], [ -63.70774, -8.61706 ], [ -63.70782, -8.61845 ], [ -63.70841, -8.62166 ], [ -63.7092, -8.62439 ], [ -63.70952, -8.62575 ], [ -63.70978, -8.62713 ], [ -63.70998, -8.62844 ], [ -63.71041, -8.63179 ], [ -63.71035, -8.63203 ], [ -63.70925, -8.63205 ], [ -63.70839, -8.63172 ], [ -63.7075, -8.63114 ], [ -63.70685, -8.63048 ], [ -63.70629, -8.62967 ], [ -63.70533, -8.62775 ], [ -63.70412, -8.62495 ], [ -63.70347, -8.62374 ], [ -63.70277, -8.62284 ], [ -63.70199, -8.62217 ], [ -63.70109, -8.62167 ], [ -63.7001, -8.62138 ], [ -63.69905, -8.62127 ], [ -63.69743, -8.62134 ], [ -63.69632, -8.62145 ], [ -63.69462, -8.62149 ], [ -63.69225, -8.62136 ], [ -63.69105, -8.62134 ], [ -63.68986, -8.62139 ], [ -63.6881, -8.62157 ], [ -63.68715, -8.62174 ], [ -63.68623, -8.62199 ], [ -63.68536, -8.62234 ], [ -63.68439, -8.62293 ], [ -63.68353, -8.6236 ], [ -63.68276, -8.6244 ], [ -63.6821, -8.62533 ], [ -63.68145, -8.62658 ], [ -63.68079, -8.62844 ], [ -63.68055, -8.6301 ], [ -63.6806, -8.63122 ], [ -63.68079, -8.63229 ], [ -63.68116, -8.63383 ], [ -63.68138, -8.63487 ], [ -63.68149, -8.63595 ], [ -63.68148, -8.63914 ], [ -63.68165, -8.6408 ], [ -63.68229, -8.64345 ], [ -63.6825, -8.64457 ], [ -63.68263, -8.64624 ], [ -63.68252, -8.64765 ], [ -63.68203, -8.65014 ], [ -63.68159, -8.65165 ], [ -63.68097, -8.65309 ], [ -63.68039, -8.65391 ], [ -63.6793, -8.65489 ], [ -63.67796, -8.65546 ], [ -63.67672, -8.65562 ], [ -63.67491, -8.65529 ], [ -63.67333, -8.65473 ], [ -63.67226, -8.65424 ], [ -63.66851, -8.65237 ], [ -63.66747, -8.65188 ], [ -63.66646, -8.65148 ], [ -63.66545, -8.65117 ], [ -63.664, -8.65104 ], [ -63.66267, -8.65134 ], [ -63.66152, -8.652 ], [ -63.66069, -8.65287 ], [ -63.66036, -8.65406 ], [ -63.66064, -8.65682 ], [ -63.6607, -8.65814 ], [ -63.66042, -8.66034 ], [ -63.65987, -8.66218 ], [ -63.65891, -8.66456 ], [ -63.65826, -8.66638 ], [ -63.65783, -8.66734 ], [ -63.65725, -8.66833 ], [ -63.65608, -8.66962 ], [ -63.65521, -8.67027 ], [ -63.65312, -8.6715 ], [ -63.65202, -8.67204 ], [ -63.65108, -8.67195 ], [ -63.6499, -8.67153 ], [ -63.64862, -8.6708 ], [ -63.64753, -8.6706 ], [ -63.6459, -8.67128 ], [ -63.64471, -8.67219 ], [ -63.64388, -8.67304 ], [ -63.64313, -8.67396 ], [ -63.64258, -8.67511 ], [ -63.64217, -8.67593 ], [ -63.64186, -8.6769 ], [ -63.64115, -8.6778 ], [ -63.63973, -8.67864 ], [ -63.63952, -8.6787 ], [ -63.63852, -8.67726 ], [ -63.63768, -8.67552 ], [ -63.63704, -8.6741 ], [ -63.63538, -8.67026 ], [ -63.63466, -8.66887 ], [ -63.63387, -8.66774 ], [ -63.63303, -8.66702 ], [ -63.63214, -8.6665 ], [ -63.6304, -8.66564 ], [ -63.62881, -8.6647 ], [ -63.6276, -8.66421 ], [ -63.62638, -8.6641 ], [ -63.62281, -8.66513 ], [ -63.62137, -8.66541 ], [ -63.6204, -8.66541 ], [ -63.61944, -8.66522 ], [ -63.61798, -8.66468 ], [ -63.61654, -8.66398 ], [ -63.61521, -8.66307 ], [ -63.6141, -8.66195 ], [ -63.61331, -8.66056 ], [ -63.61287, -8.65905 ], [ -63.61246, -8.65435 ], [ -63.61248, -8.65278 ], [ -63.61265, -8.65181 ], [ -63.6132, -8.65046 ], [ -63.61371, -8.64962 ], [ -63.61428, -8.64881 ], [ -63.61513, -8.6477 ], [ -63.6157, -8.64617 ], [ -63.61543, -8.64531 ], [ -63.6144, -8.64401 ], [ -63.6134, -8.64327 ], [ -63.61222, -8.64267 ], [ -63.61097, -8.64225 ], [ -63.60913, -8.64196 ], [ -63.6078, -8.64194 ], [ -63.60702, -8.64204 ], [ -63.60586, -8.64127 ], [ -63.60416, -8.64087 ], [ -63.6032, -8.64071 ], [ -63.60148, -8.64054 ], [ -63.59906, -8.6408 ], [ -63.59572, -8.64077 ], [ -63.59475, -8.64057 ], [ -63.594, -8.64006 ], [ -63.59358, -8.63881 ], [ -63.59381, -8.63785 ], [ -63.59471, -8.63658 ], [ -63.59535, -8.63558 ], [ -63.59631, -8.63333 ], [ -63.5969, -8.63202 ], [ -63.59749, -8.63093 ], [ -63.59893, -8.62872 ], [ -63.59913, -8.62753 ], [ -63.5988, -8.62671 ], [ -63.59769, -8.6252 ], [ -63.596, -8.62364 ], [ -63.59482, -8.62272 ], [ -63.59374, -8.62216 ], [ -63.59285, -8.62204 ], [ -63.59079, -8.62184 ], [ -63.58963, -8.62171 ], [ -63.58829, -8.62165 ], [ -63.58644, -8.62177 ], [ -63.58529, -8.62193 ], [ -63.583, -8.62239 ], [ -63.58107, -8.62286 ], [ -63.57889, -8.62345 ], [ -63.57788, -8.62378 ], [ -63.57676, -8.62422 ], [ -63.57406, -8.62519 ], [ -63.57299, -8.62542 ], [ -63.57174, -8.62533 ], [ -63.57051, -8.62501 ], [ -63.56874, -8.62474 ], [ -63.56778, -8.62455 ], [ -63.56651, -8.62419 ], [ -63.56521, -8.62373 ], [ -63.56421, -8.62333 ], [ -63.56272, -8.62268 ], [ -63.56175, -8.62231 ], [ -63.55844, -8.62142 ], [ -63.55755, -8.62125 ], [ -63.55623, -8.6213 ], [ -63.55529, -8.62142 ], [ -63.5543, -8.62151 ], [ -63.55329, -8.62154 ], [ -63.55131, -8.62151 ], [ -63.5504, -8.62141 ], [ -63.54945, -8.62108 ], [ -63.54844, -8.62048 ], [ -63.54765, -8.61984 ], [ -63.54542, -8.61775 ], [ -63.5445, -8.61695 ], [ -63.54355, -8.61627 ], [ -63.54245, -8.61572 ], [ -63.54147, -8.61541 ], [ -63.54035, -8.61537 ], [ -63.53683, -8.61472 ], [ -63.53543, -8.61423 ], [ -63.53467, -8.61367 ], [ -63.53385, -8.61216 ], [ -63.53351, -8.61071 ], [ -63.53285, -8.60949 ], [ -63.53138, -8.60849 ], [ -63.5295, -8.60749 ], [ -63.52747, -8.60654 ], [ -63.52543, -8.60553 ], [ -63.52296, -8.60457 ], [ -63.52055, -8.60347 ], [ -63.5196, -8.60286 ], [ -63.5189, -8.60185 ], [ -63.51938, -8.6008 ], [ -63.52129, -8.59898 ], [ -63.52196, -8.59827 ], [ -63.52257, -8.59752 ], [ -63.52306, -8.59673 ], [ -63.52349, -8.59527 ], [ -63.52319, -8.59387 ], [ -63.5224, -8.5926 ], [ -63.52141, -8.59142 ], [ -63.52088, -8.59057 ], [ -63.52012, -8.58913 ], [ -63.51931, -8.5873 ], [ -63.51853, -8.58512 ], [ -63.51818, -8.58396 ], [ -63.51729, -8.58064 ], [ -63.51618, -8.57703 ], [ -63.51948, -8.57639 ], [ -63.52116, -8.57588 ], [ -63.52254, -8.57513 ], [ -63.52336, -8.57418 ], [ -63.52437, -8.57183 ], [ -63.52575, -8.56819 ], [ -63.52601, -8.56682 ], [ -63.52609, -8.56533 ], [ -63.52601, -8.56383 ], [ -63.52577, -8.56241 ], [ -63.52519, -8.56047 ], [ -63.52401, -8.55772 ], [ -63.52368, -8.55684 ], [ -63.52397, -8.55584 ], [ -63.5252, -8.55533 ], [ -63.52725, -8.5545 ], [ -63.52932, -8.55386 ], [ -63.53035, -8.5537 ], [ -63.53323, -8.55258 ], [ -63.54398, -8.54908 ], [ -63.54548, -8.54842 ], [ -63.54639, -8.5478 ], [ -63.54722, -8.54706 ], [ -63.54799, -8.54619 ], [ -63.54972, -8.54383 ], [ -63.551, -8.5418 ], [ -63.55257, -8.53916 ], [ -63.55512, -8.53509 ], [ -63.5561, -8.53366 ], [ -63.55777, -8.53154 ], [ -63.55833, -8.53068 ], [ -63.55876, -8.52977 ], [ -63.55904, -8.52886 ], [ -63.5592, -8.52794 ], [ -63.55957, -8.52506 ], [ -63.55973, -8.52248 ], [ -63.55988, -8.52137 ], [ -63.56028, -8.51969 ], [ -63.56079, -8.51797 ], [ -63.56167, -8.51479 ], [ -63.56261, -8.51158 ], [ -63.56311, -8.51003 ], [ -63.56431, -8.50656 ], [ -63.56466, -8.50566 ], [ -63.56551, -8.50389 ], [ -63.56582, -8.50269 ], [ -63.5656, -8.50145 ], [ -63.5652, -8.50064 ], [ -63.56464, -8.49985 ], [ -63.56397, -8.4991 ], [ -63.56283, -8.49792 ], [ -63.56119, -8.49633 ], [ -63.55947, -8.49473 ], [ -63.55593, -8.49157 ], [ -63.55465, -8.49032 ], [ -63.553, -8.48861 ], [ -63.55216, -8.48778 ], [ -63.55085, -8.48658 ], [ -63.54995, -8.48582 ], [ -63.5481, -8.48441 ], [ -63.54569, -8.4829 ], [ -63.5442, -8.48216 ], [ -63.54216, -8.48134 ], [ -63.54115, -8.48088 ], [ -63.53765, -8.4788 ], [ -63.53667, -8.47818 ], [ -63.53522, -8.47714 ], [ -63.53384, -8.47605 ], [ -63.53202, -8.47456 ], [ -63.53075, -8.47339 ], [ -63.52754, -8.47022 ], [ -63.52564, -8.46849 ], [ -63.52464, -8.46731 ], [ -63.51995, -8.46078 ], [ -63.51883, -8.45939 ], [ -63.51802, -8.45855 ], [ -63.51715, -8.45777 ], [ -63.51624, -8.45702 ], [ -63.51478, -8.45598 ], [ -63.51323, -8.45498 ], [ -63.51006, -8.45309 ], [ -63.50872, -8.45224 ], [ -63.50686, -8.45084 ], [ -63.50581, -8.44987 ], [ -63.5046, -8.44852 ], [ -63.50405, -8.44779 ], [ -63.50368, -8.44704 ], [ -63.50244, -8.44712 ], [ -63.50101, -8.44754 ], [ -63.49997, -8.44796 ], [ -63.49892, -8.44848 ], [ -63.49765, -8.44933 ], [ -63.49664, -8.45028 ], [ -63.49565, -8.45189 ], [ -63.49461, -8.45237 ], [ -63.49347, -8.4519 ], [ -63.49265, -8.45135 ], [ -63.49, -8.44924 ], [ -63.48716, -8.44706 ], [ -63.48376, -8.44454 ], [ -63.48282, -8.4438 ], [ -63.48148, -8.44263 ], [ -63.48062, -8.44181 ], [ -63.47906, -8.44 ], [ -63.47827, -8.43912 ], [ -63.47742, -8.4383 ], [ -63.4765, -8.43755 ], [ -63.47487, -8.43651 ], [ -63.4735, -8.43581 ], [ -63.4716, -8.43494 ], [ -63.46737, -8.43312 ], [ -63.46702, -8.43287 ], [ -63.46463, -8.43267 ], [ -63.46146, -8.43214 ], [ -63.4592, -8.43186 ], [ -63.45764, -8.43174 ], [ -63.45653, -8.4319 ], [ -63.45557, -8.43239 ], [ -63.45473, -8.43307 ], [ -63.45278, -8.43489 ], [ -63.452, -8.43543 ], [ -63.45113, -8.43582 ], [ -63.44976, -8.43663 ], [ -63.44826, -8.43747 ], [ -63.44581, -8.43913 ], [ -63.44491, -8.43987 ], [ -63.44403, -8.44065 ], [ -63.44265, -8.4416 ], [ -63.44171, -8.44208 ], [ -63.4401, -8.44246 ], [ -63.43869, -8.44285 ], [ -63.43719, -8.4434 ], [ -63.43517, -8.44424 ], [ -63.43416, -8.44451 ], [ -63.43368, -8.44453 ], [ -63.43338, -8.44666 ], [ -63.43308, -8.44771 ], [ -63.43269, -8.44885 ], [ -63.43221, -8.45001 ], [ -63.43152, -8.45133 ], [ -63.43077, -8.45253 ], [ -63.42965, -8.45415 ], [ -63.42905, -8.45513 ], [ -63.42869, -8.45596 ], [ -63.42828, -8.45769 ], [ -63.42819, -8.45928 ], [ -63.42834, -8.46089 ], [ -63.42853, -8.46248 ], [ -63.42856, -8.46357 ], [ -63.42848, -8.46493 ], [ -63.42811, -8.46777 ], [ -63.4278, -8.46919 ], [ -63.4275, -8.47009 ], [ -63.42709, -8.47096 ], [ -63.4259, -8.47313 ], [ -63.4255, -8.4741 ], [ -63.42472, -8.4765 ], [ -63.42414, -8.47785 ], [ -63.42365, -8.47862 ], [ -63.42299, -8.47927 ], [ -63.42175, -8.48008 ], [ -63.42056, -8.48058 ], [ -63.41929, -8.48094 ], [ -63.41719, -8.48121 ], [ -63.41611, -8.48137 ], [ -63.41445, -8.48175 ], [ -63.41293, -8.48217 ], [ -63.41201, -8.48246 ], [ -63.41117, -8.48281 ], [ -63.41015, -8.48354 ], [ -63.40968, -8.4844 ], [ -63.40967, -8.48537 ], [ -63.41018, -8.48654 ], [ -63.41074, -8.48732 ], [ -63.41142, -8.48807 ], [ -63.4122, -8.48879 ], [ -63.41359, -8.48991 ], [ -63.41422, -8.49055 ], [ -63.41479, -8.49153 ], [ -63.41512, -8.49262 ], [ -63.4152, -8.49367 ], [ -63.41496, -8.49472 ], [ -63.41417, -8.49618 ], [ -63.41352, -8.49705 ], [ -63.41289, -8.49778 ], [ -63.41202, -8.4987 ], [ -63.4101, -8.49935 ], [ -63.40756, -8.50001 ], [ -63.40583, -8.50059 ], [ -63.40474, -8.50111 ], [ -63.40373, -8.50178 ], [ -63.40289, -8.50255 ], [ -63.40151, -8.50416 ], [ -63.40041, -8.50517 ], [ -63.39959, -8.50565 ], [ -63.3987, -8.50593 ], [ -63.39726, -8.5061 ], [ -63.39602, -8.50605 ], [ -63.39432, -8.50554 ], [ -63.39239, -8.50468 ], [ -63.39045, -8.50386 ], [ -63.3895, -8.50337 ], [ -63.38858, -8.50279 ], [ -63.38624, -8.50113 ], [ -63.38525, -8.50051 ], [ -63.38262, -8.49897 ], [ -63.37924, -8.4969 ], [ -63.37686, -8.49513 ], [ -63.37544, -8.49371 ], [ -63.37445, -8.49229 ], [ -63.3739, -8.49133 ], [ -63.37325, -8.48985 ], [ -63.37285, -8.48841 ], [ -63.37249, -8.48654 ], [ -63.37202, -8.4854 ], [ -63.37109, -8.48467 ], [ -63.37019, -8.48433 ], [ -63.36917, -8.48409 ], [ -63.36692, -8.48372 ], [ -63.36478, -8.48322 ], [ -63.36305, -8.48293 ], [ -63.36285, -8.48287 ], [ -63.36225, -8.48382 ], [ -63.36087, -8.48565 ], [ -63.36017, -8.48628 ], [ -63.35917, -8.48699 ], [ -63.3583, -8.48743 ], [ -63.35716, -8.48765 ], [ -63.35631, -8.48795 ], [ -63.35499, -8.48836 ], [ -63.35407, -8.48847 ], [ -63.35313, -8.48837 ], [ -63.35071, -8.48759 ], [ -63.34984, -8.48704 ], [ -63.34902, -8.48614 ], [ -63.3487, -8.48526 ], [ -63.34811, -8.48349 ], [ -63.34724, -8.48289 ], [ -63.34624, -8.48313 ], [ -63.34535, -8.4837 ], [ -63.34451, -8.48339 ], [ -63.34286, -8.48381 ], [ -63.33771, -8.48543 ], [ -63.3368, -8.48568 ], [ -63.33567, -8.48581 ], [ -63.33467, -8.48575 ], [ -63.33252, -8.48532 ], [ -63.33137, -8.48478 ], [ -63.33055, -8.48418 ], [ -63.32982, -8.48342 ], [ -63.3292, -8.48253 ], [ -63.32874, -8.48164 ], [ -63.32744, -8.4784 ], [ -63.32632, -8.47701 ], [ -63.32522, -8.47626 ], [ -63.32367, -8.47561 ], [ -63.32272, -8.47537 ], [ -63.32172, -8.47522 ], [ -63.32071, -8.47513 ], [ -63.3164, -8.47499 ], [ -63.31526, -8.47488 ], [ -63.31255, -8.47436 ], [ -63.3099, -8.47395 ], [ -63.30883, -8.47375 ], [ -63.30776, -8.4736 ], [ -63.3061, -8.47342 ], [ -63.305, -8.47325 ], [ -63.3029, -8.47277 ], [ -63.30192, -8.47236 ], [ -63.30093, -8.47167 ], [ -63.3, -8.47075 ], [ -63.29877, -8.46907 ], [ -63.29746, -8.46676 ], [ -63.29688, -8.46584 ], [ -63.29632, -8.46514 ], [ -63.29535, -8.46454 ], [ -63.2949, -8.46558 ], [ -63.29462, -8.4666 ], [ -63.29454, -8.46763 ], [ -63.29455, -8.47092 ], [ -63.29392, -8.47216 ], [ -63.29333, -8.47344 ], [ -63.29278, -8.47489 ], [ -63.29235, -8.47577 ], [ -63.29161, -8.47657 ], [ -63.29051, -8.47708 ], [ -63.28958, -8.47698 ], [ -63.28755, -8.47581 ], [ -63.28646, -8.47465 ], [ -63.28575, -8.4736 ], [ -63.28463, -8.47293 ], [ -63.28355, -8.47319 ], [ -63.2817, -8.47385 ], [ -63.28035, -8.4737 ], [ -63.27942, -8.47383 ], [ -63.27854, -8.47461 ], [ -63.27687, -8.47642 ], [ -63.27615, -8.4771 ], [ -63.27455, -8.4783 ], [ -63.27362, -8.47886 ], [ -63.27193, -8.47978 ], [ -63.27026, -8.48081 ], [ -63.26954, -8.48136 ], [ -63.26893, -8.48204 ], [ -63.26845, -8.48283 ], [ -63.26802, -8.4842 ], [ -63.26768, -8.48617 ], [ -63.2674, -8.48723 ], [ -63.2658, -8.49155 ], [ -63.26523, -8.49329 ], [ -63.26491, -8.49451 ], [ -63.26436, -8.49691 ], [ -63.26405, -8.498 ], [ -63.26256, -8.50182 ], [ -63.26196, -8.50364 ], [ -63.26163, -8.50496 ], [ -63.26074, -8.50908 ], [ -63.26017, -8.51099 ], [ -63.2597, -8.5122 ], [ -63.25916, -8.51333 ], [ -63.25826, -8.51499 ], [ -63.2559, -8.51916 ], [ -63.25535, -8.52031 ], [ -63.25496, -8.52131 ], [ -63.25478, -8.52289 ], [ -63.25535, -8.5237 ], [ -63.25464, -8.52543 ], [ -63.25401, -8.52643 ], [ -63.25341, -8.52764 ], [ -63.25252, -8.52969 ], [ -63.25182, -8.5306 ], [ -63.25146, -8.53168 ], [ -63.25161, -8.53257 ], [ -63.25222, -8.53374 ], [ -63.2519, -8.53489 ], [ -63.25105, -8.53522 ], [ -63.24905, -8.53499 ], [ -63.24809, -8.53493 ], [ -63.24709, -8.53516 ], [ -63.24702, -8.53537 ], [ -63.24764, -8.53651 ], [ -63.24787, -8.53741 ], [ -63.24806, -8.5385 ], [ -63.24823, -8.53972 ], [ -63.24846, -8.54228 ], [ -63.24858, -8.54456 ], [ -63.24857, -8.54576 ], [ -63.24841, -8.54722 ], [ -63.24853, -8.54909 ], [ -63.24898, -8.55053 ], [ -63.24945, -8.5515 ], [ -63.25004, -8.55248 ], [ -63.25073, -8.55339 ], [ -63.2515, -8.55427 ], [ -63.25269, -8.55555 ], [ -63.25342, -8.55645 ], [ -63.25463, -8.55875 ], [ -63.25549, -8.56014 ], [ -63.2567, -8.56109 ], [ -63.25757, -8.56151 ], [ -63.25846, -8.56167 ], [ -63.25939, -8.56156 ], [ -63.26186, -8.56085 ], [ -63.26315, -8.56068 ], [ -63.26448, -8.56099 ], [ -63.26559, -8.56169 ], [ -63.26666, -8.56267 ], [ -63.26805, -8.56438 ], [ -63.2686, -8.56525 ], [ -63.26943, -8.56672 ], [ -63.26952, -8.56704 ], [ -63.2705, -8.56703 ], [ -63.27144, -8.56716 ], [ -63.27262, -8.56809 ], [ -63.27303, -8.5691 ], [ -63.2736, -8.57019 ], [ -63.27388, -8.57158 ], [ -63.27426, -8.57253 ], [ -63.27378, -8.57381 ], [ -63.2737, -8.57484 ], [ -63.27368, -8.5762 ], [ -63.27384, -8.57671 ], [ -63.27471, -8.57911 ], [ -63.27526, -8.58122 ], [ -63.27556, -8.5822 ], [ -63.27595, -8.58318 ], [ -63.27693, -8.58494 ], [ -63.2783, -8.58693 ], [ -63.27895, -8.5878 ], [ -63.28022, -8.58931 ], [ -63.28071, -8.5901 ], [ -63.28111, -8.59131 ], [ -63.28093, -8.59283 ], [ -63.28008, -8.59469 ], [ -63.27963, -8.59648 ], [ -63.27942, -8.59805 ], [ -63.2792, -8.59978 ], [ -63.27981, -8.60109 ], [ -63.28197, -8.60369 ], [ -63.28238, -8.60524 ], [ -63.2821, -8.60646 ], [ -63.2817, -8.60733 ], [ -63.28118, -8.60817 ], [ -63.27966, -8.61031 ], [ -63.27911, -8.6113 ], [ -63.27845, -8.61286 ], [ -63.2782, -8.61388 ], [ -63.27807, -8.61494 ], [ -63.27804, -8.61603 ], [ -63.27811, -8.61709 ], [ -63.27851, -8.62003 ], [ -63.27859, -8.62127 ], [ -63.27857, -8.62253 ], [ -63.27826, -8.62603 ], [ -63.27789, -8.63039 ], [ -63.27769, -8.6314 ], [ -63.27743, -8.63291 ], [ -63.2773, -8.63481 ], [ -63.27696, -8.63824 ], [ -63.27678, -8.63967 ], [ -63.27631, -8.641 ], [ -63.2755, -8.64216 ], [ -63.27458, -8.64292 ], [ -63.27131, -8.64487 ], [ -63.27046, -8.64555 ], [ -63.26927, -8.64672 ], [ -63.26853, -8.64756 ], [ -63.26717, -8.64934 ], [ -63.26527, -8.65198 ], [ -63.26444, -8.65274 ], [ -63.26345, -8.65329 ], [ -63.26235, -8.65361 ], [ -63.26121, -8.65365 ], [ -63.25963, -8.65329 ], [ -63.25879, -8.65289 ], [ -63.25785, -8.65203 ], [ -63.25608, -8.6528 ], [ -63.25526, -8.6532 ], [ -63.25443, -8.65368 ], [ -63.25368, -8.65426 ], [ -63.25289, -8.65538 ], [ -63.25256, -8.65653 ], [ -63.25247, -8.65761 ], [ -63.2525, -8.65917 ], [ -63.25284, -8.66194 ], [ -63.25261, -8.66283 ], [ -63.25196, -8.66392 ], [ -63.25108, -8.6651 ], [ -63.25038, -8.66657 ], [ -63.24955, -8.66718 ], [ -63.24828, -8.66747 ], [ -63.24623, -8.66763 ], [ -63.24411, -8.66776 ], [ -63.24072, -8.66876 ], [ -63.24009, -8.66956 ], [ -63.23982, -8.6707 ], [ -63.23992, -8.67185 ], [ -63.24037, -8.67282 ], [ -63.24118, -8.6737 ], [ -63.24267, -8.67391 ], [ -63.24446, -8.67379 ], [ -63.24585, -8.67379 ], [ -63.24685, -8.67395 ], [ -63.24795, -8.67451 ], [ -63.2482, -8.67572 ], [ -63.24738, -8.67753 ], [ -63.24695, -8.67926 ], [ -63.24686, -8.68161 ], [ -63.24656, -8.68315 ], [ -63.2462, -8.68413 ], [ -63.24533, -8.68625 ], [ -63.24448, -8.68866 ], [ -63.24402, -8.68987 ], [ -63.24337, -8.6913 ], [ -63.24294, -8.69213 ], [ -63.24231, -8.69314 ], [ -63.24163, -8.69416 ], [ -63.24054, -8.69558 ], [ -63.23975, -8.69643 ], [ -63.23844, -8.69757 ], [ -63.23749, -8.69818 ], [ -63.23622, -8.69879 ], [ -63.23388, -8.69966 ], [ -63.23241, -8.70037 ], [ -63.23112, -8.70122 ], [ -63.23045, -8.70189 ], [ -63.22982, -8.7033 ], [ -63.22981, -8.7049 ], [ -63.23023, -8.7061 ], [ -63.23075, -8.70686 ], [ -63.23179, -8.7078 ], [ -63.23258, -8.70836 ], [ -63.23343, -8.70884 ], [ -63.23473, -8.70929 ], [ -63.23643, -8.70972 ], [ -63.23756, -8.71024 ], [ -63.23834, -8.7109 ], [ -63.23915, -8.71212 ], [ -63.23948, -8.71337 ], [ -63.23941, -8.7152 ], [ -63.2391, -8.71612 ], [ -63.23859, -8.71695 ], [ -63.237, -8.71857 ], [ -63.23548, -8.71956 ], [ -63.23453, -8.71997 ], [ -63.23357, -8.7203 ], [ -63.23213, -8.72068 ], [ -63.23074, -8.72124 ], [ -63.22986, -8.72181 ], [ -63.22808, -8.72311 ], [ -63.2256, -8.72475 ], [ -63.22182, -8.72734 ], [ -63.21992, -8.72876 ], [ -63.21881, -8.72966 ], [ -63.21705, -8.73121 ], [ -63.21618, -8.73203 ], [ -63.21644, -8.73266 ], [ -63.21673, -8.73386 ], [ -63.21745, -8.73747 ], [ -63.21802, -8.74078 ], [ -63.21831, -8.74212 ], [ -63.21866, -8.74335 ], [ -63.21911, -8.7444 ], [ -63.21974, -8.74532 ], [ -63.22047, -8.74611 ], [ -63.22129, -8.74681 ], [ -63.22266, -8.74759 ], [ -63.22414, -8.74807 ], [ -63.22515, -8.74822 ], [ -63.22718, -8.74829 ], [ -63.22816, -8.74835 ], [ -63.2291, -8.74856 ], [ -63.22996, -8.74897 ], [ -63.23106, -8.74997 ], [ -63.23166, -8.75084 ], [ -63.23243, -8.75229 ], [ -63.23317, -8.75407 ], [ -63.23356, -8.75536 ], [ -63.23415, -8.75785 ], [ -63.23488, -8.75944 ], [ -63.23685, -8.7622 ], [ -63.23753, -8.76294 ], [ -63.23862, -8.76396 ], [ -63.23938, -8.76444 ], [ -63.24138, -8.76544 ], [ -63.24216, -8.76599 ], [ -63.24406, -8.76736 ], [ -63.2453, -8.76787 ], [ -63.24656, -8.76815 ], [ -63.24773, -8.76819 ], [ -63.24867, -8.76788 ], [ -63.24926, -8.76683 ], [ -63.24912, -8.76574 ], [ -63.24866, -8.76456 ], [ -63.24745, -8.76241 ], [ -63.24715, -8.76072 ], [ -63.24739, -8.75952 ], [ -63.24812, -8.75842 ], [ -63.24918, -8.75751 ], [ -63.24998, -8.75702 ], [ -63.25087, -8.75662 ], [ -63.2518, -8.75641 ], [ -63.25274, -8.75639 ], [ -63.25441, -8.75691 ], [ -63.2581, -8.75934 ], [ -63.25928, -8.76019 ], [ -63.26017, -8.76093 ], [ -63.26189, -8.76266 ], [ -63.26351, -8.76392 ], [ -63.26474, -8.7647 ], [ -63.26605, -8.76544 ], [ -63.26741, -8.76607 ], [ -63.26875, -8.7665 ], [ -63.26982, -8.76668 ], [ -63.27163, -8.76667 ], [ -63.27285, -8.7662 ], [ -63.27289, -8.76633 ], [ -63.27318, -8.76766 ], [ -63.27246, -8.7686 ], [ -63.2714, -8.7693 ], [ -63.27034, -8.76967 ], [ -63.26966, -8.77043 ], [ -63.26955, -8.77167 ], [ -63.26973, -8.77257 ], [ -63.27009, -8.77341 ], [ -63.27071, -8.77583 ], [ -63.2718, -8.77721 ], [ -63.27202, -8.7787 ], [ -63.27168, -8.77908 ], [ -63.27082, -8.77977 ], [ -63.26989, -8.78044 ], [ -63.26885, -8.78102 ], [ -63.26756, -8.7814 ], [ -63.26603, -8.78167 ], [ -63.26504, -8.78209 ], [ -63.2643, -8.78284 ], [ -63.26368, -8.78426 ], [ -63.26372, -8.78599 ], [ -63.264, -8.78735 ], [ -63.26423, -8.78879 ], [ -63.26426, -8.79014 ], [ -63.26391, -8.79142 ], [ -63.26265, -8.79444 ], [ -63.26228, -8.79573 ], [ -63.26207, -8.79681 ], [ -63.26186, -8.79839 ], [ -63.26175, -8.7995 ], [ -63.26166, -8.80109 ], [ -63.26157, -8.80208 ], [ -63.26135, -8.80303 ], [ -63.26099, -8.80397 ], [ -63.26026, -8.80523 ], [ -63.25936, -8.80634 ], [ -63.2579, -8.80739 ], [ -63.25627, -8.80808 ], [ -63.25548, -8.80852 ], [ -63.25443, -8.80936 ], [ -63.25365, -8.81055 ], [ -63.25307, -8.81189 ], [ -63.25202, -8.81496 ], [ -63.25177, -8.81606 ], [ -63.25143, -8.81819 ], [ -63.25103, -8.8202 ], [ -63.25058, -8.82171 ], [ -63.24931, -8.82515 ], [ -63.24842, -8.82668 ], [ -63.24638, -8.8293 ], [ -63.24582, -8.83018 ], [ -63.24479, -8.83192 ], [ -63.24376, -8.83387 ], [ -63.24291, -8.8356 ], [ -63.24239, -8.83717 ], [ -63.24224, -8.83862 ], [ -63.24224, -8.83986 ], [ -63.24232, -8.84115 ], [ -63.24246, -8.84244 ], [ -63.2427, -8.84368 ], [ -63.24364, -8.847 ], [ -63.24388, -8.84804 ], [ -63.24435, -8.85038 ], [ -63.24441, -8.8513 ], [ -63.24437, -8.85273 ], [ -63.24399, -8.85595 ], [ -63.2436, -8.85763 ], [ -63.24338, -8.85818 ], [ -63.24281, -8.85916 ], [ -63.24206, -8.86002 ], [ -63.24062, -8.86101 ], [ -63.23911, -8.86163 ], [ -63.23821, -8.86188 ], [ -63.23702, -8.86203 ], [ -63.2372, -8.86224 ], [ -63.23886, -8.86339 ], [ -63.23951, -8.8642 ], [ -63.23985, -8.86516 ], [ -63.23975, -8.86614 ], [ -63.23928, -8.867 ], [ -63.23833, -8.86817 ], [ -63.23778, -8.86903 ], [ -63.23696, -8.8708 ], [ -63.23592, -8.87242 ], [ -63.2355, -8.8733 ], [ -63.23473, -8.87532 ], [ -63.23406, -8.87602 ], [ -63.23302, -8.87641 ], [ -63.23131, -8.87679 ], [ -63.22925, -8.87695 ], [ -63.22771, -8.87696 ], [ -63.22674, -8.8768 ], [ -63.22583, -8.87639 ], [ -63.22403, -8.87524 ], [ -63.22303, -8.87476 ], [ -63.2214, -8.87444 ], [ -63.22043, -8.87443 ], [ -63.21846, -8.8746 ], [ -63.21368, -8.87537 ], [ -63.21343, -8.87629 ], [ -63.21314, -8.87766 ], [ -63.21302, -8.87878 ], [ -63.21305, -8.87996 ], [ -63.21342, -8.88178 ], [ -63.21457, -8.88535 ], [ -63.21479, -8.88646 ], [ -63.21489, -8.88786 ], [ -63.21501, -8.89026 ], [ -63.2152, -8.8918 ], [ -63.21561, -8.89404 ], [ -63.21588, -8.89514 ], [ -63.21644, -8.89669 ], [ -63.21728, -8.8982 ], [ -63.21794, -8.899 ], [ -63.21867, -8.89971 ], [ -63.21982, -8.90071 ], [ -63.22057, -8.90146 ], [ -63.22275, -8.904 ], [ -63.22387, -8.90517 ], [ -63.22501, -8.90625 ], [ -63.2273, -8.90834 ], [ -63.22778, -8.9095 ], [ -63.22778, -8.91071 ], [ -63.2275, -8.91158 ], [ -63.2268, -8.91285 ], [ -63.22501, -8.91568 ], [ -63.22433, -8.91664 ], [ -63.22361, -8.91757 ], [ -63.22096, -8.92081 ], [ -63.22022, -8.92176 ], [ -63.2195, -8.92273 ], [ -63.21808, -8.92476 ], [ -63.21733, -8.92569 ], [ -63.21654, -8.92654 ], [ -63.21366, -8.92943 ], [ -63.21276, -8.93014 ], [ -63.21127, -8.93093 ], [ -63.21021, -8.93127 ], [ -63.20852, -8.93154 ], [ -63.20681, -8.93148 ], [ -63.20443, -8.93106 ], [ -63.20318, -8.93086 ], [ -63.20188, -8.93071 ], [ -63.20057, -8.93061 ], [ -63.19865, -8.93054 ], [ -63.19683, -8.93071 ], [ -63.19511, -8.9311 ], [ -63.19422, -8.93138 ], [ -63.19337, -8.9317 ], [ -63.19198, -8.93252 ], [ -63.19112, -8.93328 ], [ -63.1902, -8.93448 ], [ -63.18973, -8.93548 ], [ -63.18906, -8.93764 ], [ -63.18866, -8.93855 ], [ -63.18818, -8.93948 ], [ -63.18737, -8.94094 ], [ -63.18647, -8.94241 ], [ -63.18545, -8.94379 ], [ -63.18433, -8.94514 ], [ -63.18315, -8.94641 ], [ -63.18186, -8.94763 ], [ -63.18042, -8.94857 ], [ -63.17934, -8.94913 ], [ -63.17821, -8.94953 ], [ -63.17702, -8.94984 ], [ -63.17429, -8.95035 ], [ -63.1734, -8.95056 ], [ -63.17222, -8.95092 ], [ -63.17066, -8.95145 ], [ -63.16971, -8.95181 ], [ -63.16881, -8.95221 ], [ -63.1673, -8.9531 ], [ -63.16639, -8.95376 ], [ -63.16513, -8.95481 ], [ -63.1643, -8.95546 ], [ -63.16344, -8.95596 ], [ -63.16024, -8.95747 ], [ -63.15931, -8.9578 ], [ -63.15723, -8.9585 ], [ -63.15598, -8.95935 ], [ -63.15547, -8.96047 ], [ -63.15538, -8.96186 ], [ -63.1557, -8.9649 ], [ -63.15564, -8.96657 ], [ -63.15536, -8.96794 ], [ -63.15489, -8.96928 ], [ -63.1544, -8.9703 ], [ -63.15383, -8.97129 ], [ -63.15285, -8.97277 ], [ -63.15211, -8.97364 ], [ -63.15051, -8.97533 ], [ -63.14927, -8.97701 ], [ -63.14806, -8.97908 ], [ -63.14733, -8.98058 ], [ -63.1467, -8.98212 ], [ -63.14621, -8.98369 ], [ -63.14585, -8.98516 ], [ -63.14543, -8.98731 ], [ -63.14448, -8.98767 ], [ -63.14256, -8.98656 ], [ -63.14143, -8.98657 ], [ -63.14025, -8.9869 ], [ -63.13883, -8.98663 ], [ -63.13793, -8.98588 ], [ -63.1373, -8.98512 ], [ -63.1367, -8.98402 ], [ -63.13564, -8.983 ], [ -63.13475, -8.98252 ], [ -63.13285, -8.9812 ], [ -63.13253, -8.98154 ], [ -63.13233, -8.98297 ], [ -63.13234, -8.98399 ], [ -63.13256, -8.98763 ], [ -63.13261, -8.98991 ], [ -63.13252, -8.99101 ], [ -63.13232, -8.99203 ], [ -63.1319, -8.99318 ], [ -63.13136, -8.99416 ], [ -63.12814, -8.99906 ], [ -63.1261, -9.00201 ], [ -63.12548, -9.00301 ], [ -63.12492, -9.00414 ], [ -63.12444, -9.00533 ], [ -63.12335, -9.00821 ], [ -63.12307, -9.00909 ], [ -63.12267, -9.01053 ], [ -63.12245, -9.01166 ], [ -63.12237, -9.01255 ], [ -63.12237, -9.01344 ], [ -63.12254, -9.01518 ], [ -63.12274, -9.01633 ], [ -63.12297, -9.01738 ], [ -63.12314, -9.01846 ], [ -63.12318, -9.01959 ], [ -63.12291, -9.02123 ], [ -63.12256, -9.02227 ], [ -63.1221, -9.02333 ], [ -63.12105, -9.02499 ], [ -63.11907, -9.02734 ], [ -63.11773, -9.02911 ], [ -63.11717, -9.03002 ], [ -63.11657, -9.03148 ], [ -63.1163, -9.03278 ], [ -63.11586, -9.03625 ], [ -63.11561, -9.03971 ], [ -63.11569, -9.04107 ], [ -63.11595, -9.0421 ], [ -63.1164, -9.04303 ], [ -63.117, -9.04386 ], [ -63.11811, -9.04505 ], [ -63.11936, -9.04613 ], [ -63.12069, -9.04716 ], [ -63.12163, -9.04775 ], [ -63.12262, -9.04821 ], [ -63.12361, -9.04859 ], [ -63.1251, -9.04909 ], [ -63.1261, -9.04957 ], [ -63.12705, -9.05029 ], [ -63.12833, -9.0519 ], [ -63.129, -9.05319 ], [ -63.12947, -9.05441 ], [ -63.12982, -9.05563 ], [ -63.13007, -9.05674 ], [ -63.13035, -9.0587 ], [ -63.13063, -9.06038 ], [ -63.13059, -9.06148 ], [ -63.13043, -9.06274 ], [ -63.1299, -9.06499 ], [ -63.12952, -9.06619 ], [ -63.12909, -9.06736 ], [ -63.12807, -9.06949 ], [ -63.12734, -9.07065 ], [ -63.12658, -9.07168 ], [ -63.12474, -9.07393 ], [ -63.12304, -9.07641 ], [ -63.12231, -9.07729 ], [ -63.12152, -9.07809 ], [ -63.12068, -9.07882 ], [ -63.11982, -9.07945 ], [ -63.11761, -9.08081 ], [ -63.11582, -9.08201 ], [ -63.11379, -9.08305 ], [ -63.11268, -9.08347 ], [ -63.11167, -9.08374 ], [ -63.11061, -9.08395 ], [ -63.10955, -9.0841 ], [ -63.10736, -9.08436 ], [ -63.10599, -9.0846 ], [ -63.10471, -9.0849 ], [ -63.10381, -9.08528 ], [ -63.103, -9.08584 ], [ -63.10231, -9.08653 ], [ -63.10174, -9.08732 ], [ -63.10115, -9.0887 ], [ -63.10095, -9.08971 ], [ -63.10085, -9.09069 ], [ -63.10079, -9.09168 ], [ -63.10077, -9.09317 ], [ -63.10065, -9.09424 ], [ -63.10025, -9.09539 ], [ -63.09956, -9.09651 ], [ -63.09863, -9.09759 ], [ -63.09784, -9.09833 ], [ -63.097, -9.09903 ], [ -63.09583, -9.09995 ], [ -63.09419, -9.10104 ], [ -63.09325, -9.10157 ], [ -63.09227, -9.102 ], [ -63.09202, -9.10203 ], [ -63.09252, -9.10266 ], [ -63.09566, -9.10496 ], [ -63.09974, -9.10827 ], [ -63.10051, -9.10908 ], [ -63.10102, -9.10999 ], [ -63.10149, -9.11131 ], [ -63.1024, -9.11417 ], [ -63.10282, -9.11581 ], [ -63.10298, -9.11695 ], [ -63.10315, -9.12059 ], [ -63.10305, -9.12191 ], [ -63.10257, -9.12358 ], [ -63.10171, -9.12554 ], [ -63.10127, -9.12719 ], [ -63.10161, -9.12867 ], [ -63.10231, -9.12959 ], [ -63.10405, -9.13123 ], [ -63.1049, -9.13179 ], [ -63.10722, -9.13309 ], [ -63.10896, -9.13394 ], [ -63.11146, -9.1352 ], [ -63.11163, -9.13609 ], [ -63.11127, -9.13707 ], [ -63.11001, -9.13926 ], [ -63.10973, -9.14012 ], [ -63.10963, -9.14108 ], [ -63.10971, -9.14206 ], [ -63.10992, -9.14309 ], [ -63.11052, -9.1456 ], [ -63.11081, -9.14661 ], [ -63.1114, -9.14841 ], [ -63.1121, -9.15014 ], [ -63.11322, -9.15232 ], [ -63.11379, -9.15333 ], [ -63.1155, -9.15666 ], [ -63.11602, -9.15792 ], [ -63.11649, -9.1589 ], [ -63.11704, -9.1598 ], [ -63.11882, -9.16235 ], [ -63.11988, -9.16403 ], [ -63.12163, -9.16639 ], [ -63.1223, -9.16766 ], [ -63.12258, -9.16859 ], [ -63.12293, -9.17093 ], [ -63.12321, -9.17261 ], [ -63.1234, -9.17505 ], [ -63.12368, -9.17625 ], [ -63.12399, -9.17718 ], [ -63.12463, -9.17882 ], [ -63.12476, -9.18003 ], [ -63.12442, -9.18107 ], [ -63.12367, -9.18173 ], [ -63.12272, -9.182 ], [ -63.12129, -9.18191 ], [ -63.1197, -9.18222 ], [ -63.11853, -9.1829 ], [ -63.11659, -9.18439 ], [ -63.11498, -9.18547 ], [ -63.11419, -9.18613 ], [ -63.11343, -9.18687 ], [ -63.1127, -9.1877 ], [ -63.11099, -9.19003 ], [ -63.11034, -9.19102 ], [ -63.10988, -9.19183 ], [ -63.10858, -9.1943 ], [ -63.10797, -9.19539 ], [ -63.10662, -9.19698 ], [ -63.10537, -9.19788 ], [ -63.10409, -9.19851 ], [ -63.10175, -9.1994 ], [ -63.10036, -9.19984 ], [ -63.09671, -9.20086 ], [ -63.09519, -9.20126 ], [ -63.09202, -9.20203 ], [ -63.08903, -9.20127 ], [ -63.08741, -9.20073 ], [ -63.08606, -9.20017 ], [ -63.08474, -9.19948 ], [ -63.08351, -9.19862 ], [ -63.08499, -9.21076 ], [ -63.09041, -9.21935 ], [ -63.09113, -9.21997 ], [ -63.09443, -9.22244 ], [ -63.09552, -9.22336 ], [ -63.09632, -9.22415 ], [ -63.09709, -9.22497 ], [ -63.09913, -9.22737 ], [ -63.10019, -9.22828 ], [ -63.10106, -9.22869 ], [ -63.10204, -9.22898 ], [ -63.10366, -9.22934 ], [ -63.10534, -9.22984 ], [ -63.10756, -9.23071 ], [ -63.10864, -9.2312 ], [ -63.10967, -9.23181 ], [ -63.11117, -9.23284 ], [ -63.1122, -9.2335 ], [ -63.11394, -9.23476 ], [ -63.11481, -9.2355 ], [ -63.11563, -9.23632 ], [ -63.11632, -9.23714 ], [ -63.11694, -9.23799 ], [ -63.11789, -9.23938 ], [ -63.11857, -9.24043 ], [ -63.11952, -9.24203 ], [ -63.11965, -9.24204 ], [ -63.12052, -9.24268 ], [ -63.12145, -9.24291 ], [ -63.12238, -9.24282 ], [ -63.12286, -9.24203 ], [ -63.12273, -9.24073 ], [ -63.12217, -9.24002 ], [ -63.12222, -9.23884 ], [ -63.12285, -9.23787 ], [ -63.1231, -9.23793 ], [ -63.12465, -9.23788 ], [ -63.1271, -9.23759 ], [ -63.12847, -9.23749 ], [ -63.1295, -9.2375 ], [ -63.13119, -9.23773 ], [ -63.1329, -9.23831 ], [ -63.13376, -9.23883 ], [ -63.13528, -9.23997 ], [ -63.13653, -9.24068 ], [ -63.13785, -9.2416 ], [ -63.1388, -9.24206 ], [ -63.13983, -9.24199 ], [ -63.14086, -9.2414 ], [ -63.1423, -9.24018 ], [ -63.1431, -9.23963 ], [ -63.14439, -9.23902 ], [ -63.14528, -9.23876 ], [ -63.14636, -9.23868 ], [ -63.1477, -9.23919 ], [ -63.14861, -9.24 ], [ -63.14924, -9.24103 ], [ -63.14939, -9.24271 ], [ -63.14918, -9.24433 ], [ -63.14909, -9.24559 ], [ -63.14912, -9.24661 ], [ -63.14944, -9.24801 ], [ -63.15027, -9.24947 ], [ -63.15107, -9.25012 ], [ -63.15277, -9.25085 ], [ -63.15387, -9.25203 ], [ -63.15433, -9.25288 ], [ -63.15488, -9.25433 ], [ -63.15522, -9.25591 ], [ -63.15527, -9.25701 ], [ -63.15513, -9.2581 ], [ -63.15479, -9.25911 ], [ -63.15398, -9.26034 ], [ -63.15332, -9.26109 ], [ -63.15262, -9.26177 ], [ -63.15148, -9.2626 ], [ -63.15024, -9.26306 ], [ -63.14843, -9.26333 ], [ -63.14749, -9.26354 ], [ -63.14593, -9.26406 ], [ -63.14493, -9.26435 ], [ -63.14277, -9.26493 ], [ -63.14167, -9.26526 ], [ -63.14062, -9.26565 ], [ -63.13949, -9.26617 ], [ -63.13729, -9.26735 ], [ -63.13457, -9.26868 ], [ -63.13247, -9.26982 ], [ -63.13141, -9.2703 ], [ -63.13032, -9.27068 ], [ -63.12919, -9.2709 ], [ -63.12804, -9.27097 ], [ -63.12691, -9.27091 ], [ -63.12477, -9.27049 ], [ -63.12333, -9.27005 ], [ -63.12172, -9.26983 ], [ -63.12037, -9.27013 ], [ -63.11777, -9.27125 ], [ -63.11671, -9.27165 ], [ -63.11557, -9.27194 ], [ -63.11436, -9.27215 ], [ -63.1112, -9.27247 ], [ -63.10993, -9.27264 ], [ -63.1087, -9.27288 ], [ -63.1052, -9.27383 ], [ -63.10273, -9.27443 ], [ -63.10142, -9.27487 ], [ -63.09991, -9.2755 ], [ -63.09839, -9.27602 ], [ -63.09671, -9.27638 ], [ -63.09538, -9.27657 ], [ -63.09397, -9.27669 ], [ -63.09253, -9.27676 ], [ -63.08808, -9.27689 ], [ -63.08704, -9.27711 ], [ -63.08606, -9.27749 ], [ -63.08511, -9.27798 ], [ -63.08409, -9.27859 ], [ -63.08067, -9.2808 ], [ -63.07962, -9.28144 ], [ -63.07842, -9.28209 ], [ -63.07521, -9.28364 ], [ -63.07368, -9.28453 ], [ -63.07563, -9.28572 ], [ -63.07665, -9.28638 ], [ -63.07803, -9.2874 ], [ -63.07882, -9.28809 ], [ -63.07956, -9.2889 ], [ -63.08022, -9.28976 ], [ -63.08098, -9.2909 ], [ -63.08166, -9.29199 ], [ -63.08303, -9.29475 ], [ -63.08423, -9.29678 ], [ -63.0857, -9.2994 ], [ -63.08614, -9.30032 ], [ -63.08761, -9.30362 ], [ -63.08792, -9.30468 ], [ -63.08815, -9.30609 ], [ -63.08837, -9.30784 ], [ -63.08844, -9.30875 ], [ -63.08821, -9.31032 ], [ -63.08736, -9.31149 ], [ -63.086, -9.31255 ], [ -63.08213, -9.3161 ], [ -63.08133, -9.31676 ], [ -63.07978, -9.31787 ], [ -63.07887, -9.31884 ], [ -63.0784, -9.31997 ], [ -63.07835, -9.32161 ], [ -63.07856, -9.32257 ], [ -63.0788, -9.32343 ], [ -63.0791, -9.32429 ], [ -63.07946, -9.32512 ], [ -63.07997, -9.32601 ], [ -63.08085, -9.32732 ], [ -63.08144, -9.32887 ], [ -63.08149, -9.32977 ], [ -63.08146, -9.33224 ], [ -63.0815, -9.33322 ], [ -63.08161, -9.33418 ], [ -63.08179, -9.33507 ], [ -63.08213, -9.33594 ], [ -63.08297, -9.337 ], [ -63.0837, -9.33764 ], [ -63.08454, -9.33814 ], [ -63.08545, -9.33849 ], [ -63.08643, -9.33871 ], [ -63.08822, -9.339 ], [ -63.09004, -9.33955 ], [ -63.0911, -9.33998 ], [ -63.09322, -9.34091 ], [ -63.09428, -9.34143 ], [ -63.0963, -9.34251 ], [ -63.09775, -9.34338 ], [ -63.10007, -9.34462 ], [ -63.10183, -9.34574 ], [ -63.10261, -9.34636 ], [ -63.10356, -9.34752 ], [ -63.10401, -9.3483 ], [ -63.10435, -9.34993 ], [ -63.10384, -9.35164 ], [ -63.10239, -9.35509 ], [ -63.10184, -9.35663 ], [ -63.10148, -9.35827 ], [ -63.10126, -9.35984 ], [ -63.10102, -9.36092 ], [ -63.10047, -9.36251 ], [ -63.09975, -9.36403 ], [ -63.0988, -9.36583 ], [ -63.09778, -9.36757 ], [ -63.09685, -9.36896 ], [ -63.09615, -9.36979 ], [ -63.09539, -9.37045 ], [ -63.09412, -9.3711 ], [ -63.09278, -9.37157 ], [ -63.09191, -9.37194 ], [ -63.09103, -9.37246 ], [ -63.0902, -9.37304 ], [ -63.08768, -9.37523 ], [ -63.08684, -9.37614 ], [ -63.08601, -9.3773 ], [ -63.08525, -9.37867 ], [ -63.08447, -9.3805 ], [ -63.08408, -9.38164 ], [ -63.08369, -9.38305 ], [ -63.08349, -9.38427 ], [ -63.08341, -9.38536 ], [ -63.08354, -9.38681 ], [ -63.08368, -9.38703 ], [ -63.08151, -9.38769 ], [ -63.08043, -9.38821 ], [ -63.07931, -9.38919 ], [ -63.07839, -9.39129 ], [ -63.07802, -9.39231 ], [ -63.07687, -9.39324 ], [ -63.07497, -9.39411 ], [ -63.07331, -9.39499 ], [ -63.07142, -9.39573 ], [ -63.06977, -9.39687 ], [ -63.06897, -9.39733 ], [ -63.06787, -9.39768 ], [ -63.066, -9.39799 ], [ -63.0646, -9.39834 ], [ -63.06355, -9.39882 ], [ -63.0626, -9.39945 ], [ -63.06166, -9.4002 ], [ -63.06118, -9.40037 ], [ -63.0601, -9.3996 ], [ -63.05916, -9.39952 ], [ -63.05808, -9.39963 ], [ -63.05665, -9.39997 ], [ -63.05487, -9.40077 ], [ -63.05244, -9.40157 ], [ -63.0513, -9.40202 ], [ -63.05013, -9.40233 ], [ -63.04774, -9.4024 ], [ -63.04661, -9.40264 ], [ -63.04582, -9.40319 ], [ -63.04477, -9.40477 ], [ -63.04417, -9.40585 ], [ -63.04341, -9.40704 ], [ -63.04276, -9.40777 ], [ -63.04175, -9.40843 ], [ -63.04054, -9.40884 ], [ -63.03944, -9.40908 ], [ -63.03816, -9.4092 ], [ -63.0364, -9.40908 ], [ -63.03425, -9.40873 ], [ -63.03368, -9.4087 ], [ -63.03276, -9.40809 ], [ -63.03167, -9.40783 ], [ -63.03102, -9.40719 ], [ -63.03026, -9.40643 ], [ -63.02868, -9.4062 ], [ -63.02871, -9.4049 ], [ -63.02828, -9.40348 ], [ -63.02777, -9.40235 ], [ -63.02693, -9.40094 ], [ -63.0263, -9.40012 ], [ -63.02537, -9.39923 ], [ -63.02406, -9.39829 ], [ -63.0225, -9.39728 ], [ -63.02014, -9.39602 ], [ -63.01737, -9.39469 ], [ -63.0163, -9.3941 ], [ -63.01402, -9.39273 ], [ -63.01247, -9.39163 ], [ -63.01103, -9.39037 ], [ -63.01029, -9.38953 ], [ -63.01011, -9.38855 ], [ -63.01096, -9.38795 ], [ -63.01191, -9.38753 ], [ -63.01278, -9.38686 ], [ -63.01337, -9.38587 ], [ -63.01354, -9.38489 ], [ -63.01333, -9.38387 ], [ -63.01239, -9.38233 ], [ -63.01067, -9.38062 ], [ -63.00971, -9.37952 ], [ -63.00921, -9.37877 ], [ -63.00878, -9.37762 ], [ -63.00858, -9.37646 ], [ -63.00817, -9.37513 ], [ -63.00718, -9.37406 ], [ -63.00503, -9.37294 ], [ -63.00404, -9.37225 ], [ -63.00308, -9.37139 ], [ -63.00181, -9.36982 ], [ -63.00116, -9.36862 ], [ -63.00069, -9.36747 ], [ -63.00035, -9.3662 ], [ -63.00035, -9.36537 ], [ -63.00019, -9.36524 ], [ -62.99908, -9.36387 ], [ -62.99814, -9.363 ], [ -62.99694, -9.3622 ], [ -62.99569, -9.36164 ], [ -62.99434, -9.36127 ], [ -62.99296, -9.36111 ], [ -62.99167, -9.36116 ], [ -62.99003, -9.36171 ], [ -62.9887, -9.36272 ], [ -62.98792, -9.36349 ], [ -62.98722, -9.3643 ], [ -62.98638, -9.36561 ], [ -62.98544, -9.36783 ], [ -62.985, -9.3687 ], [ -62.98438, -9.36965 ], [ -62.98295, -9.37142 ], [ -62.98107, -9.37346 ], [ -62.98038, -9.37433 ], [ -62.9798, -9.37517 ], [ -62.97934, -9.37608 ], [ -62.97899, -9.37753 ], [ -62.97873, -9.3802 ], [ -62.97838, -9.38102 ], [ -62.97788, -9.3818 ], [ -62.97727, -9.38251 ], [ -62.97656, -9.38315 ], [ -62.97495, -9.38402 ], [ -62.97366, -9.3842 ], [ -62.97241, -9.38401 ], [ -62.97106, -9.38362 ], [ -62.96918, -9.38337 ], [ -62.9678, -9.38351 ], [ -62.96657, -9.38399 ], [ -62.96521, -9.3848 ], [ -62.96452, -9.38537 ], [ -62.96392, -9.38494 ], [ -62.96049, -9.38185 ], [ -62.95954, -9.38113 ], [ -62.95874, -9.38068 ], [ -62.95806, -9.38008 ], [ -62.9576, -9.37918 ], [ -62.95703, -9.37721 ], [ -62.95653, -9.37631 ], [ -62.95588, -9.37544 ], [ -62.95472, -9.37426 ], [ -62.95379, -9.37371 ], [ -62.95274, -9.37336 ], [ -62.95162, -9.37325 ], [ -62.94931, -9.37324 ], [ -62.94821, -9.37341 ], [ -62.94723, -9.37389 ], [ -62.94636, -9.37457 ], [ -62.94556, -9.37535 ], [ -62.9449, -9.37626 ], [ -62.94424, -9.37781 ], [ -62.94351, -9.38038 ], [ -62.94257, -9.38243 ], [ -62.9419, -9.38352 ], [ -62.94118, -9.38453 ], [ -62.94055, -9.38463 ], [ -62.93911, -9.38514 ], [ -62.93751, -9.38534 ], [ -62.93481, -9.3854 ], [ -62.93312, -9.38568 ], [ -62.93165, -9.38635 ], [ -62.93039, -9.38659 ], [ -62.92956, -9.38594 ], [ -62.92885, -9.38519 ], [ -62.92803, -9.38384 ], [ -62.92785, -9.38287 ], [ -62.9276, -9.38295 ], [ -62.92674, -9.38339 ], [ -62.92483, -9.384 ], [ -62.9232, -9.38525 ], [ -62.92228, -9.38566 ], [ -62.92088, -9.38618 ], [ -62.91993, -9.38624 ], [ -62.91898, -9.38617 ], [ -62.9179, -9.38553 ], [ -62.91712, -9.38422 ], [ -62.91618, -9.38287 ], [ -62.9155, -9.38295 ], [ -62.9133, -9.38359 ], [ -62.91231, -9.38371 ], [ -62.91129, -9.38408 ], [ -62.91047, -9.38498 ], [ -62.91006, -9.38592 ], [ -62.90956, -9.38724 ], [ -62.90922, -9.38925 ], [ -62.90879, -9.39034 ], [ -62.90869, -9.39153 ], [ -62.90868, -9.3937 ], [ -62.90745, -9.39398 ], [ -62.90665, -9.39461 ], [ -62.9064, -9.39549 ], [ -62.90677, -9.39647 ], [ -62.90692, -9.39761 ], [ -62.90663, -9.39859 ], [ -62.90554, -9.40006 ], [ -62.90484, -9.40125 ], [ -62.90372, -9.40162 ], [ -62.90294, -9.40103 ], [ -62.90202, -9.40037 ], [ -62.90176, -9.40058 ], [ -62.90121, -9.4017 ], [ -62.90092, -9.40257 ], [ -62.90045, -9.40418 ], [ -62.89978, -9.405 ], [ -62.89894, -9.40569 ], [ -62.89813, -9.40649 ], [ -62.89745, -9.40738 ], [ -62.8969, -9.40888 ], [ -62.89705, -9.41026 ], [ -62.89741, -9.41199 ], [ -62.89724, -9.41328 ], [ -62.8965, -9.41441 ], [ -62.89559, -9.41517 ], [ -62.89474, -9.41563 ], [ -62.8937, -9.41606 ], [ -62.893, -9.41664 ], [ -62.89185, -9.41825 ], [ -62.89035, -9.41953 ], [ -62.88904, -9.41952 ], [ -62.88733, -9.41962 ], [ -62.88639, -9.4201 ], [ -62.88582, -9.42087 ], [ -62.88468, -9.42109 ], [ -62.88342, -9.42065 ], [ -62.88233, -9.42043 ], [ -62.88115, -9.42047 ], [ -62.88008, -9.4209 ], [ -62.87793, -9.4212 ], [ -62.87618, -9.4212 ], [ -62.87667, -9.42341 ], [ -62.87692, -9.42474 ], [ -62.87696, -9.42605 ], [ -62.87676, -9.42704 ], [ -62.87595, -9.42805 ], [ -62.87479, -9.42854 ], [ -62.87269, -9.42893 ], [ -62.87174, -9.42922 ], [ -62.8709, -9.42966 ], [ -62.87012, -9.43014 ], [ -62.86932, -9.43059 ], [ -62.86747, -9.4311 ], [ -62.86519, -9.4314 ], [ -62.86418, -9.43167 ], [ -62.86308, -9.43225 ], [ -62.86136, -9.43339 ], [ -62.85967, -9.43425 ], [ -62.85889, -9.43482 ], [ -62.85868, -9.43537 ], [ -62.85771, -9.43513 ], [ -62.85502, -9.43376 ], [ -62.85348, -9.43324 ], [ -62.8521, -9.43318 ], [ -62.85095, -9.43353 ], [ -62.84992, -9.43407 ], [ -62.84911, -9.43492 ], [ -62.84824, -9.43661 ], [ -62.84668, -9.43925 ], [ -62.846, -9.44023 ], [ -62.8453, -9.44114 ], [ -62.84452, -9.4419 ], [ -62.84359, -9.44236 ], [ -62.84094, -9.44255 ], [ -62.83984, -9.44243 ], [ -62.83784, -9.44143 ], [ -62.83647, -9.44096 ], [ -62.83347, -9.44068 ], [ -62.83242, -9.44052 ], [ -62.83202, -9.44037 ], [ -62.8309, -9.44122 ], [ -62.82952, -9.44243 ], [ -62.82852, -9.4435 ], [ -62.82735, -9.44521 ], [ -62.82676, -9.44642 ], [ -62.82627, -9.44763 ], [ -62.82549, -9.44975 ], [ -62.82499, -9.45085 ], [ -62.8242, -9.45242 ], [ -62.82337, -9.45385 ], [ -62.82254, -9.45509 ], [ -62.82171, -9.45608 ], [ -62.82066, -9.45812 ], [ -62.82022, -9.45903 ], [ -62.81969, -9.46 ], [ -62.81843, -9.46184 ], [ -62.81739, -9.46324 ], [ -62.81552, -9.46548 ], [ -62.81482, -9.46643 ], [ -62.81415, -9.46742 ], [ -62.81317, -9.46896 ], [ -62.81254, -9.46999 ], [ -62.81171, -9.47143 ], [ -62.81053, -9.47305 ], [ -62.80929, -9.4743 ], [ -62.80726, -9.47596 ], [ -62.80608, -9.47696 ], [ -62.80494, -9.47804 ], [ -62.80392, -9.47916 ], [ -62.80307, -9.48027 ], [ -62.80244, -9.48129 ], [ -62.80204, -9.48227 ], [ -62.80202, -9.48287 ], [ -62.80234, -9.48404 ], [ -62.80255, -9.48535 ], [ -62.80248, -9.48678 ], [ -62.80201, -9.48789 ], [ -62.80025, -9.48886 ], [ -62.79946, -9.48943 ], [ -62.799, -9.4903 ], [ -62.79848, -9.49306 ], [ -62.79824, -9.49413 ], [ -62.79757, -9.49618 ], [ -62.79665, -9.49828 ], [ -62.79643, -9.49929 ], [ -62.79642, -9.50038 ], [ -62.79671, -9.50203 ], [ -62.79707, -9.50433 ], [ -62.7974, -9.50566 ], [ -62.79854, -9.50814 ], [ -62.79868, -9.5087 ], [ -62.79858, -9.50869 ], [ -62.79791, -9.50942 ], [ -62.79715, -9.51068 ], [ -62.79638, -9.51222 ], [ -62.79617, -9.51334 ], [ -62.79618, -9.5162 ], [ -62.79534, -9.51656 ], [ -62.79447, -9.51704 ], [ -62.79361, -9.51785 ], [ -62.79296, -9.51898 ], [ -62.79177, -9.5218 ], [ -62.79066, -9.52403 ], [ -62.78952, -9.52517 ], [ -62.7885, -9.52598 ], [ -62.78798, -9.52674 ], [ -62.78729, -9.52812 ], [ -62.78659, -9.52992 ], [ -62.78635, -9.53102 ], [ -62.78586, -9.53456 ], [ -62.78539, -9.53551 ], [ -62.78443, -9.53627 ], [ -62.7833, -9.53694 ], [ -62.78241, -9.53764 ], [ -62.78202, -9.5387 ], [ -62.78192, -9.53898 ], [ -62.78136, -9.53972 ], [ -62.78054, -9.54039 ], [ -62.77933, -9.541 ], [ -62.77753, -9.54169 ], [ -62.77596, -9.5423 ], [ -62.77461, -9.5424 ], [ -62.77334, -9.54249 ], [ -62.77208, -9.54237 ], [ -62.77118, -9.54198 ], [ -62.7698, -9.54106 ], [ -62.76861, -9.54072 ], [ -62.76738, -9.54065 ], [ -62.76543, -9.54045 ], [ -62.76426, -9.54049 ], [ -62.76313, -9.54068 ], [ -62.76225, -9.54105 ], [ -62.76114, -9.54179 ], [ -62.76028, -9.54249 ], [ -62.75958, -9.54338 ], [ -62.75897, -9.54466 ], [ -62.75868, -9.5462 ], [ -62.75853, -9.54626 ], [ -62.75729, -9.5471 ], [ -62.75643, -9.54753 ], [ -62.75538, -9.54785 ], [ -62.75322, -9.54838 ], [ -62.7518, -9.549 ], [ -62.75089, -9.5485 ], [ -62.75048, -9.54765 ], [ -62.7499, -9.54584 ], [ -62.74918, -9.54488 ], [ -62.74831, -9.5441 ], [ -62.74758, -9.54313 ], [ -62.74656, -9.5421 ], [ -62.74517, -9.54159 ], [ -62.74419, -9.54168 ], [ -62.74285, -9.54203 ], [ -62.74248, -9.54277 ], [ -62.74183, -9.54345 ], [ -62.74091, -9.54387 ], [ -62.73993, -9.54377 ], [ -62.73895, -9.54288 ], [ -62.73767, -9.54119 ], [ -62.73638, -9.54054 ], [ -62.73493, -9.54018 ], [ -62.73375, -9.54008 ], [ -62.73262, -9.54025 ], [ -62.73155, -9.54069 ], [ -62.72998, -9.54156 ], [ -62.72816, -9.54241 ], [ -62.72519, -9.54343 ], [ -62.72408, -9.54402 ], [ -62.72251, -9.54501 ], [ -62.71989, -9.54659 ], [ -62.71764, -9.54764 ], [ -62.71641, -9.54812 ], [ -62.7155, -9.54832 ], [ -62.71449, -9.54846 ], [ -62.71343, -9.54854 ], [ -62.71239, -9.54856 ], [ -62.71001, -9.54854 ], [ -62.70868, -9.5487 ], [ -62.7085, -9.54933 ], [ -62.70729, -9.55181 ], [ -62.70679, -9.55312 ], [ -62.70653, -9.55409 ], [ -62.70638, -9.55507 ], [ -62.70638, -9.55667 ], [ -62.70657, -9.55788 ], [ -62.70694, -9.55879 ], [ -62.70863, -9.56125 ], [ -62.70906, -9.56226 ], [ -62.70933, -9.56361 ], [ -62.70923, -9.56535 ], [ -62.70879, -9.56668 ], [ -62.70828, -9.56767 ], [ -62.70716, -9.5696 ], [ -62.70669, -9.5706 ], [ -62.70635, -9.57195 ], [ -62.70638, -9.57366 ], [ -62.70689, -9.57512 ], [ -62.7076, -9.57638 ], [ -62.7092, -9.57969 ], [ -62.70982, -9.58075 ], [ -62.71068, -9.58196 ], [ -62.71171, -9.58297 ], [ -62.71268, -9.58358 ], [ -62.71356, -9.58397 ], [ -62.71448, -9.58426 ], [ -62.71597, -9.58466 ], [ -62.71681, -9.58502 ], [ -62.7176, -9.58552 ], [ -62.71852, -9.58645 ], [ -62.71901, -9.58721 ], [ -62.71941, -9.58801 ], [ -62.72044, -9.59057 ], [ -62.72118, -9.5912 ], [ -62.72041, -9.59188 ], [ -62.71941, -9.59231 ], [ -62.71814, -9.59264 ], [ -62.71306, -9.59342 ], [ -62.71191, -9.59357 ], [ -62.70959, -9.59412 ], [ -62.70864, -9.59432 ], [ -62.70485, -9.59494 ], [ -62.70387, -9.59508 ], [ -62.70188, -9.59526 ], [ -62.69998, -9.59537 ], [ -62.6984, -9.59537 ], [ -62.69547, -9.59481 ], [ -62.69433, -9.59479 ], [ -62.6934, -9.59525 ], [ -62.69278, -9.59641 ], [ -62.69237, -9.59926 ], [ -62.69195, -9.60083 ], [ -62.6911, -9.60202 ], [ -62.68996, -9.60262 ], [ -62.68876, -9.60273 ], [ -62.68738, -9.60256 ], [ -62.68522, -9.60216 ], [ -62.68391, -9.60202 ], [ -62.68267, -9.60198 ], [ -62.68202, -9.60203 ], [ -62.68169, -9.60313 ], [ -62.68106, -9.60412 ], [ -62.68041, -9.605 ], [ -62.67992, -9.60575 ], [ -62.67943, -9.60737 ], [ -62.67898, -9.60819 ], [ -62.67693, -9.60895 ], [ -62.67588, -9.60964 ], [ -62.67492, -9.61079 ], [ -62.67397, -9.61147 ], [ -62.67308, -9.61225 ], [ -62.6722, -9.61335 ], [ -62.67125, -9.61516 ], [ -62.67118, -9.61537 ], [ -62.67039, -9.61605 ], [ -62.66782, -9.61816 ], [ -62.66663, -9.6192 ], [ -62.66495, -9.62076 ], [ -62.66394, -9.62157 ], [ -62.66239, -9.62251 ], [ -62.66158, -9.62291 ], [ -62.6591, -9.62405 ], [ -62.65795, -9.62444 ], [ -62.65634, -9.62469 ], [ -62.65335, -9.62471 ], [ -62.65194, -9.62481 ], [ -62.65095, -9.62507 ], [ -62.65012, -9.6256 ], [ -62.64945, -9.62636 ], [ -62.6488, -9.6277 ], [ -62.64838, -9.62894 ], [ -62.64794, -9.63094 ], [ -62.64744, -9.63196 ], [ -62.64626, -9.63215 ], [ -62.64546, -9.6317 ], [ -62.64438, -9.63098 ], [ -62.64264, -9.63062 ], [ -62.64159, -9.63059 ], [ -62.63944, -9.63072 ], [ -62.63626, -9.63107 ], [ -62.63452, -9.6312 ], [ -62.63558, -9.63391 ], [ -62.63619, -9.63551 ], [ -62.63688, -9.63752 ], [ -62.63721, -9.63867 ], [ -62.63734, -9.6397 ], [ -62.63716, -9.64082 ], [ -62.63617, -9.64125 ], [ -62.63479, -9.64111 ], [ -62.63367, -9.64118 ], [ -62.63209, -9.64185 ], [ -62.63092, -9.64262 ], [ -62.63019, -9.64323 ], [ -62.62955, -9.64391 ], [ -62.62822, -9.64574 ], [ -62.62775, -9.64656 ], [ -62.62721, -9.64778 ], [ -62.62708, -9.64956 ], [ -62.62767, -9.6531 ], [ -62.62802, -9.65713 ], [ -62.62818, -9.65827 ], [ -62.62875, -9.66093 ], [ -62.62892, -9.66219 ], [ -62.62889, -9.66334 ], [ -62.62844, -9.6645 ], [ -62.62752, -9.66522 ], [ -62.624, -9.66654 ], [ -62.62093, -9.6678 ], [ -62.61937, -9.66854 ], [ -62.61841, -9.66909 ], [ -62.61605, -9.6709 ], [ -62.615, -9.67154 ], [ -62.61364, -9.67194 ], [ -62.61269, -9.67198 ], [ -62.61041, -9.67191 ], [ -62.60908, -9.67199 ], [ -62.60755, -9.67216 ], [ -62.6061, -9.67238 ], [ -62.60521, -9.67259 ], [ -62.60403, -9.67322 ], [ -62.60308, -9.67429 ], [ -62.60257, -9.67518 ], [ -62.60197, -9.67656 ], [ -62.60172, -9.67756 ], [ -62.6017, -9.67919 ], [ -62.60199, -9.68054 ], [ -62.60248, -9.68186 ], [ -62.60299, -9.68287 ], [ -62.60358, -9.68387 ], [ -62.60448, -9.68524 ], [ -62.60503, -9.68614 ], [ -62.60547, -9.68703 ], [ -62.60584, -9.68835 ], [ -62.6057, -9.68956 ], [ -62.605, -9.69064 ], [ -62.60433, -9.69125 ], [ -62.60306, -9.69205 ], [ -62.60207, -9.69249 ], [ -62.60116, -9.69274 ], [ -62.60019, -9.69289 ], [ -62.5992, -9.69293 ], [ -62.59824, -9.6929 ], [ -62.59613, -9.69267 ], [ -62.59512, -9.69263 ], [ -62.59311, -9.69278 ], [ -62.58938, -9.69288 ], [ -62.58788, -9.69309 ], [ -62.58703, -9.69341 ], [ -62.58571, -9.69462 ], [ -62.58507, -9.69556 ], [ -62.58369, -9.69806 ], [ -62.58294, -9.69934 ], [ -62.5821, -9.70047 ], [ -62.58115, -9.70134 ], [ -62.58019, -9.70187 ], [ -62.57928, -9.70213 ], [ -62.57821, -9.70217 ], [ -62.57785, -9.70203 ], [ -62.57757, -9.70456 ], [ -62.57732, -9.70614 ], [ -62.57632, -9.70914 ], [ -62.57633, -9.7101 ], [ -62.57668, -9.71102 ], [ -62.57718, -9.71194 ], [ -62.57803, -9.71326 ], [ -62.57847, -9.71418 ], [ -62.57866, -9.71579 ], [ -62.57878, -9.71872 ], [ -62.57867, -9.72057 ], [ -62.57918, -9.72163 ], [ -62.58032, -9.72214 ], [ -62.5829, -9.72221 ], [ -62.58386, -9.72237 ], [ -62.58478, -9.72294 ], [ -62.58579, -9.72385 ], [ -62.58729, -9.72552 ], [ -62.58809, -9.7266 ], [ -62.58859, -9.72745 ], [ -62.58868, -9.72787 ], [ -62.58972, -9.72798 ], [ -62.59082, -9.72853 ], [ -62.5917, -9.72929 ], [ -62.59231, -9.73012 ], [ -62.59325, -9.7311 ], [ -62.59405, -9.73159 ], [ -62.59511, -9.73177 ], [ -62.59659, -9.7325 ], [ -62.59793, -9.73277 ], [ -62.60106, -9.73297 ], [ -62.60203, -9.73311 ], [ -62.6035, -9.73361 ], [ -62.6047, -9.73402 ], [ -62.60604, -9.73419 ], [ -62.60727, -9.73397 ], [ -62.60785, -9.7337 ], [ -62.60841, -9.73445 ], [ -62.61009, -9.73591 ], [ -62.61111, -9.73699 ], [ -62.61209, -9.7382 ], [ -62.61302, -9.73948 ], [ -62.61408, -9.7413 ], [ -62.61501, -9.74347 ], [ -62.61551, -9.74446 ], [ -62.61748, -9.74742 ], [ -62.61844, -9.74895 ], [ -62.6192, -9.75037 ], [ -62.62006, -9.75225 ], [ -62.62136, -9.75477 ], [ -62.62181, -9.75577 ], [ -62.62248, -9.7579 ], [ -62.62318, -9.75997 ], [ -62.62372, -9.76127 ], [ -62.62426, -9.76232 ], [ -62.62485, -9.76339 ], [ -62.62548, -9.76439 ], [ -62.62618, -9.76534 ], [ -62.62697, -9.76622 ], [ -62.62782, -9.76702 ], [ -62.62928, -9.7681 ], [ -62.63072, -9.76885 ], [ -62.6333, -9.77004 ], [ -62.63571, -9.77107 ], [ -62.63694, -9.77166 ], [ -62.63836, -9.77245 ], [ -62.63963, -9.77325 ], [ -62.64068, -9.774 ], [ -62.64173, -9.77491 ], [ -62.64202, -9.77537 ], [ -62.64401, -9.77614 ], [ -62.6449, -9.77672 ], [ -62.64574, -9.77739 ], [ -62.64679, -9.77815 ], [ -62.64789, -9.77914 ], [ -62.64916, -9.78059 ], [ -62.64959, -9.78147 ], [ -62.6493, -9.78388 ], [ -62.6496, -9.78474 ], [ -62.6509, -9.7853 ], [ -62.65261, -9.78565 ], [ -62.65413, -9.78625 ], [ -62.65514, -9.78691 ], [ -62.65644, -9.78833 ], [ -62.65704, -9.78928 ], [ -62.65785, -9.7912 ], [ -62.65771, -9.79194 ], [ -62.65693, -9.79478 ], [ -62.65678, -9.79576 ], [ -62.65675, -9.79745 ], [ -62.65689, -9.79877 ], [ -62.65713, -9.80005 ], [ -62.65788, -9.80203 ], [ -62.6588, -9.80366 ], [ -62.65947, -9.80522 ], [ -62.65984, -9.80635 ], [ -62.66013, -9.80749 ], [ -62.66037, -9.80858 ], [ -62.66075, -9.8108 ], [ -62.66116, -9.81291 ], [ -62.66154, -9.81533 ], [ -62.66212, -9.81684 ], [ -62.66339, -9.81909 ], [ -62.66391, -9.81996 ], [ -62.66549, -9.82207 ], [ -62.66781, -9.82549 ], [ -62.66853, -9.82641 ], [ -62.66965, -9.82771 ], [ -62.67281, -9.8319 ], [ -62.6734, -9.83279 ], [ -62.67387, -9.83377 ], [ -62.67414, -9.83467 ], [ -62.67428, -9.83561 ], [ -62.67427, -9.83708 ], [ -62.67413, -9.83819 ], [ -62.67371, -9.84075 ], [ -62.67369, -9.84177 ], [ -62.6738, -9.84281 ], [ -62.67396, -9.8438 ], [ -62.67427, -9.84484 ], [ -62.67477, -9.84587 ], [ -62.67547, -9.8468 ], [ -62.67645, -9.84764 ], [ -62.67762, -9.84831 ], [ -62.67882, -9.84871 ], [ -62.68059, -9.84894 ], [ -62.68158, -9.84894 ], [ -62.68285, -9.8487 ], [ -62.68284, -9.85014 ], [ -62.68273, -9.85217 ], [ -62.68263, -9.85331 ], [ -62.68214, -9.85716 ], [ -62.68183, -9.86135 ], [ -62.68221, -9.86597 ], [ -62.68235, -9.86718 ], [ -62.68231, -9.87059 ], [ -62.68191, -9.87213 ], [ -62.68138, -9.87309 ], [ -62.68058, -9.87379 ], [ -62.67956, -9.87418 ], [ -62.67789, -9.87442 ], [ -62.67685, -9.87466 ], [ -62.67586, -9.87519 ], [ -62.67471, -9.87606 ], [ -62.67343, -9.87696 ], [ -62.67158, -9.87807 ], [ -62.67045, -9.87867 ], [ -62.67035, -9.8787 ], [ -62.67017, -9.88003 ], [ -62.67066, -9.88313 ], [ -62.67156, -9.8867 ], [ -62.67165, -9.88802 ], [ -62.67148, -9.88932 ], [ -62.67099, -9.89045 ], [ -62.66982, -9.89166 ], [ -62.66831, -9.89318 ], [ -62.66791, -9.89439 ], [ -62.66856, -9.8956 ], [ -62.66943, -9.8962 ], [ -62.67068, -9.89671 ], [ -62.67385, -9.89739 ], [ -62.6752, -9.8979 ], [ -62.67624, -9.89852 ], [ -62.67708, -9.89943 ], [ -62.67788, -9.90064 ], [ -62.67859, -9.90213 ], [ -62.67926, -9.90455 ], [ -62.67949, -9.90569 ], [ -62.67952, -9.9062 ], [ -62.67847, -9.90623 ], [ -62.67745, -9.90647 ], [ -62.67561, -9.90722 ], [ -62.67428, -9.908 ], [ -62.6724, -9.90943 ], [ -62.67124, -9.91053 ], [ -62.67024, -9.91171 ], [ -62.66956, -9.91275 ], [ -62.66904, -9.91377 ], [ -62.66831, -9.91552 ], [ -62.66782, -9.91741 ], [ -62.66774, -9.91854 ], [ -62.66779, -9.91968 ], [ -62.66797, -9.9208 ], [ -62.66828, -9.92186 ], [ -62.66875, -9.9229 ], [ -62.67045, -9.92602 ], [ -62.67249, -9.9303 ], [ -62.67313, -9.93177 ], [ -62.67352, -9.93321 ], [ -62.67358, -9.93412 ], [ -62.67336, -9.93545 ], [ -62.67288, -9.93723 ], [ -62.67275, -9.93818 ], [ -62.6728, -9.93975 ], [ -62.673, -9.94131 ], [ -62.67316, -9.94238 ], [ -62.67337, -9.94345 ], [ -62.67364, -9.94449 ], [ -62.67401, -9.94559 ], [ -62.67476, -9.94767 ], [ -62.67503, -9.94879 ], [ -62.67516, -9.94993 ], [ -62.67524, -9.95114 ], [ -62.67537, -9.95235 ], [ -62.67558, -9.95366 ], [ -62.67589, -9.955 ], [ -62.67703, -9.95871 ], [ -62.67742, -9.96004 ], [ -62.67767, -9.96111 ], [ -62.67782, -9.96199 ], [ -62.67785, -9.96287 ], [ -62.67686, -9.96346 ], [ -62.6762, -9.96455 ], [ -62.67617, -9.9685 ], [ -62.67622, -9.96971 ], [ -62.67689, -9.9708 ], [ -62.67702, -9.9712 ], [ -62.67731, -9.97155 ], [ -62.67754, -9.97283 ], [ -62.67769, -9.9754 ], [ -62.67782, -9.97668 ], [ -62.67806, -9.97797 ], [ -62.67841, -9.97919 ], [ -62.67895, -9.98044 ], [ -62.67956, -9.98145 ], [ -62.68015, -9.98226 ], [ -62.68067, -9.98307 ], [ -62.68121, -9.98468 ], [ -62.6809, -9.98592 ], [ -62.68019, -9.98696 ], [ -62.67908, -9.98825 ], [ -62.67826, -9.98955 ], [ -62.67762, -9.99074 ], [ -62.67635, -9.99329 ], [ -62.67558, -9.99528 ], [ -62.67513, -9.99617 ], [ -62.67455, -9.99692 ], [ -62.67383, -9.9975 ], [ -62.673, -9.9979 ], [ -62.67161, -9.99839 ], [ -62.67003, -9.99888 ], [ -62.66857, -9.99954 ], [ -62.6678, -10.00053 ], [ -62.66686, -10.00229 ], [ -62.66628, -10.00317 ], [ -62.66555, -10.00407 ], [ -62.6646, -10.00505 ], [ -62.66289, -10.00654 ], [ -62.66104, -10.00795 ], [ -62.65986, -10.00881 ], [ -62.65881, -10.00953 ], [ -62.65794, -10.01007 ], [ -62.65702, -10.01037 ], [ -62.65571, -10.01192 ], [ -62.65509, -10.01286 ], [ -62.65484, -10.01399 ], [ -62.65503, -10.01535 ], [ -62.65488, -10.01644 ], [ -62.65493, -10.01764 ], [ -62.65518, -10.0186 ], [ -62.65528, -10.01995 ], [ -62.65523, -10.02087 ], [ -62.65444, -10.02318 ], [ -62.65356, -10.02481 ], [ -62.65265, -10.02592 ], [ -62.6516, -10.02695 ], [ -62.65116, -10.02778 ], [ -62.65118, -10.02787 ], [ -62.65257, -10.02909 ], [ -62.65351, -10.03008 ], [ -62.65403, -10.03107 ], [ -62.65435, -10.03224 ], [ -62.6545, -10.03411 ], [ -62.65444, -10.03736 ], [ -62.6546, -10.03867 ], [ -62.65483, -10.03969 ], [ -62.65541, -10.04109 ], [ -62.656, -10.0419 ], [ -62.65869, -10.04473 ], [ -62.66087, -10.04682 ], [ -62.66147, -10.04753 ], [ -62.66206, -10.04855 ], [ -62.6625, -10.04967 ], [ -62.66288, -10.05145 ], [ -62.66294, -10.05271 ], [ -62.66284, -10.05398 ], [ -62.66246, -10.05582 ], [ -62.66192, -10.05764 ], [ -62.66148, -10.05885 ], [ -62.66071, -10.06054 ], [ -62.65928, -10.06316 ], [ -62.65873, -10.06424 ], [ -62.65824, -10.06526 ], [ -62.65784, -10.06639 ], [ -62.65755, -10.06755 ], [ -62.65735, -10.06924 ], [ -62.65735, -10.07046 ], [ -62.65741, -10.0717 ], [ -62.65763, -10.07474 ], [ -62.65763, -10.07598 ], [ -62.65742, -10.07799 ], [ -62.65713, -10.07951 ], [ -62.65634, -10.08254 ], [ -62.65591, -10.08402 ], [ -62.6555, -10.08534 ], [ -62.65496, -10.08664 ], [ -62.65425, -10.0876 ], [ -62.65368, -10.08787 ], [ -62.65323, -10.08921 ], [ -62.65341, -10.0904 ], [ -62.65384, -10.09149 ], [ -62.65451, -10.09254 ], [ -62.65542, -10.09352 ], [ -62.6563, -10.09422 ], [ -62.65726, -10.09482 ], [ -62.65885, -10.09566 ], [ -62.65997, -10.09612 ], [ -62.66157, -10.09666 ], [ -62.66262, -10.09706 ], [ -62.6647, -10.098 ], [ -62.66569, -10.09854 ], [ -62.66657, -10.09919 ], [ -62.66732, -10.1 ], [ -62.66782, -10.10081 ], [ -62.66821, -10.1017 ], [ -62.66869, -10.10315 ], [ -62.66908, -10.10537 ], [ -62.66911, -10.10643 ], [ -62.669, -10.10904 ], [ -62.66926, -10.11073 ], [ -62.66983, -10.11187 ], [ -62.67066, -10.11268 ], [ -62.67254, -10.11378 ], [ -62.67342, -10.11433 ], [ -62.6743, -10.11501 ], [ -62.67645, -10.11689 ], [ -62.6774, -10.11752 ], [ -62.67937, -10.11872 ], [ -62.68031, -10.11938 ], [ -62.68166, -10.12042 ], [ -62.68356, -10.12168 ], [ -62.68457, -10.12218 ], [ -62.68664, -10.12264 ], [ -62.68754, -10.12296 ], [ -62.6889, -10.12383 ], [ -62.68972, -10.12461 ], [ -62.69177, -10.12682 ], [ -62.69334, -10.12834 ], [ -62.69368, -10.1287 ], [ -62.69297, -10.12965 ], [ -62.69223, -10.13066 ], [ -62.6915, -10.13142 ], [ -62.6906, -10.13181 ], [ -62.68913, -10.13211 ], [ -62.6882, -10.13237 ], [ -62.68687, -10.13299 ], [ -62.68561, -10.13394 ], [ -62.68502, -10.13461 ], [ -62.68403, -10.13613 ], [ -62.68339, -10.13703 ], [ -62.6819, -10.13807 ], [ -62.68116, -10.13868 ], [ -62.68062, -10.13948 ], [ -62.68037, -10.14037 ], [ -62.67994, -10.14267 ], [ -62.67964, -10.14383 ], [ -62.67952, -10.14453 ], [ -62.67832, -10.14576 ], [ -62.6773, -10.14639 ], [ -62.67603, -10.14697 ], [ -62.67455, -10.14752 ], [ -62.66946, -10.14916 ], [ -62.66784, -10.14974 ], [ -62.6668, -10.15016 ], [ -62.66586, -10.15067 ], [ -62.66462, -10.15165 ], [ -62.66392, -10.15252 ], [ -62.66345, -10.15339 ], [ -62.66307, -10.15435 ], [ -62.66257, -10.15596 ], [ -62.66232, -10.15703 ], [ -62.66211, -10.15814 ], [ -62.66186, -10.15986 ], [ -62.66153, -10.16377 ], [ -62.66117, -10.16694 ], [ -62.6609, -10.16863 ], [ -62.66058, -10.16961 ], [ -62.66014, -10.17039 ], [ -62.65931, -10.17132 ], [ -62.65832, -10.17176 ], [ -62.6573, -10.17156 ], [ -62.65637, -10.17068 ], [ -62.65583, -10.1698 ], [ -62.65508, -10.16827 ], [ -62.65407, -10.166 ], [ -62.65349, -10.16494 ], [ -62.65241, -10.16362 ], [ -62.65157, -10.16301 ], [ -62.6501, -10.16244 ], [ -62.64906, -10.16235 ], [ -62.64804, -10.16248 ], [ -62.64706, -10.16283 ], [ -62.64615, -10.16337 ], [ -62.64493, -10.16445 ], [ -62.64432, -10.16527 ], [ -62.64375, -10.16623 ], [ -62.64247, -10.16859 ], [ -62.64162, -10.16999 ], [ -62.63991, -10.17272 ], [ -62.63881, -10.17469 ], [ -62.63829, -10.17581 ], [ -62.63795, -10.17683 ], [ -62.63785, -10.17787 ], [ -62.63535, -10.17787 ], [ -62.63391, -10.17913 ], [ -62.63301, -10.18028 ], [ -62.63148, -10.18302 ], [ -62.63077, -10.1847 ], [ -62.63044, -10.18575 ], [ -62.63028, -10.18747 ], [ -62.63015, -10.18877 ], [ -62.62987, -10.19004 ], [ -62.62935, -10.19111 ], [ -62.62863, -10.19199 ], [ -62.62774, -10.19271 ], [ -62.62676, -10.1933 ], [ -62.62574, -10.19376 ], [ -62.62362, -10.19418 ], [ -62.62264, -10.19453 ], [ -62.62193, -10.19522 ], [ -62.6216, -10.19626 ], [ -62.62157, -10.19745 ], [ -62.62205, -10.20053 ], [ -62.62212, -10.20208 ], [ -62.62189, -10.20635 ], [ -62.62202, -10.20703 ], [ -62.62393, -10.20663 ], [ -62.62501, -10.20641 ], [ -62.62619, -10.2063 ], [ -62.62741, -10.2064 ], [ -62.62859, -10.20672 ], [ -62.62974, -10.20731 ], [ -62.6308, -10.20804 ], [ -62.63173, -10.20877 ], [ -62.63288, -10.2099 ], [ -62.63382, -10.21112 ], [ -62.63468, -10.21243 ], [ -62.63599, -10.2142 ], [ -62.63848, -10.21739 ], [ -62.641, -10.22074 ], [ -62.64269, -10.22319 ], [ -62.64364, -10.22468 ], [ -62.64476, -10.22659 ], [ -62.6452, -10.22754 ], [ -62.64549, -10.22851 ], [ -62.64557, -10.22955 ], [ -62.64541, -10.23057 ], [ -62.64506, -10.23152 ], [ -62.64454, -10.23242 ], [ -62.64391, -10.23328 ], [ -62.64321, -10.2341 ], [ -62.64138, -10.23595 ], [ -62.64073, -10.23672 ], [ -62.64005, -10.2378 ], [ -62.63992, -10.23901 ], [ -62.64038, -10.24012 ], [ -62.64151, -10.24157 ], [ -62.64293, -10.2431 ], [ -62.6437, -10.24379 ], [ -62.64459, -10.24447 ], [ -62.64679, -10.24591 ], [ -62.64799, -10.24678 ], [ -62.64918, -10.2477 ], [ -62.6518, -10.2499 ], [ -62.65262, -10.25056 ], [ -62.65347, -10.25114 ], [ -62.65368, -10.2512 ], [ -62.65495, -10.24986 ], [ -62.65592, -10.24879 ], [ -62.65893, -10.24578 ], [ -62.65989, -10.24523 ], [ -62.66065, -10.24572 ], [ -62.66129, -10.24781 ], [ -62.66175, -10.24864 ], [ -62.66258, -10.24948 ], [ -62.66364, -10.25031 ], [ -62.66457, -10.25118 ], [ -62.66574, -10.25153 ], [ -62.66763, -10.25034 ], [ -62.66885, -10.2494 ], [ -62.6695, -10.24864 ], [ -62.67018, -10.24733 ], [ -62.67077, -10.24648 ], [ -62.6715, -10.24568 ], [ -62.67231, -10.24488 ], [ -62.67336, -10.24406 ], [ -62.67473, -10.24325 ], [ -62.67625, -10.24257 ], [ -62.67779, -10.24199 ], [ -62.68035, -10.2412 ], [ -62.68094, -10.24151 ], [ -62.68203, -10.24218 ], [ -62.68275, -10.24271 ], [ -62.68365, -10.24362 ], [ -62.68416, -10.24442 ], [ -62.68453, -10.24574 ], [ -62.68417, -10.24683 ], [ -62.6827, -10.24853 ], [ -62.6821, -10.24949 ], [ -62.68162, -10.25049 ], [ -62.68115, -10.25213 ], [ -62.68063, -10.25613 ], [ -62.68025, -10.25773 ], [ -62.67975, -10.25919 ], [ -62.67961, -10.26022 ], [ -62.67968, -10.26124 ], [ -62.68017, -10.26473 ], [ -62.68073, -10.26596 ], [ -62.68169, -10.2673 ], [ -62.68244, -10.2682 ], [ -62.68532, -10.27107 ], [ -62.68594, -10.27184 ], [ -62.68752, -10.27397 ], [ -62.68871, -10.2758 ], [ -62.68928, -10.27663 ], [ -62.69006, -10.27764 ], [ -62.69118, -10.2787 ], [ -62.69083, -10.27962 ], [ -62.69022, -10.28182 ], [ -62.68987, -10.2827 ], [ -62.68908, -10.28413 ], [ -62.68818, -10.28541 ], [ -62.68744, -10.28749 ], [ -62.68641, -10.28949 ], [ -62.68562, -10.2915 ], [ -62.68474, -10.29253 ], [ -62.68425, -10.29364 ], [ -62.68423, -10.29579 ], [ -62.6839, -10.29671 ], [ -62.68319, -10.2976 ], [ -62.68207, -10.29845 ], [ -62.68118, -10.2987 ], [ -62.68167, -10.29958 ], [ -62.68196, -10.30061 ], [ -62.68214, -10.30226 ], [ -62.68268, -10.30305 ], [ -62.68341, -10.304 ], [ -62.68303, -10.30495 ], [ -62.6829, -10.30599 ], [ -62.68339, -10.30687 ], [ -62.68432, -10.30704 ], [ -62.68535, -10.30703 ], [ -62.68556, -10.30782 ], [ -62.6856, -10.30871 ], [ -62.68559, -10.30986 ], [ -62.68552, -10.31119 ], [ -62.68497, -10.31768 ], [ -62.68483, -10.32182 ], [ -62.68482, -10.32317 ], [ -62.68488, -10.32455 ], [ -62.68501, -10.3259 ], [ -62.68521, -10.32721 ], [ -62.686, -10.33075 ], [ -62.68619, -10.33194 ], [ -62.68648, -10.33527 ], [ -62.68707, -10.33804 ], [ -62.68729, -10.33931 ], [ -62.68793, -10.3446 ], [ -62.68814, -10.34577 ], [ -62.68857, -10.34719 ], [ -62.68891, -10.34802 ], [ -62.68945, -10.34905 ], [ -62.69038, -10.35048 ], [ -62.69178, -10.35236 ], [ -62.69252, -10.35323 ], [ -62.69437, -10.35529 ], [ -62.69503, -10.35613 ], [ -62.69558, -10.35699 ], [ -62.69617, -10.35859 ], [ -62.69619, -10.35983 ], [ -62.69603, -10.36086 ], [ -62.69562, -10.36253 ], [ -62.69478, -10.36534 ], [ -62.69457, -10.36646 ], [ -62.69444, -10.36763 ], [ -62.69439, -10.36883 ], [ -62.69447, -10.37067 ], [ -62.69461, -10.37206 ], [ -62.6948, -10.37344 ], [ -62.69507, -10.3748 ], [ -62.69544, -10.37608 ], [ -62.69591, -10.37724 ], [ -62.69698, -10.37941 ], [ -62.69933, -10.38465 ], [ -62.69981, -10.3858 ], [ -62.70022, -10.38713 ], [ -62.7003, -10.38836 ], [ -62.70009, -10.38926 ], [ -62.69953, -10.39036 ], [ -62.69868, -10.3912 ], [ -62.69869, -10.39189 ], [ -62.69906, -10.39331 ], [ -62.69967, -10.39459 ], [ -62.70047, -10.39586 ], [ -62.70207, -10.39804 ], [ -62.70307, -10.39981 ], [ -62.70379, -10.40058 ], [ -62.70592, -10.40227 ], [ -62.70668, -10.40303 ], [ -62.70756, -10.4042 ], [ -62.70784, -10.4051 ], [ -62.70796, -10.40615 ], [ -62.70802, -10.40721 ], [ -62.70791, -10.40832 ], [ -62.70718, -10.41112 ], [ -62.70691, -10.41289 ], [ -62.70696, -10.41408 ], [ -62.70739, -10.41646 ], [ -62.70789, -10.41774 ], [ -62.70848, -10.41878 ], [ -62.70952, -10.42031 ], [ -62.71027, -10.42161 ], [ -62.71094, -10.42314 ], [ -62.71168, -10.4256 ], [ -62.71198, -10.42738 ], [ -62.71202, -10.4287 ], [ -62.7123, -10.42896 ], [ -62.71355, -10.43108 ], [ -62.71468, -10.43332 ], [ -62.71551, -10.43442 ], [ -62.71649, -10.43513 ], [ -62.71821, -10.43594 ], [ -62.72055, -10.43693 ], [ -62.72161, -10.43762 ], [ -62.72316, -10.43853 ], [ -62.72461, -10.43949 ], [ -62.72568, -10.43986 ], [ -62.7268, -10.43985 ], [ -62.72785, -10.43947 ], [ -62.7287, -10.43882 ], [ -62.72933, -10.4378 ], [ -62.73008, -10.43616 ], [ -62.73078, -10.43549 ], [ -62.73167, -10.43532 ], [ -62.73276, -10.43562 ], [ -62.73531, -10.43656 ], [ -62.73702, -10.43703 ], [ -62.73743, -10.4376 ], [ -62.73791, -10.43852 ], [ -62.73831, -10.43974 ], [ -62.73848, -10.44118 ], [ -62.73827, -10.44258 ], [ -62.73771, -10.44384 ], [ -62.73668, -10.4448 ], [ -62.73524, -10.44551 ], [ -62.73329, -10.44637 ], [ -62.73215, -10.44705 ], [ -62.73155, -10.44778 ], [ -62.73137, -10.44897 ], [ -62.73179, -10.44993 ], [ -62.73259, -10.45069 ], [ -62.73368, -10.4514 ], [ -62.73459, -10.45213 ], [ -62.7352, -10.4529 ], [ -62.73587, -10.45424 ], [ -62.73649, -10.45587 ], [ -62.7369, -10.45743 ], [ -62.73734, -10.45965 ], [ -62.73753, -10.46091 ], [ -62.73772, -10.4627 ], [ -62.73822, -10.46489 ], [ -62.73858, -10.46577 ], [ -62.73934, -10.46706 ], [ -62.74032, -10.46826 ], [ -62.74138, -10.46932 ], [ -62.74236, -10.47021 ], [ -62.74368, -10.4712 ], [ -62.74427, -10.47109 ], [ -62.74626, -10.47024 ], [ -62.74834, -10.46913 ], [ -62.74983, -10.46807 ], [ -62.75179, -10.46695 ], [ -62.75277, -10.46672 ], [ -62.75377, -10.46688 ], [ -62.75475, -10.46708 ], [ -62.75569, -10.46741 ], [ -62.75671, -10.46806 ], [ -62.75837, -10.46938 ], [ -62.75962, -10.47004 ], [ -62.76061, -10.47028 ], [ -62.76225, -10.47057 ], [ -62.76347, -10.4709 ], [ -62.76578, -10.47181 ], [ -62.76702, -10.47203 ], [ -62.76785, -10.47287 ], [ -62.76891, -10.47471 ], [ -62.77197, -10.48061 ], [ -62.77251, -10.48186 ], [ -62.7728, -10.48279 ], [ -62.77305, -10.48417 ], [ -62.77303, -10.48585 ], [ -62.77272, -10.48794 ], [ -62.77265, -10.48909 ], [ -62.77267, -10.49061 ], [ -62.77273, -10.49158 ], [ -62.77291, -10.49302 ], [ -62.7732, -10.49402 ], [ -62.7737, -10.49487 ], [ -62.77437, -10.4955 ], [ -62.77553, -10.49607 ], [ -62.77716, -10.49635 ], [ -62.77818, -10.4963 ], [ -62.77921, -10.49608 ], [ -62.78026, -10.49573 ], [ -62.78191, -10.49512 ], [ -62.78308, -10.49475 ], [ -62.78415, -10.49449 ], [ -62.78527, -10.49431 ], [ -62.7864, -10.49421 ], [ -62.78748, -10.49417 ], [ -62.7885, -10.4942 ], [ -62.79002, -10.49438 ], [ -62.79148, -10.49499 ], [ -62.79199, -10.49587 ], [ -62.79212, -10.49957 ], [ -62.79218, -10.50099 ], [ -62.79217, -10.50204 ], [ -62.79208, -10.50368 ], [ -62.79201, -10.50589 ], [ -62.79204, -10.50681 ], [ -62.79226, -10.5077 ], [ -62.79299, -10.50878 ], [ -62.79366, -10.50938 ], [ -62.79459, -10.50996 ], [ -62.79631, -10.51065 ], [ -62.7989, -10.5114 ], [ -62.80015, -10.51184 ], [ -62.80125, -10.51232 ], [ -62.80368, -10.5137 ], [ -62.80376, -10.5148 ], [ -62.80321, -10.5178 ], [ -62.80286, -10.51978 ], [ -62.80271, -10.52093 ], [ -62.80259, -10.52211 ], [ -62.80252, -10.52329 ], [ -62.80235, -10.52821 ], [ -62.80227, -10.52945 ], [ -62.80196, -10.53275 ], [ -62.80195, -10.5343 ], [ -62.80236, -10.53548 ], [ -62.80355, -10.53708 ], [ -62.80442, -10.53901 ], [ -62.80501, -10.54017 ], [ -62.80548, -10.54093 ], [ -62.80606, -10.54164 ], [ -62.80783, -10.54299 ], [ -62.81038, -10.54447 ], [ -62.8118, -10.54554 ], [ -62.81299, -10.54687 ], [ -62.81367, -10.54789 ], [ -62.81424, -10.54894 ], [ -62.81471, -10.55006 ], [ -62.81502, -10.55106 ], [ -62.81525, -10.5521 ], [ -62.8154, -10.55314 ], [ -62.81546, -10.55452 ], [ -62.81522, -10.55613 ], [ -62.81452, -10.55799 ], [ -62.81337, -10.5605 ], [ -62.81294, -10.56184 ], [ -62.81271, -10.56307 ], [ -62.81264, -10.5642 ], [ -62.81273, -10.56566 ], [ -62.81285, -10.5662 ], [ -62.81395, -10.56604 ], [ -62.81544, -10.56598 ], [ -62.8173, -10.56593 ], [ -62.81885, -10.56601 ], [ -62.82065, -10.56631 ], [ -62.82155, -10.56651 ], [ -62.82356, -10.5672 ], [ -62.82706, -10.56862 ], [ -62.82858, -10.56904 ], [ -62.82951, -10.56918 ], [ -62.83046, -10.56927 ], [ -62.83141, -10.56932 ], [ -62.83299, -10.56936 ], [ -62.83393, -10.56943 ], [ -62.83485, -10.56958 ], [ -62.83669, -10.57008 ], [ -62.83854, -10.57053 ], [ -62.84002, -10.57079 ], [ -62.84168, -10.57089 ], [ -62.84405, -10.57079 ], [ -62.84638, -10.57073 ], [ -62.84755, -10.5706 ], [ -62.84895, -10.57023 ], [ -62.85021, -10.56965 ], [ -62.85113, -10.56893 ], [ -62.85273, -10.56685 ], [ -62.85383, -10.56569 ], [ -62.85478, -10.56488 ], [ -62.85535, -10.56453 ], [ -62.85697, -10.56464 ], [ -62.86069, -10.5646 ], [ -62.86233, -10.56463 ], [ -62.86487, -10.56483 ], [ -62.86652, -10.56503 ], [ -62.86805, -10.56529 ], [ -62.86999, -10.56575 ], [ -62.87112, -10.56608 ], [ -62.87273, -10.56661 ], [ -62.87374, -10.5669 ], [ -62.87473, -10.56708 ], [ -62.87621, -10.56704 ], [ -62.87883, -10.56662 ], [ -62.87995, -10.56649 ], [ -62.88177, -10.56641 ], [ -62.88499, -10.56633 ], [ -62.88629, -10.56624 ], [ -62.88757, -10.56608 ], [ -62.88882, -10.56583 ], [ -62.8913, -10.56512 ], [ -62.89251, -10.56482 ], [ -62.89491, -10.56438 ], [ -62.89657, -10.56417 ], [ -62.89808, -10.56411 ], [ -62.89938, -10.56423 ], [ -62.90049, -10.5647 ], [ -62.90131, -10.56547 ], [ -62.90166, -10.56641 ], [ -62.90141, -10.56747 ], [ -62.90069, -10.56855 ], [ -62.89962, -10.56963 ], [ -62.89881, -10.57029 ], [ -62.89626, -10.57226 ], [ -62.89557, -10.57294 ], [ -62.89506, -10.57373 ], [ -62.89479, -10.57462 ], [ -62.89478, -10.57553 ], [ -62.89527, -10.57722 ], [ -62.89555, -10.57818 ], [ -62.89575, -10.57925 ], [ -62.89585, -10.58036 ], [ -62.89587, -10.58144 ], [ -62.8958, -10.58329 ], [ -62.89599, -10.58455 ], [ -62.89677, -10.58521 ], [ -62.89783, -10.58526 ], [ -62.90067, -10.58492 ], [ -62.90175, -10.58473 ], [ -62.90554, -10.5839 ], [ -62.90648, -10.5838 ], [ -62.90776, -10.584 ], [ -62.90877, -10.58475 ], [ -62.90934, -10.58587 ], [ -62.9095, -10.58677 ], [ -62.9095, -10.58774 ], [ -62.90934, -10.58872 ], [ -62.90902, -10.58966 ], [ -62.90851, -10.59057 ], [ -62.90728, -10.59237 ], [ -62.9064, -10.59387 ], [ -62.9059, -10.59481 ], [ -62.90556, -10.59593 ], [ -62.90548, -10.5969 ], [ -62.90557, -10.59792 ], [ -62.90592, -10.59927 ], [ -62.90676, -10.60126 ], [ -62.90778, -10.60303 ], [ -62.90843, -10.60395 ], [ -62.90952, -10.60537 ], [ -62.91191, -10.60507 ], [ -62.91431, -10.60498 ], [ -62.91576, -10.60478 ], [ -62.91748, -10.60435 ], [ -62.91862, -10.60432 ], [ -62.92029, -10.60475 ], [ -62.9218, -10.60529 ], [ -62.92274, -10.6054 ], [ -62.92369, -10.60513 ], [ -62.92461, -10.60458 ], [ -62.92544, -10.60383 ], [ -62.92653, -10.60242 ], [ -62.92908, -10.59908 ], [ -62.92991, -10.59825 ], [ -62.93093, -10.5976 ], [ -62.93234, -10.5974 ], [ -62.93392, -10.59766 ], [ -62.93522, -10.59829 ], [ -62.93601, -10.59911 ], [ -62.93618, -10.59953 ], [ -62.93554, -10.60122 ], [ -62.93528, -10.6023 ], [ -62.93515, -10.60356 ], [ -62.93519, -10.60499 ], [ -62.93542, -10.60647 ], [ -62.93585, -10.60785 ], [ -62.93642, -10.60914 ], [ -62.93747, -10.61081 ], [ -62.93866, -10.61207 ], [ -62.93954, -10.61285 ], [ -62.94049, -10.61356 ], [ -62.94208, -10.61451 ], [ -62.94306, -10.61495 ], [ -62.9461, -10.61613 ], [ -62.94835, -10.61717 ], [ -62.94946, -10.61764 ], [ -62.95039, -10.61795 ], [ -62.95285, -10.61862 ], [ -62.95442, -10.61919 ], [ -62.95541, -10.61973 ], [ -62.95635, -10.6204 ], [ -62.95997, -10.62324 ], [ -62.96135, -10.62438 ], [ -62.96321, -10.6258 ], [ -62.96601, -10.62803 ], [ -62.96689, -10.62878 ], [ -62.96771, -10.62963 ], [ -62.96828, -10.63035 ], [ -62.96881, -10.6311 ], [ -62.97045, -10.63361 ], [ -62.97276, -10.63697 ], [ -62.97393, -10.63886 ], [ -62.97546, -10.64159 ], [ -62.97611, -10.64241 ], [ -62.97734, -10.6433 ], [ -62.97878, -10.64396 ], [ -62.97976, -10.64429 ], [ -62.98157, -10.64486 ], [ -62.9834, -10.6455 ], [ -62.98475, -10.64605 ], [ -62.98594, -10.64662 ], [ -62.98688, -10.64722 ], [ -62.98775, -10.64814 ], [ -62.98785, -10.6487 ], [ -62.98641, -10.64938 ], [ -62.98584, -10.65014 ], [ -62.98507, -10.65177 ], [ -62.98448, -10.65374 ], [ -62.98426, -10.65516 ], [ -62.98427, -10.65716 ], [ -62.98454, -10.65834 ], [ -62.98531, -10.66047 ], [ -62.98564, -10.66168 ], [ -62.98591, -10.66294 ], [ -62.98624, -10.66478 ], [ -62.9864, -10.66602 ], [ -62.98653, -10.66776 ], [ -62.98639, -10.67097 ], [ -62.98647, -10.67208 ], [ -62.98675, -10.67345 ], [ -62.98719, -10.67481 ], [ -62.98767, -10.67589 ], [ -62.98853, -10.6774 ], [ -62.9892, -10.67832 ], [ -62.98993, -10.67919 ], [ -62.99115, -10.6804 ], [ -62.99204, -10.68108 ], [ -62.99301, -10.68165 ], [ -62.99401, -10.68208 ], [ -62.99557, -10.68256 ], [ -62.99802, -10.68302 ], [ -62.9996, -10.68368 ], [ -63.00036, -10.68482 ], [ -63.00043, -10.68585 ], [ -63.00004, -10.68749 ], [ -62.9993, -10.68924 ], [ -62.99848, -10.69076 ], [ -62.99784, -10.69177 ], [ -62.99609, -10.694 ], [ -62.99543, -10.69493 ], [ -62.99401, -10.69736 ], [ -62.9936, -10.69834 ], [ -62.99333, -10.69937 ], [ -62.9929, -10.70252 ], [ -62.99275, -10.70343 ], [ -62.99244, -10.70493 ], [ -62.99164, -10.70829 ], [ -62.99137, -10.70957 ], [ -62.99085, -10.71266 ], [ -62.99071, -10.71378 ], [ -62.99069, -10.71488 ], [ -62.99077, -10.71601 ], [ -62.99092, -10.71711 ], [ -62.99131, -10.71904 ], [ -62.99137, -10.72065 ], [ -62.99122, -10.72344 ], [ -62.99107, -10.72505 ], [ -62.99075, -10.72742 ], [ -62.99057, -10.72902 ], [ -62.99044, -10.73049 ], [ -62.99037, -10.7317 ], [ -62.99035, -10.73287 ], [ -62.99168, -10.73323 ], [ -62.99341, -10.7338 ], [ -62.99477, -10.73428 ], [ -62.99619, -10.73487 ], [ -62.99824, -10.73599 ], [ -62.99943, -10.73687 ], [ -63.00043, -10.73784 ], [ -63.00206, -10.74012 ], [ -63.00286, -10.74092 ], [ -63.00385, -10.74146 ], [ -63.00589, -10.74194 ], [ -63.00683, -10.74217 ], [ -63.00775, -10.74251 ], [ -63.00864, -10.74299 ], [ -63.01033, -10.74416 ], [ -63.01251, -10.74538 ], [ -63.01382, -10.7463 ], [ -63.01465, -10.74702 ], [ -63.01544, -10.74783 ], [ -63.0162, -10.74873 ], [ -63.01778, -10.75076 ], [ -63.01847, -10.75149 ], [ -63.0192, -10.75211 ], [ -63.01999, -10.75266 ], [ -63.02231, -10.7542 ], [ -63.02381, -10.75513 ], [ -63.02511, -10.75583 ], [ -63.02929, -10.75781 ], [ -63.0301, -10.75829 ], [ -63.03079, -10.75888 ], [ -63.03134, -10.7596 ], [ -63.03185, -10.76042 ], [ -63.03305, -10.76288 ], [ -63.03343, -10.76388 ], [ -63.03414, -10.766 ], [ -63.03452, -10.76706 ], [ -63.03527, -10.76874 ], [ -63.03613, -10.77026 ], [ -63.0374, -10.7722 ], [ -63.0385, -10.77362 ], [ -63.03975, -10.77513 ], [ -63.04074, -10.77618 ], [ -63.04178, -10.77709 ], [ -63.04586, -10.78002 ], [ -63.04618, -10.78037 ], [ -63.04726, -10.7806 ], [ -63.04839, -10.78056 ], [ -63.04925, -10.78001 ], [ -63.04942, -10.77912 ], [ -63.04915, -10.77759 ], [ -63.04934, -10.77658 ], [ -63.04999, -10.77576 ], [ -63.05147, -10.77482 ], [ -63.05318, -10.77408 ], [ -63.05488, -10.77322 ], [ -63.05577, -10.77291 ], [ -63.05733, -10.77249 ], [ -63.05827, -10.77237 ], [ -63.06041, -10.77255 ], [ -63.0615, -10.77254 ], [ -63.06252, -10.77234 ], [ -63.06342, -10.77178 ], [ -63.06454, -10.77063 ], [ -63.06551, -10.77018 ], [ -63.06618, -10.77037 ], [ -63.0678, -10.77193 ], [ -63.06879, -10.77267 ], [ -63.07003, -10.77352 ], [ -63.07136, -10.77431 ], [ -63.07419, -10.77582 ], [ -63.07624, -10.77698 ], [ -63.07724, -10.77747 ], [ -63.07911, -10.7783 ], [ -63.08027, -10.77886 ], [ -63.08245, -10.77984 ], [ -63.08478, -10.78103 ], [ -63.08638, -10.78197 ], [ -63.08719, -10.78258 ], [ -63.08793, -10.78334 ], [ -63.08891, -10.78465 ], [ -63.09075, -10.78741 ], [ -63.09154, -10.78873 ], [ -63.09209, -10.79026 ], [ -63.0923, -10.79152 ], [ -63.09228, -10.79274 ], [ -63.09211, -10.79411 ], [ -63.09218, -10.79579 ], [ -63.09274, -10.79693 ], [ -63.09365, -10.79794 ], [ -63.0944, -10.7985 ], [ -63.09527, -10.79894 ], [ -63.09801, -10.80011 ], [ -63.10048, -10.80119 ], [ -63.10149, -10.80153 ], [ -63.10255, -10.80181 ], [ -63.10471, -10.80224 ], [ -63.10595, -10.80245 ], [ -63.10749, -10.80256 ], [ -63.1084, -10.80252 ], [ -63.11003, -10.80232 ], [ -63.11101, -10.80213 ], [ -63.11195, -10.80189 ], [ -63.11404, -10.80119 ], [ -63.11503, -10.80088 ], [ -63.11598, -10.80075 ], [ -63.11689, -10.80074 ], [ -63.11803, -10.80092 ], [ -63.11907, -10.80145 ], [ -63.11976, -10.8021 ], [ -63.12029, -10.80292 ], [ -63.12071, -10.8039 ], [ -63.12106, -10.80499 ], [ -63.12217, -10.80925 ], [ -63.12243, -10.8105 ], [ -63.1229, -10.81308 ], [ -63.12316, -10.81434 ], [ -63.12348, -10.81555 ], [ -63.12415, -10.81738 ], [ -63.12473, -10.81849 ], [ -63.1255, -10.81941 ], [ -63.12654, -10.82011 ], [ -63.12777, -10.8206 ], [ -63.12913, -10.82092 ], [ -63.13055, -10.82113 ], [ -63.13199, -10.82125 ], [ -63.13518, -10.82143 ], [ -63.13943, -10.82155 ], [ -63.14041, -10.82154 ], [ -63.14355, -10.82133 ], [ -63.14493, -10.82132 ], [ -63.14636, -10.82139 ], [ -63.14778, -10.82155 ], [ -63.14913, -10.82179 ], [ -63.15191, -10.82248 ], [ -63.15298, -10.82273 ], [ -63.15434, -10.82293 ], [ -63.15452, -10.82287 ], [ -63.15452, -10.82499 ], [ -63.15439, -10.8262 ], [ -63.15326, -10.828 ], [ -63.15264, -10.82983 ], [ -63.15212, -10.83122 ], [ -63.15209, -10.83253 ], [ -63.15227, -10.83343 ], [ -63.15263, -10.83466 ], [ -63.15179, -10.83616 ], [ -63.1512, -10.8369 ], [ -63.15118, -10.83703 ], [ -63.15339, -10.83838 ], [ -63.15461, -10.83902 ], [ -63.15668, -10.83986 ], [ -63.15965, -10.84073 ], [ -63.16077, -10.84138 ], [ -63.16026, -10.84274 ], [ -63.15821, -10.84404 ], [ -63.15706, -10.84479 ], [ -63.15601, -10.84566 ], [ -63.15531, -10.84647 ], [ -63.15476, -10.84736 ], [ -63.15433, -10.84833 ], [ -63.15356, -10.85071 ], [ -63.15335, -10.85172 ], [ -63.15328, -10.85272 ], [ -63.15337, -10.85375 ], [ -63.15381, -10.85653 ], [ -63.15391, -10.85742 ], [ -63.15415, -10.86165 ], [ -63.1541, -10.86268 ], [ -63.1539, -10.86369 ], [ -63.15355, -10.86488 ], [ -63.153, -10.86624 ], [ -63.1525, -10.86712 ], [ -63.15166, -10.86834 ], [ -63.15115, -10.86923 ], [ -63.15075, -10.87029 ], [ -63.15055, -10.87137 ], [ -63.15058, -10.87245 ], [ -63.15085, -10.87343 ], [ -63.15147, -10.8746 ], [ -63.15202, -10.87536 ], [ -63.15119, -10.87626 ], [ -63.14901, -10.87824 ], [ -63.14795, -10.87927 ], [ -63.1448, -10.88265 ], [ -63.14386, -10.88362 ], [ -63.14302, -10.88441 ], [ -63.14219, -10.88511 ], [ -63.14135, -10.88567 ], [ -63.13864, -10.8869 ], [ -63.13628, -10.88786 ], [ -63.13539, -10.88836 ], [ -63.13414, -10.88939 ], [ -63.13341, -10.8901 ], [ -63.13271, -10.89091 ], [ -63.1321, -10.8917 ], [ -63.13157, -10.89257 ], [ -63.131, -10.89387 ], [ -63.1306, -10.89508 ], [ -63.12969, -10.89698 ], [ -63.1294, -10.89784 ], [ -63.12891, -10.90004 ], [ -63.12883, -10.901 ], [ -63.12887, -10.90335 ], [ -63.12868, -10.90486 ], [ -63.1282, -10.90627 ], [ -63.1271, -10.90885 ], [ -63.12668, -10.91056 ], [ -63.12668, -10.91161 ], [ -63.12684, -10.91261 ], [ -63.12724, -10.91413 ], [ -63.12792, -10.91609 ], [ -63.12838, -10.91705 ], [ -63.13018, -10.9197 ], [ -63.13075, -10.92075 ], [ -63.13127, -10.92185 ], [ -63.13172, -10.9229 ], [ -63.13206, -10.92393 ], [ -63.13232, -10.925 ], [ -63.13253, -10.92608 ], [ -63.13286, -10.92823 ], [ -63.13316, -10.92982 ], [ -63.13352, -10.93198 ], [ -63.13375, -10.93305 ], [ -63.13427, -10.93495 ], [ -63.13442, -10.93591 ], [ -63.13435, -10.93726 ], [ -63.13391, -10.93847 ], [ -63.13253, -10.94041 ], [ -63.13206, -10.94158 ], [ -63.13212, -10.94259 ], [ -63.13239, -10.94344 ], [ -63.1328, -10.94434 ], [ -63.13336, -10.94522 ], [ -63.13404, -10.94598 ], [ -63.13576, -10.94742 ], [ -63.13671, -10.9481 ], [ -63.13814, -10.94903 ], [ -63.13956, -10.95001 ], [ -63.14043, -10.95072 ], [ -63.14138, -10.95164 ], [ -63.14231, -10.95314 ], [ -63.14265, -10.95437 ], [ -63.14287, -10.95568 ], [ -63.14293, -10.95678 ], [ -63.14286, -10.95788 ], [ -63.14257, -10.9599 ], [ -63.14254, -10.96099 ], [ -63.14265, -10.96233 ], [ -63.14287, -10.96366 ], [ -63.14357, -10.96684 ], [ -63.14393, -10.96806 ], [ -63.14453, -10.96985 ], [ -63.14485, -10.97101 ], [ -63.14501, -10.97221 ], [ -63.14497, -10.97335 ], [ -63.14462, -10.97491 ], [ -63.14421, -10.97579 ], [ -63.14368, -10.9762 ], [ -63.14348, -10.97721 ], [ -63.14384, -10.97847 ], [ -63.14463, -10.98004 ], [ -63.14504, -10.98125 ], [ -63.14543, -10.98302 ], [ -63.14578, -10.98412 ], [ -63.14645, -10.98539 ], [ -63.14706, -10.98615 ], [ -63.14829, -10.98745 ], [ -63.14941, -10.98838 ], [ -63.15096, -10.98974 ], [ -63.15355, -10.99216 ], [ -63.15421, -10.99294 ], [ -63.15535, -10.99495 ], [ -63.15578, -10.99579 ], [ -63.15655, -10.99771 ], [ -63.15715, -10.99895 ], [ -63.1579, -10.99988 ], [ -63.15868, -11.00037 ], [ -63.15914, -11.00348 ], [ -63.15939, -11.0049 ], [ -63.15996, -11.00715 ], [ -63.16095, -11.01051 ], [ -63.16141, -11.01219 ], [ -63.16163, -11.01308 ], [ -63.16239, -11.01675 ], [ -63.16245, -11.01773 ], [ -63.16214, -11.02104 ], [ -63.16217, -11.02236 ], [ -63.16275, -11.02445 ], [ -63.16303, -11.02636 ], [ -63.16299, -11.02733 ], [ -63.1627, -11.02934 ], [ -63.16257, -11.03046 ], [ -63.16251, -11.0316 ], [ -63.16248, -11.03325 ], [ -63.16249, -11.03442 ], [ -63.16257, -11.03559 ], [ -63.16275, -11.03722 ], [ -63.16309, -11.03892 ], [ -63.16375, -11.04106 ], [ -63.16399, -11.04206 ], [ -63.16419, -11.04309 ], [ -63.16444, -11.0447 ], [ -63.16453, -11.04595 ], [ -63.16452, -11.04782 ], [ -63.16439, -11.05236 ], [ -63.16425, -11.054 ], [ -63.164, -11.05577 ], [ -63.16365, -11.05758 ], [ -63.16301, -11.06013 ], [ -63.16231, -11.06237 ], [ -63.16185, -11.06361 ], [ -63.16125, -11.06513 ], [ -63.16118, -11.06536 ], [ -63.1629, -11.0661 ], [ -63.16592, -11.06718 ], [ -63.16696, -11.06746 ], [ -63.16802, -11.06769 ], [ -63.17001, -11.06801 ], [ -63.17158, -11.06819 ], [ -63.17331, -11.06823 ], [ -63.17502, -11.06805 ], [ -63.17747, -11.06756 ], [ -63.17958, -11.06705 ], [ -63.18081, -11.06682 ], [ -63.1824, -11.06682 ], [ -63.18371, -11.06718 ], [ -63.1852, -11.068 ], [ -63.18609, -11.06873 ], [ -63.18793, -11.07104 ], [ -63.18906, -11.07239 ], [ -63.19158, -11.07579 ], [ -63.19238, -11.07666 ], [ -63.1945, -11.0784 ], [ -63.19579, -11.07927 ], [ -63.19829, -11.08082 ], [ -63.19915, -11.08145 ], [ -63.19952, -11.08203 ], [ -63.19698, -11.08288 ], [ -63.19516, -11.08391 ], [ -63.19416, -11.08503 ], [ -63.19329, -11.08584 ], [ -63.19232, -11.08649 ], [ -63.1915, -11.08734 ], [ -63.19065, -11.089 ], [ -63.19013, -11.09214 ], [ -63.18994, -11.09301 ], [ -63.19004, -11.09464 ], [ -63.18998, -11.09562 ], [ -63.18952, -11.09703 ], [ -63.19047, -11.09777 ], [ -63.1927, -11.09971 ], [ -63.19383, -11.10062 ], [ -63.19504, -11.10151 ], [ -63.1963, -11.10234 ], [ -63.19754, -11.10301 ], [ -63.19877, -11.10356 ], [ -63.20044, -11.10413 ], [ -63.2015, -11.10454 ], [ -63.20258, -11.10505 ], [ -63.2036, -11.10555 ], [ -63.20459, -11.10608 ], [ -63.20554, -11.10671 ], [ -63.20685, -11.10775 ], [ -63.20764, -11.10847 ], [ -63.20835, -11.10918 ], [ -63.21144, -11.11285 ], [ -63.2127, -11.11396 ], [ -63.21362, -11.11465 ], [ -63.21552, -11.11587 ], [ -63.21832, -11.11774 ], [ -63.21914, -11.11841 ], [ -63.22062, -11.11983 ], [ -63.22142, -11.12055 ], [ -63.22298, -11.12177 ], [ -63.22554, -11.1233 ], [ -63.22695, -11.12397 ], [ -63.22925, -11.12493 ], [ -63.23319, -11.12666 ], [ -63.23452, -11.12739 ], [ -63.2358, -11.12844 ], [ -63.23642, -11.12972 ], [ -63.2366, -11.13072 ], [ -63.23664, -11.13177 ], [ -63.23654, -11.13331 ], [ -63.23642, -11.13431 ], [ -63.23604, -11.13631 ], [ -63.23503, -11.13767 ], [ -63.23428, -11.13825 ], [ -63.23261, -11.13942 ], [ -63.23179, -11.14004 ], [ -63.23106, -11.14068 ], [ -63.22954, -11.14265 ], [ -63.22998, -11.14348 ], [ -63.23102, -11.14419 ], [ -63.23408, -11.14565 ], [ -63.23619, -11.14641 ], [ -63.23787, -11.14685 ], [ -63.23955, -11.14708 ], [ -63.24128, -11.1472 ], [ -63.24244, -11.14739 ], [ -63.24366, -11.14783 ], [ -63.24489, -11.14855 ], [ -63.24606, -11.14946 ], [ -63.24717, -11.15054 ], [ -63.24813, -11.15162 ], [ -63.24894, -11.15265 ], [ -63.2496, -11.15368 ], [ -63.25035, -11.15537 ], [ -63.25071, -11.15561 ], [ -63.25218, -11.15616 ], [ -63.25362, -11.15617 ], [ -63.25515, -11.15597 ], [ -63.25638, -11.15553 ], [ -63.25743, -11.15483 ], [ -63.259, -11.15387 ], [ -63.26061, -11.15299 ], [ -63.26143, -11.15262 ], [ -63.26232, -11.15238 ], [ -63.26357, -11.15235 ], [ -63.26473, -11.15262 ], [ -63.26572, -11.15322 ], [ -63.26702, -11.15438 ], [ -63.26796, -11.15499 ], [ -63.26947, -11.15552 ], [ -63.27115, -11.15569 ], [ -63.27249, -11.1562 ], [ -63.27315, -11.15694 ], [ -63.2737, -11.15815 ], [ -63.27408, -11.15952 ], [ -63.27487, -11.16148 ], [ -63.2753, -11.16003 ], [ -63.27602, -11.15748 ], [ -63.27692, -11.15648 ], [ -63.27812, -11.15535 ], [ -63.27898, -11.15483 ], [ -63.28074, -11.15414 ], [ -63.28247, -11.15336 ], [ -63.28482, -11.15232 ], [ -63.28736, -11.15157 ], [ -63.28847, -11.151 ], [ -63.28927, -11.15041 ], [ -63.29146, -11.14813 ], [ -63.29233, -11.14726 ], [ -63.29314, -11.14651 ], [ -63.29433, -11.14549 ], [ -63.29566, -11.14447 ], [ -63.29618, -11.1437 ], [ -63.29658, -11.14353 ], [ -63.2977, -11.1426 ], [ -63.29855, -11.14156 ], [ -63.2993, -11.14013 ], [ -63.29967, -11.13919 ], [ -63.3, -11.13837 ], [ -63.29969, -11.13733 ], [ -63.2996, -11.13562 ], [ -63.30021, -11.13458 ], [ -63.30159, -11.13394 ], [ -63.30285, -11.1337 ], [ -63.30343, -11.13315 ], [ -63.30429, -11.13202 ], [ -63.30531, -11.13037 ], [ -63.30673, -11.1277 ], [ -63.30747, -11.12643 ], [ -63.30821, -11.12538 ], [ -63.31015, -11.12286 ], [ -63.31117, -11.12113 ], [ -63.3117, -11.12037 ], [ -63.31236, -11.11971 ], [ -63.31313, -11.11914 ], [ -63.31397, -11.1187 ], [ -63.31536, -11.11809 ], [ -63.31627, -11.11762 ], [ -63.31715, -11.11704 ], [ -63.31907, -11.11535 ], [ -63.31967, -11.11456 ], [ -63.32014, -11.11367 ], [ -63.32064, -11.11231 ], [ -63.32108, -11.11086 ], [ -63.3217, -11.10913 ], [ -63.32227, -11.10793 ], [ -63.32282, -11.10702 ], [ -63.32404, -11.1058 ], [ -63.3251, -11.10525 ], [ -63.32598, -11.10499 ], [ -63.32806, -11.1047 ], [ -63.32956, -11.10428 ], [ -63.33034, -11.10378 ], [ -63.33104, -11.10316 ], [ -63.33163, -11.10244 ], [ -63.33211, -11.10152 ], [ -63.33245, -11.1005 ], [ -63.33274, -11.09897 ], [ -63.3328, -11.09794 ], [ -63.33287, -11.09585 ], [ -63.33328, -11.09434 ], [ -63.33421, -11.09293 ], [ -63.33557, -11.0915 ], [ -63.33691, -11.09055 ], [ -63.33785, -11.09036 ], [ -63.33773, -11.09009 ], [ -63.33698, -11.08937 ], [ -63.33558, -11.0884 ], [ -63.33453, -11.08783 ], [ -63.33377, -11.08736 ], [ -63.33307, -11.0868 ], [ -63.33227, -11.08593 ], [ -63.33164, -11.08491 ], [ -63.3313, -11.08384 ], [ -63.33069, -11.08046 ], [ -63.33063, -11.07951 ], [ -63.33061, -11.07831 ], [ -63.33021, -11.07727 ], [ -63.32952, -11.07642 ], [ -63.32838, -11.07567 ], [ -63.32673, -11.07489 ], [ -63.32572, -11.07417 ], [ -63.32469, -11.07307 ], [ -63.32285, -11.07036 ], [ -63.32345, -11.06983 ], [ -63.32454, -11.06901 ], [ -63.32558, -11.06837 ], [ -63.32682, -11.06781 ], [ -63.32821, -11.06734 ], [ -63.33056, -11.06666 ], [ -63.33199, -11.06632 ], [ -63.33339, -11.06604 ], [ -63.33589, -11.06561 ], [ -63.33706, -11.06537 ], [ -63.339, -11.06491 ], [ -63.34089, -11.06458 ], [ -63.34184, -11.06449 ], [ -63.34279, -11.06448 ], [ -63.34479, -11.06459 ], [ -63.34805, -11.06491 ], [ -63.35171, -11.06522 ], [ -63.35618, -11.06576 ], [ -63.35781, -11.06642 ], [ -63.36003, -11.06794 ], [ -63.36114, -11.06879 ], [ -63.36198, -11.06955 ], [ -63.36279, -11.07036 ], [ -63.3645, -11.07222 ], [ -63.36524, -11.07287 ], [ -63.36621, -11.07344 ], [ -63.36729, -11.07389 ], [ -63.36841, -11.07424 ], [ -63.37009, -11.0747 ], [ -63.37126, -11.0751 ], [ -63.37318, -11.07596 ], [ -63.37646, -11.07767 ], [ -63.3777, -11.07823 ], [ -63.37887, -11.07863 ], [ -63.37986, -11.07882 ], [ -63.38118, -11.0787 ], [ -63.3812, -11.07864 ], [ -63.38037, -11.07784 ], [ -63.37896, -11.0767 ], [ -63.37842, -11.07595 ], [ -63.37847, -11.075 ], [ -63.37887, -11.07389 ], [ -63.37988, -11.07208 ], [ -63.38085, -11.07142 ], [ -63.38249, -11.07084 ], [ -63.3844, -11.0698 ], [ -63.38522, -11.06887 ], [ -63.38564, -11.06796 ], [ -63.38568, -11.06699 ], [ -63.38498, -11.06536 ], [ -63.38407, -11.06422 ], [ -63.38328, -11.06355 ], [ -63.38202, -11.06286 ], [ -63.38211, -11.06256 ], [ -63.38258, -11.06174 ], [ -63.38308, -11.06054 ], [ -63.38429, -11.05984 ], [ -63.38554, -11.06026 ], [ -63.38646, -11.06032 ], [ -63.38903, -11.06038 ], [ -63.39028, -11.06101 ], [ -63.39062, -11.06214 ], [ -63.39118, -11.06286 ], [ -63.39206, -11.06205 ], [ -63.39505, -11.05804 ], [ -63.39593, -11.05701 ], [ -63.39803, -11.0549 ], [ -63.39923, -11.05344 ], [ -63.39988, -11.05273 ], [ -63.40063, -11.05214 ], [ -63.40196, -11.05135 ], [ -63.40298, -11.05089 ], [ -63.40403, -11.05059 ], [ -63.40784, -11.04987 ], [ -63.40892, -11.0496 ], [ -63.41077, -11.04903 ], [ -63.41318, -11.04811 ], [ -63.41432, -11.04763 ], [ -63.41542, -11.0471 ], [ -63.41642, -11.04648 ], [ -63.41713, -11.0459 ], [ -63.41778, -11.04526 ], [ -63.41857, -11.04441 ], [ -63.42004, -11.04259 ], [ -63.42116, -11.04132 ], [ -63.42196, -11.0406 ], [ -63.42277, -11.04001 ], [ -63.42409, -11.03929 ], [ -63.42496, -11.039 ], [ -63.42671, -11.03864 ], [ -63.43029, -11.03782 ], [ -63.4319, -11.03738 ], [ -63.43281, -11.03701 ], [ -63.43411, -11.03614 ], [ -63.43577, -11.03484 ], [ -63.43706, -11.03374 ], [ -63.43794, -11.03309 ], [ -63.43889, -11.03251 ], [ -63.43969, -11.03212 ], [ -63.44179, -11.03128 ], [ -63.44301, -11.03059 ], [ -63.44365, -11.02994 ], [ -63.4443, -11.02871 ], [ -63.44493, -11.02645 ], [ -63.44533, -11.0255 ], [ -63.44583, -11.02465 ], [ -63.44701, -11.02316 ], [ -63.44776, -11.02198 ], [ -63.44816, -11.02065 ], [ -63.44824, -11.01938 ], [ -63.44829, -11.01797 ], [ -63.44896, -11.01711 ], [ -63.44981, -11.01666 ], [ -63.45093, -11.01638 ], [ -63.45291, -11.01624 ], [ -63.45428, -11.01626 ], [ -63.45623, -11.01645 ], [ -63.45757, -11.01672 ], [ -63.45868, -11.01703 ], [ -63.45886, -11.01712 ], [ -63.45943, -11.01781 ], [ -63.46044, -11.01843 ], [ -63.46166, -11.0186 ], [ -63.46309, -11.01845 ], [ -63.46424, -11.01814 ], [ -63.46522, -11.01848 ], [ -63.46639, -11.01967 ], [ -63.46673, -11.02067 ], [ -63.46649, -11.02173 ], [ -63.46673, -11.02279 ], [ -63.46761, -11.02342 ], [ -63.46875, -11.02333 ], [ -63.47035, -11.02286 ], [ -63.47331, -11.0229 ], [ -63.47371, -11.0238 ], [ -63.47371, -11.02508 ], [ -63.47353, -11.02605 ], [ -63.47285, -11.02703 ], [ -63.4733, -11.0271 ], [ -63.47433, -11.02745 ], [ -63.47539, -11.0277 ], [ -63.47706, -11.02783 ], [ -63.47797, -11.02776 ], [ -63.47915, -11.02743 ], [ -63.47993, -11.02691 ], [ -63.48161, -11.02571 ], [ -63.48259, -11.02561 ], [ -63.48335, -11.02611 ], [ -63.48367, -11.02716 ], [ -63.48404, -11.02914 ], [ -63.48436, -11.03005 ], [ -63.48464, -11.03106 ], [ -63.4852, -11.03204 ], [ -63.48602, -11.03288 ], [ -63.48702, -11.0337 ], [ -63.48735, -11.03383 ], [ -63.48889, -11.03433 ], [ -63.49155, -11.03528 ], [ -63.49251, -11.03569 ], [ -63.49336, -11.03617 ], [ -63.49444, -11.03713 ], [ -63.49639, -11.03941 ], [ -63.49759, -11.04075 ], [ -63.49975, -11.04269 ], [ -63.50055, -11.04352 ], [ -63.50128, -11.04441 ], [ -63.50208, -11.04515 ], [ -63.50337, -11.04557 ], [ -63.50461, -11.04552 ], [ -63.50622, -11.04526 ], [ -63.50852, -11.04503 ], [ -63.51145, -11.04444 ], [ -63.51292, -11.04397 ], [ -63.51402, -11.04338 ], [ -63.51577, -11.04225 ], [ -63.51797, -11.0411 ], [ -63.51947, -11.04044 ], [ -63.52202, -11.03953 ], [ -63.52223, -11.0396 ], [ -63.52429, -11.04098 ], [ -63.52575, -11.0416 ], [ -63.52646, -11.04261 ], [ -63.52746, -11.04367 ], [ -63.52881, -11.04441 ], [ -63.53093, -11.0451 ], [ -63.5315, -11.0459 ], [ -63.53282, -11.04744 ], [ -63.53368, -11.0487 ], [ -63.53519, -11.04712 ], [ -63.53697, -11.04511 ], [ -63.53766, -11.04389 ], [ -63.5389, -11.04256 ], [ -63.54001, -11.04167 ], [ -63.54069, -11.0409 ], [ -63.54211, -11.03827 ], [ -63.54261, -11.03749 ], [ -63.54347, -11.0367 ], [ -63.54453, -11.03625 ], [ -63.54591, -11.03598 ], [ -63.54713, -11.0362 ], [ -63.54846, -11.03709 ], [ -63.55076, -11.03922 ], [ -63.55187, -11.04016 ], [ -63.55332, -11.04123 ], [ -63.55368, -11.0412 ], [ -63.55398, -11.04045 ], [ -63.55399, -11.03956 ], [ -63.55377, -11.03753 ], [ -63.55365, -11.03577 ], [ -63.55366, -11.03477 ], [ -63.55377, -11.03379 ], [ -63.55398, -11.03288 ], [ -63.55443, -11.03173 ], [ -63.55499, -11.03077 ], [ -63.55588, -11.02938 ], [ -63.55669, -11.02793 ], [ -63.55723, -11.02647 ], [ -63.55793, -11.02413 ], [ -63.55838, -11.0231 ], [ -63.55917, -11.02155 ], [ -63.5615, -11.01755 ], [ -63.56229, -11.016 ], [ -63.56289, -11.01439 ], [ -63.56369, -11.01164 ], [ -63.56443, -11.01007 ], [ -63.56504, -11.00911 ], [ -63.56574, -11.00821 ], [ -63.56726, -11.00645 ], [ -63.56849, -11.00517 ], [ -63.57371, -11.00078 ], [ -63.57548, -10.99933 ], [ -63.57709, -10.9981 ], [ -63.57868, -10.99703 ], [ -63.57868, -10.9962 ], [ -63.57886, -10.9958 ], [ -63.58017, -10.99437 ], [ -63.58109, -10.99322 ], [ -63.5815, -10.99228 ], [ -63.58187, -10.99107 ], [ -63.58149, -10.99012 ], [ -63.58095, -10.98895 ], [ -63.57976, -10.98766 ], [ -63.57862, -10.98648 ], [ -63.57785, -10.98536 ], [ -63.57806, -10.98527 ], [ -63.5792, -10.98434 ], [ -63.58001, -10.98358 ], [ -63.58132, -10.98216 ], [ -63.58213, -10.98106 ], [ -63.58269, -10.98007 ], [ -63.58338, -10.97837 ], [ -63.58423, -10.97558 ], [ -63.58484, -10.97383 ], [ -63.58534, -10.97274 ], [ -63.58642, -10.97058 ], [ -63.58695, -10.96947 ], [ -63.58823, -10.96629 ], [ -63.58872, -10.96527 ], [ -63.58934, -10.96423 ], [ -63.59003, -10.96326 ], [ -63.59153, -10.96142 ], [ -63.59232, -10.96055 ], [ -63.59354, -10.95932 ], [ -63.59486, -10.95817 ], [ -63.59632, -10.95723 ], [ -63.59791, -10.95656 ], [ -63.59881, -10.9563 ], [ -63.59973, -10.95611 ], [ -63.60214, -10.95576 ], [ -63.60344, -10.95535 ], [ -63.60472, -10.95424 ], [ -63.60523, -10.95317 ], [ -63.60525, -10.95192 ], [ -63.605, -10.95103 ], [ -63.60399, -10.94882 ], [ -63.60345, -10.94724 ], [ -63.60324, -10.94607 ], [ -63.60317, -10.94484 ], [ -63.60328, -10.94296 ], [ -63.60344, -10.94166 ], [ -63.60379, -10.93972 ], [ -63.60407, -10.93839 ], [ -63.60472, -10.93582 ], [ -63.60567, -10.93169 ], [ -63.60643, -10.9287 ], [ -63.60793, -10.9236 ], [ -63.60851, -10.92146 ], [ -63.60881, -10.9202 ], [ -63.60922, -10.91832 ], [ -63.60941, -10.91717 ], [ -63.60952, -10.91537 ], [ -63.6094, -10.91503 ], [ -63.60883, -10.91381 ], [ -63.60846, -10.9129 ], [ -63.6081, -10.91187 ], [ -63.60756, -10.90981 ], [ -63.60751, -10.90843 ], [ -63.60775, -10.90726 ], [ -63.60844, -10.90525 ], [ -63.60862, -10.90422 ], [ -63.60857, -10.90313 ], [ -63.6083, -10.90209 ], [ -63.60787, -10.90106 ], [ -63.60648, -10.89847 ], [ -63.60509, -10.89565 ], [ -63.60362, -10.89292 ], [ -63.60286, -10.89158 ], [ -63.60201, -10.89034 ], [ -63.6012, -10.8895 ], [ -63.60023, -10.88878 ], [ -63.59936, -10.88842 ], [ -63.59838, -10.8882 ], [ -63.59734, -10.8881 ], [ -63.59627, -10.88811 ], [ -63.59454, -10.88837 ], [ -63.59327, -10.88868 ], [ -63.59165, -10.88911 ], [ -63.58858, -10.88985 ], [ -63.5873, -10.89011 ], [ -63.58522, -10.89044 ], [ -63.58415, -10.89052 ], [ -63.58324, -10.89052 ], [ -63.58202, -10.89037 ], [ -63.58176, -10.88994 ], [ -63.57778, -10.88403 ], [ -63.57652, -10.88201 ], [ -63.57546, -10.8802 ], [ -63.57463, -10.87863 ], [ -63.57363, -10.87658 ], [ -63.57325, -10.87562 ], [ -63.57295, -10.87403 ], [ -63.57287, -10.87289 ], [ -63.57285, -10.8712 ], [ -63.57294, -10.87006 ], [ -63.57341, -10.86731 ], [ -63.5735, -10.86609 ], [ -63.57346, -10.86483 ], [ -63.57311, -10.86167 ], [ -63.573, -10.8603 ], [ -63.57262, -10.85451 ], [ -63.5725, -10.85307 ], [ -63.57211, -10.84951 ], [ -63.57199, -10.84806 ], [ -63.57186, -10.84601 ], [ -63.57186, -10.84499 ], [ -63.572, -10.84337 ], [ -63.57222, -10.84207 ], [ -63.57252, -10.84081 ], [ -63.57298, -10.83951 ], [ -63.57358, -10.83825 ], [ -63.57486, -10.83582 ], [ -63.57532, -10.83464 ], [ -63.57557, -10.83343 ], [ -63.57567, -10.83227 ], [ -63.57563, -10.83129 ], [ -63.57535, -10.83037 ], [ -63.57572, -10.83018 ], [ -63.57839, -10.82788 ], [ -63.57919, -10.82663 ], [ -63.5801, -10.82644 ], [ -63.5809, -10.82682 ], [ -63.58145, -10.82752 ], [ -63.58226, -10.8284 ], [ -63.58355, -10.82931 ], [ -63.58501, -10.82983 ], [ -63.58669, -10.83066 ], [ -63.58785, -10.83155 ], [ -63.58952, -10.83287 ], [ -63.59006, -10.83261 ], [ -63.59102, -10.83147 ], [ -63.59152, -10.83069 ], [ -63.59452, -10.82535 ], [ -63.59549, -10.82367 ], [ -63.5968, -10.82196 ], [ -63.59812, -10.82113 ], [ -63.5998, -10.82079 ], [ -63.6007, -10.82076 ], [ -63.60229, -10.82088 ], [ -63.60407, -10.82116 ], [ -63.60496, -10.82133 ], [ -63.60746, -10.82189 ], [ -63.61129, -10.82285 ], [ -63.61238, -10.82315 ], [ -63.61388, -10.82365 ], [ -63.61545, -10.82429 ], [ -63.61654, -10.82491 ], [ -63.61754, -10.8256 ], [ -63.6185, -10.82633 ], [ -63.62403, -10.8309 ], [ -63.62514, -10.83167 ], [ -63.62641, -10.83236 ], [ -63.62772, -10.83288 ], [ -63.62903, -10.83324 ], [ -63.63022, -10.83338 ], [ -63.63115, -10.83329 ], [ -63.63202, -10.83287 ], [ -63.63232, -10.83266 ], [ -63.63397, -10.83115 ], [ -63.63511, -10.83031 ], [ -63.6363, -10.82973 ], [ -63.6374, -10.82966 ], [ -63.63834, -10.83007 ], [ -63.63928, -10.8307 ], [ -63.64085, -10.83157 ], [ -63.64309, -10.83263 ], [ -63.64413, -10.8333 ], [ -63.64561, -10.8344 ], [ -63.64659, -10.83509 ], [ -63.64763, -10.83566 ], [ -63.64874, -10.83603 ], [ -63.64986, -10.83623 ], [ -63.65093, -10.83624 ], [ -63.65188, -10.83589 ], [ -63.65269, -10.83526 ], [ -63.65456, -10.83345 ], [ -63.65541, -10.83306 ], [ -63.6564, -10.83296 ], [ -63.65914, -10.8329 ], [ -63.66194, -10.83261 ], [ -63.66359, -10.83238 ], [ -63.66452, -10.83203 ], [ -63.66501, -10.83226 ], [ -63.66619, -10.83255 ], [ -63.6678, -10.8327 ], [ -63.66943, -10.83265 ], [ -63.67067, -10.83233 ], [ -63.67146, -10.83185 ], [ -63.67285, -10.83079 ], [ -63.67406, -10.8301 ], [ -63.67517, -10.82997 ], [ -63.67631, -10.83011 ], [ -63.67929, -10.83033 ], [ -63.68049, -10.83046 ], [ -63.68159, -10.8307 ], [ -63.68306, -10.83122 ], [ -63.68406, -10.83164 ], [ -63.68541, -10.83214 ], [ -63.68641, -10.83266 ], [ -63.68756, -10.83353 ], [ -63.68823, -10.83438 ], [ -63.68888, -10.83535 ], [ -63.68952, -10.8362 ], [ -63.68998, -10.8346 ], [ -63.69038, -10.83363 ], [ -63.69095, -10.83257 ], [ -63.69175, -10.83143 ], [ -63.69322, -10.82968 ], [ -63.69524, -10.82741 ], [ -63.69616, -10.82632 ], [ -63.69728, -10.82483 ], [ -63.69869, -10.82286 ], [ -63.70036, -10.82077 ], [ -63.70132, -10.81964 ], [ -63.70259, -10.81838 ], [ -63.70442, -10.81686 ], [ -63.70542, -10.81617 ], [ -63.7075, -10.81498 ], [ -63.70852, -10.81437 ], [ -63.70994, -10.81329 ], [ -63.71059, -10.81266 ], [ -63.71278, -10.81023 ], [ -63.71362, -10.80935 ], [ -63.71448, -10.80857 ], [ -63.71634, -10.80721 ], [ -63.7173, -10.80657 ], [ -63.71873, -10.80571 ], [ -63.7197, -10.80519 ], [ -63.72119, -10.80459 ], [ -63.72225, -10.8044 ], [ -63.72337, -10.80433 ], [ -63.72453, -10.80434 ], [ -63.72637, -10.80443 ], [ -63.72824, -10.80448 ], [ -63.72949, -10.80442 ], [ -63.73087, -10.80428 ], [ -63.73224, -10.80405 ], [ -63.73352, -10.8037 ], [ -63.73462, -10.80319 ], [ -63.73543, -10.80254 ], [ -63.73605, -10.80171 ], [ -63.73658, -10.80028 ], [ -63.73672, -10.79894 ], [ -63.73672, -10.79548 ], [ -63.73682, -10.79226 ], [ -63.73671, -10.78971 ], [ -63.73687, -10.78823 ], [ -63.73718, -10.78728 ], [ -63.73762, -10.78636 ], [ -63.73846, -10.78499 ], [ -63.73911, -10.78414 ], [ -63.74037, -10.78274 ], [ -63.74181, -10.78149 ], [ -63.74272, -10.78093 ], [ -63.74556, -10.77983 ], [ -63.74649, -10.77945 ], [ -63.74737, -10.77899 ], [ -63.74831, -10.77833 ], [ -63.74916, -10.77755 ], [ -63.74992, -10.77664 ], [ -63.75206, -10.77379 ], [ -63.75285, -10.77286 ], [ -63.75368, -10.77202 ], [ -63.75458, -10.77125 ], [ -63.75653, -10.7699 ], [ -63.75905, -10.76828 ], [ -63.76051, -10.76726 ], [ -63.76145, -10.76652 ], [ -63.76277, -10.76531 ], [ -63.76438, -10.76359 ], [ -63.76594, -10.76182 ], [ -63.76708, -10.76043 ], [ -63.76902, -10.75792 ], [ -63.77049, -10.75617 ], [ -63.77213, -10.75445 ], [ -63.77387, -10.75299 ], [ -63.77499, -10.75228 ], [ -63.77653, -10.75154 ], [ -63.77757, -10.7512 ], [ -63.77785, -10.7512 ], [ -63.77878, -10.75183 ], [ -63.77967, -10.75136 ], [ -63.7805, -10.75186 ], [ -63.78285, -10.75203 ], [ -63.78494, -10.751 ], [ -63.78644, -10.75024 ], [ -63.78739, -10.74971 ], [ -63.7893, -10.74839 ], [ -63.79047, -10.74735 ], [ -63.79125, -10.74647 ], [ -63.79193, -10.74557 ], [ -63.79266, -10.74444 ], [ -63.79363, -10.74226 ], [ -63.79418, -10.74054 ], [ -63.79445, -10.73934 ], [ -63.79477, -10.73771 ], [ -63.79505, -10.73665 ], [ -63.79541, -10.73564 ], [ -63.79588, -10.73471 ], [ -63.79654, -10.73384 ], [ -63.79776, -10.73268 ], [ -63.79918, -10.73167 ], [ -63.8002, -10.73112 ], [ -63.80183, -10.73051 ], [ -63.80331, -10.73017 ], [ -63.80729, -10.72983 ], [ -63.80831, -10.72979 ], [ -63.80932, -10.7298 ], [ -63.81031, -10.72983 ], [ -63.81147, -10.72995 ], [ -63.81428, -10.73058 ], [ -63.81539, -10.73079 ], [ -63.81649, -10.73094 ], [ -63.81758, -10.73102 ], [ -63.81892, -10.73096 ], [ -63.82021, -10.73078 ], [ -63.82116, -10.73048 ], [ -63.82209, -10.72999 ], [ -63.82339, -10.72908 ], [ -63.82517, -10.72766 ], [ -63.82653, -10.72664 ], [ -63.82793, -10.72554 ], [ -63.82941, -10.72448 ], [ -63.83096, -10.72352 ], [ -63.83579, -10.72088 ], [ -63.83738, -10.71996 ], [ -63.83864, -10.71912 ], [ -63.8402, -10.71779 ], [ -63.84081, -10.7171 ], [ -63.84172, -10.71593 ], [ -63.84454, -10.71204 ], [ -63.84684, -10.70848 ], [ -63.84754, -10.70753 ], [ -63.84868, -10.70618 ], [ -63.84951, -10.70538 ], [ -63.85085, -10.70434 ], [ -63.85272, -10.70313 ], [ -63.85509, -10.70185 ], [ -63.85637, -10.70097 ], [ -63.85758, -10.69986 ], [ -63.85997, -10.69744 ], [ -63.86234, -10.69489 ], [ -63.8631, -10.69398 ], [ -63.8643, -10.69224 ], [ -63.86784, -10.6861 ], [ -63.86851, -10.6851 ], [ -63.86953, -10.68366 ], [ -63.87017, -10.68269 ], [ -63.87076, -10.68159 ], [ -63.87184, -10.6793 ], [ -63.87345, -10.67617 ], [ -63.87392, -10.67512 ], [ -63.87445, -10.6735 ], [ -63.87469, -10.67239 ], [ -63.87505, -10.67046 ], [ -63.87544, -10.66948 ], [ -63.87615, -10.66874 ], [ -63.87744, -10.66818 ], [ -63.88076, -10.66723 ], [ -63.88186, -10.66681 ], [ -63.88286, -10.66624 ], [ -63.88372, -10.66549 ], [ -63.88433, -10.6647 ], [ -63.88484, -10.6638 ], [ -63.88552, -10.66227 ], [ -63.88596, -10.66101 ], [ -63.88671, -10.65836 ], [ -63.88711, -10.65706 ], [ -63.88781, -10.65525 ], [ -63.88833, -10.65411 ], [ -63.88944, -10.65187 ], [ -63.89122, -10.64881 ], [ -63.89175, -10.6478 ], [ -63.89236, -10.64622 ], [ -63.89257, -10.64475 ], [ -63.89247, -10.64374 ], [ -63.89213, -10.64236 ], [ -63.89129, -10.64022 ], [ -63.89057, -10.63883 ], [ -63.88974, -10.63763 ], [ -63.88888, -10.6367 ], [ -63.88743, -10.63559 ], [ -63.88702, -10.63537 ], [ -63.87667, -10.63538 ], [ -63.87417, -10.63522 ], [ -63.87324, -10.6348 ], [ -63.87225, -10.63458 ], [ -63.87118, -10.63453 ], [ -63.86928, -10.63233 ], [ -63.86891, -10.63084 ], [ -63.86902, -10.62978 ], [ -63.86936, -10.62871 ], [ -63.87058, -10.62592 ], [ -63.87099, -10.62476 ], [ -63.87138, -10.62297 ], [ -63.87147, -10.62172 ], [ -63.87141, -10.62046 ], [ -63.871, -10.61872 ], [ -63.87056, -10.61766 ], [ -63.86971, -10.61617 ], [ -63.86902, -10.61526 ], [ -63.8682, -10.61449 ], [ -63.86726, -10.61395 ], [ -63.86621, -10.61356 ], [ -63.86512, -10.61327 ], [ -63.86343, -10.6129 ], [ -63.8617, -10.61247 ], [ -63.86056, -10.61222 ], [ -63.85938, -10.612 ], [ -63.85755, -10.61173 ], [ -63.85631, -10.61151 ], [ -63.85511, -10.6112 ], [ -63.85399, -10.61078 ], [ -63.85295, -10.61021 ], [ -63.85158, -10.60912 ], [ -63.85093, -10.60849 ], [ -63.84971, -10.60726 ], [ -63.84875, -10.6062 ], [ -63.8481, -10.6053 ], [ -63.84763, -10.60441 ], [ -63.84727, -10.60346 ], [ -63.84684, -10.60192 ], [ -63.84666, -10.60072 ], [ -63.84663, -10.5989 ], [ -63.84699, -10.59376 ], [ -63.84721, -10.59218 ], [ -63.84762, -10.59024 ], [ -63.8479, -10.58915 ], [ -63.84868, -10.58703 ], [ -63.84893, -10.58674 ], [ -63.84999, -10.58492 ], [ -63.85099, -10.58341 ], [ -63.85176, -10.58218 ], [ -63.85265, -10.58056 ], [ -63.85371, -10.57829 ], [ -63.85411, -10.57716 ], [ -63.85427, -10.57621 ], [ -63.8543, -10.57524 ], [ -63.85411, -10.57372 ], [ -63.85384, -10.57261 ], [ -63.85273, -10.56852 ], [ -63.85247, -10.56734 ], [ -63.8523, -10.56611 ], [ -63.85197, -10.56215 ], [ -63.85168, -10.55938 ], [ -63.85148, -10.55802 ], [ -63.85121, -10.55672 ], [ -63.85085, -10.55549 ], [ -63.84909, -10.55119 ], [ -63.84866, -10.55023 ], [ -63.84711, -10.54724 ], [ -63.84673, -10.54624 ], [ -63.84647, -10.54468 ], [ -63.84645, -10.54376 ], [ -63.8465, -10.54285 ], [ -63.84663, -10.54197 ], [ -63.8469, -10.54103 ], [ -63.84736, -10.54015 ], [ -63.84796, -10.53934 ], [ -63.84867, -10.5386 ], [ -63.84986, -10.53761 ], [ -63.8507, -10.53701 ], [ -63.85257, -10.53569 ], [ -63.85327, -10.53466 ], [ -63.85356, -10.53341 ], [ -63.85349, -10.53252 ], [ -63.85322, -10.53165 ], [ -63.85214, -10.52938 ], [ -63.85172, -10.52839 ], [ -63.85144, -10.52738 ], [ -63.85126, -10.52629 ], [ -63.85117, -10.52516 ], [ -63.85122, -10.52339 ], [ -63.85135, -10.52205 ], [ -63.85154, -10.52072 ], [ -63.85181, -10.51942 ], [ -63.85218, -10.5182 ], [ -63.85265, -10.51711 ], [ -63.85364, -10.51514 ], [ -63.85395, -10.5143 ], [ -63.85418, -10.51343 ], [ -63.85472, -10.51079 ], [ -63.85497, -10.50973 ], [ -63.85542, -10.50809 ], [ -63.85575, -10.50705 ], [ -63.85638, -10.50551 ], [ -63.85696, -10.50441 ], [ -63.85763, -10.50344 ], [ -63.85837, -10.50254 ], [ -63.85919, -10.50171 ], [ -63.86007, -10.50095 ], [ -63.86101, -10.50027 ], [ -63.86202, -10.49968 ], [ -63.86294, -10.49926 ], [ -63.86567, -10.49824 ], [ -63.86656, -10.49777 ], [ -63.8673, -10.49715 ], [ -63.8679, -10.49634 ], [ -63.86852, -10.49496 ], [ -63.86878, -10.49395 ], [ -63.86927, -10.49156 ], [ -63.86958, -10.49054 ], [ -63.87029, -10.48891 ], [ -63.87139, -10.48712 ], [ -63.87307, -10.48484 ], [ -63.87368, -10.4837 ], [ -63.87365, -10.4831 ], [ -63.87322, -10.48217 ], [ -63.87236, -10.48135 ], [ -63.87129, -10.48082 ], [ -63.87014, -10.47973 ], [ -63.86931, -10.47889 ], [ -63.86848, -10.47805 ], [ -63.86765, -10.47722 ], [ -63.86666, -10.47637 ], [ -63.86535, -10.47537 ], [ -63.86568, -10.47507 ], [ -63.86721, -10.47316 ], [ -63.86858, -10.47163 ] ] ] } },
{ "type": "Feature", "properties": { "name": "Rio Jaru", "ana_km2": 7273.8819621700004 }, "geometry": { "type": "Polygon", "coordinates": [ [ [ -63.09919, -11.05885 ], [ -63.10005, -11.05939 ], [ -63.10066, -11.06007 ], [ -63.10158, -11.06082 ], [ -63.10336, -11.0615 ], [ -63.10441, -11.06188 ], [ -63.10673, -11.06237 ], [ -63.10798, -11.06274 ], [ -63.10868, -11.06287 ], [ -63.11059, -11.06338 ], [ -63.1121, -11.0638 ], [ -63.11424, -11.06479 ], [ -63.1164, -11.06639 ], [ -63.11753, -11.06816 ], [ -63.11802, -11.07009 ], [ -63.11913, -11.0724 ], [ -63.11964, -11.07388 ], [ -63.12013, -11.07464 ], [ -63.1209, -11.07513 ], [ -63.12178, -11.07534 ], [ -63.12285, -11.07536 ], [ -63.12512, -11.07609 ], [ -63.12603, -11.07647 ], [ -63.1275, -11.07721 ], [ -63.1297, -11.0784 ], [ -63.13103, -11.07901 ], [ -63.13253, -11.07943 ], [ -63.13411, -11.07968 ], [ -63.13556, -11.07984 ], [ -63.13683, -11.07983 ], [ -63.1381, -11.07962 ], [ -63.13934, -11.07933 ], [ -63.14186, -11.07856 ], [ -63.14274, -11.07835 ], [ -63.14366, -11.07819 ], [ -63.14813, -11.07758 ], [ -63.14988, -11.0774 ], [ -63.15135, -11.07731 ], [ -63.1525, -11.07713 ], [ -63.15362, -11.07675 ], [ -63.15513, -11.07594 ], [ -63.15607, -11.07526 ], [ -63.15697, -11.07452 ], [ -63.15785, -11.07374 ], [ -63.15872, -11.07273 ], [ -63.1595, -11.07138 ], [ -63.16014, -11.06983 ], [ -63.16045, -11.06879 ], [ -63.16069, -11.06778 ], [ -63.16118, -11.06536 ], [ -63.16125, -11.06513 ], [ -63.16185, -11.06361 ], [ -63.16231, -11.06237 ], [ -63.16301, -11.06013 ], [ -63.16365, -11.05758 ], [ -63.164, -11.05577 ], [ -63.16425, -11.054 ], [ -63.16439, -11.05236 ], [ -63.16452, -11.04782 ], [ -63.16453, -11.04595 ], [ -63.16444, -11.0447 ], [ -63.16419, -11.04309 ], [ -63.16399, -11.04206 ], [ -63.16375, -11.04106 ], [ -63.16309, -11.03892 ], [ -63.16275, -11.03722 ], [ -63.16257, -11.03559 ], [ -63.16249, -11.03442 ], [ -63.16248, -11.03325 ], [ -63.16251, -11.0316 ], [ -63.16257, -11.03046 ], [ -63.1627, -11.02934 ], [ -63.16299, -11.02733 ], [ -63.16303, -11.02636 ], [ -63.16275, -11.02445 ], [ -63.16217, -11.02236 ], [ -63.16214, -11.02104 ], [ -63.16245, -11.01773 ], [ -63.16239, -11.01675 ], [ -63.16163, -11.01308 ], [ -63.16141, -11.01219 ], [ -63.16095, -11.01051 ], [ -63.15996, -11.00715 ], [ -63.15939, -11.0049 ], [ -63.15914, -11.00348 ], [ -63.15868, -11.00037 ], [ -63.1579, -10.99988 ], [ -63.15715, -10.99895 ], [ -63.15655, -10.99771 ], [ -63.15578, -10.99579 ], [ -63.15535, -10.99495 ], [ -63.15421, -10.99294 ], [ -63.15355, -10.99216 ], [ -63.15096, -10.98974 ], [ -63.14941, -10.98838 ], [ -63.14829, -10.98745 ], [ -63.14706, -10.98615 ], [ -63.14645, -10.98539 ], [ -63.14578, -10.98412 ], [ -63.14543, -10.98302 ], [ -63.14504, -10.98125 ], [ -63.14463, -10.98004 ], [ -63.14384, -10.97847 ], [ -63.14348, -10.97721 ], [ -63.14368, -10.9762 ], [ -63.14421, -10.97579 ], [ -63.14462, -10.97491 ], [ -63.14497, -10.97335 ], [ -63.14501, -10.97221 ], [ -63.14485, -10.97101 ], [ -63.14453, -10.96985 ], [ -63.14393, -10.96806 ], [ -63.14357, -10.96684 ], [ -63.14287, -10.96366 ], [ -63.14265, -10.96233 ], [ -63.14254, -10.96099 ], [ -63.14257, -10.9599 ], [ -63.14286, -10.95788 ], [ -63.14293, -10.95678 ], [ -63.14287, -10.95568 ], [ -63.14265, -10.95437 ], [ -63.14231, -10.95314 ], [ -63.14138, -10.95164 ], [ -63.14043, -10.95072 ], [ -63.13956, -10.95001 ], [ -63.13814, -10.94903 ], [ -63.13671, -10.9481 ], [ -63.13576, -10.94742 ], [ -63.13404, -10.94598 ], [ -63.13336, -10.94522 ], [ -63.1328, -10.94434 ], [ -63.13239, -10.94344 ], [ -63.13212, -10.94259 ], [ -63.13206, -10.94158 ], [ -63.13253, -10.94041 ], [ -63.13391, -10.93847 ], [ -63.13435, -10.93726 ], [ -63.13442, -10.93591 ], [ -63.13427, -10.93495 ], [ -63.13375, -10.93305 ], [ -63.13352, -10.93198 ], [ -63.13316, -10.92982 ], [ -63.13286, -10.92823 ], [ -63.13253, -10.92608 ], [ -63.13232, -10.925 ], [ -63.13206, -10.92393 ], [ -63.13172, -10.9229 ], [ -63.13127, -10.92185 ], [ -63.13075, -10.92075 ], [ -63.13018, -10.9197 ], [ -63.12838, -10.91705 ], [ -63.12792, -10.91609 ], [ -63.12724, -10.91413 ], [ -63.12684, -10.91261 ], [ -63.12668, -10.91161 ], [ -63.12668, -10.91056 ], [ -63.1271, -10.90885 ], [ -63.1282, -10.90627 ], [ -63.12868, -10.90486 ], [ -63.12887, -10.90335 ], [ -63.12883, -10.901 ], [ -63.12891, -10.90004 ], [ -63.1294, -10.89784 ], [ -63.12969, -10.89698 ], [ -63.1306, -10.89508 ], [ -63.131, -10.89387 ], [ -63.13157, -10.89257 ], [ -63.1321, -10.8917 ], [ -63.13271, -10.89091 ], [ -63.13341, -10.8901 ], [ -63.13414, -10.88939 ], [ -63.13539, -10.88836 ], [ -63.13628, -10.88786 ], [ -63.13864, -10.8869 ], [ -63.14135, -10.88567 ], [ -63.14219, -10.88511 ], [ -63.14302, -10.88441 ], [ -63.14386, -10.88362 ], [ -63.1448, -10.88265 ], [ -63.14795, -10.87927 ], [ -63.14901, -10.87824 ], [ -63.15119, -10.87626 ], [ -63.15202, -10.87536 ], [ -63.15147, -10.8746 ], [ -63.15085, -10.87343 ], [ -63.15058, -10.87245 ], [ -63.15055, -10.87137 ], [ -63.15075, -10.87029 ], [ -63.15115, -10.86923 ], [ -63.15166, -10.86834 ], [ -63.1525, -10.86712 ], [ -63.153, -10.86624 ], [ -63.15355, -10.86488 ], [ -63.1539, -10.86369 ], [ -63.1541, -10.86268 ], [ -63.15415, -10.86165 ], [ -63.15391, -10.85742 ], [ -63.15381, -10.85653 ], [ -63.15337, -10.85375 ], [ -63.15328, -10.85272 ], [ -63.15335, -10.85172 ], [ -63.15356, -10.85071 ], [ -63.15433, -10.84833 ], [ -63.15476, -10.84736 ], [ -63.15531, -10.84647 ], [ -63.15601, -10.84566 ], [ -63.15706, -10.84479 ], [ -63.15821, -10.84404 ], [ -63.16026, -10.84274 ], [ -63.16077, -10.84138 ], [ -63.15965, -10.84073 ], [ -63.15668, -10.83986 ], [ -63.15461, -10.83902 ], [ -63.15339, -10.83838 ], [ -63.15118, -10.83703 ], [ -63.1512, -10.8369 ], [ -63.15179, -10.83616 ], [ -63.15263, -10.83466 ], [ -63.15227, -10.83343 ], [ -63.15209, -10.83253 ], [ -63.15212, -10.83122 ], [ -63.15264, -10.82983 ], [ -63.15326, -10.828 ], [ -63.15439, -10.8262 ], [ -63.15452, -10.82499 ], [ -63.15452, -10.82287 ], [ -63.15434, -10.82293 ], [ -63.15298, -10.82273 ], [ -63.15191, -10.82248 ], [ -63.14913, -10.82179 ], [ -63.14778, -10.82155 ], [ -63.14636, -10.82139 ], [ -63.14493, -10.82132 ], [ -63.14355, -10.82133 ], [ -63.14041, -10.82154 ], [ -63.13943, -10.82155 ], [ -63.13518, -10.82143 ], [ -63.13199, -10.82125 ], [ -63.13055, -10.82113 ], [ -63.12913, -10.82092 ], [ -63.12777, -10.8206 ], [ -63.12654, -10.82011 ], [ -63.1255, -10.81941 ], [ -63.12473, -10.81849 ], [ -63.12415, -10.81738 ], [ -63.12348, -10.81555 ], [ -63.12316, -10.81434 ], [ -63.1229, -10.81308 ], [ -63.12243, -10.8105 ], [ -63.12217, -10.80925 ], [ -63.12106, -10.80499 ], [ -63.12071, -10.8039 ], [ -63.12029, -10.80292 ], [ -63.11976, -10.8021 ], [ -63.11907, -10.80145 ], [ -63.11803, -10.80092 ], [ -63.11689, -10.80074 ], [ -63.11598, -10.80075 ], [ -63.11503, -10.80088 ], [ -63.11404, -10.80119 ], [ -63.11195, -10.80189 ], [ -63.11101, -10.80213 ], [ -63.11003, -10.80232 ], [ -63.1084, -10.80252 ], [ -63.10749, -10.80256 ], [ -63.10595, -10.80245 ], [ -63.10471, -10.80224 ], [ -63.10255, -10.80181 ], [ -63.10149, -10.80153 ], [ -63.10048, -10.80119 ], [ -63.09801, -10.80011 ], [ -63.09527, -10.79894 ], [ -63.0944, -10.7985 ], [ -63.09365, -10.79794 ], [ -63.09274, -10.79693 ], [ -63.09218, -10.79579 ], [ -63.09211, -10.79411 ], [ -63.09228, -10.79274 ], [ -63.0923, -10.79152 ], [ -63.09209, -10.79026 ], [ -63.09154, -10.78873 ], [ -63.09075, -10.78741 ], [ -63.08891, -10.78465 ], [ -63.08793, -10.78334 ], [ -63.08719, -10.78258 ], [ -63.08638, -10.78197 ], [ -63.08478, -10.78103 ], [ -63.08245, -10.77984 ], [ -63.08027, -10.77886 ], [ -63.07911, -10.7783 ], [ -63.07724, -10.77747 ], [ -63.07624, -10.77698 ], [ -63.07419, -10.77582 ], [ -63.07136, -10.77431 ], [ -63.07003, -10.77352 ], [ -63.06879, -10.77267 ], [ -63.0678, -10.77193 ], [ -63.06618, -10.77037 ], [ -63.06551, -10.77018 ], [ -63.06454, -10.77063 ], [ -63.06342, -10.77178 ], [ -63.06252, -10.77234 ], [ -63.0615, -10.77254 ], [ -63.06041, -10.77255 ], [ -63.05827, -10.77237 ], [ -63.05733, -10.77249 ], [ -63.05577, -10.77291 ], [ -63.05488, -10.77322 ], [ -63.05318, -10.77408 ], [ -63.05147, -10.77482 ], [ -63.04999, -10.77576 ], [ -63.04934, -10.77658 ], [ -63.04915, -10.77759 ], [ -63.04942, -10.77912 ], [ -63.04925, -10.78001 ], [ -63.04839, -10.78056 ], [ -63.04726, -10.7806 ], [ -63.04618, -10.78037 ], [ -63.04586, -10.78002 ], [ -63.04178, -10.77709 ], [ -63.04074, -10.77618 ], [ -63.03975, -10.77513 ], [ -63.0385, -10.77362 ], [ -63.0374, -10.7722 ], [ -63.03613, -10.77026 ], [ -63.03527, -10.76874 ], [ -63.03452, -10.76706 ], [ -63.03414, -10.766 ], [ -63.03343, -10.76388 ], [ -63.03305, -10.76288 ], [ -63.03185, -10.76042 ], [ -63.03134, -10.7596 ], [ -63.03079, -10.75888 ], [ -63.0301, -10.75829 ], [ -63.02929, -10.75781 ], [ -63.02511, -10.75583 ], [ -63.02381, -10.75513 ], [ -63.02231, -10.7542 ], [ -63.01999, -10.75266 ], [ -63.0192, -10.75211 ], [ -63.01847, -10.75149 ], [ -63.01778, -10.75076 ], [ -63.0162, -10.74873 ], [ -63.01544, -10.74783 ], [ -63.01465, -10.74702 ], [ -63.01382, -10.7463 ], [ -63.01251, -10.74538 ], [ -63.01033, -10.74416 ], [ -63.00864, -10.74299 ], [ -63.00775, -10.74251 ], [ -63.00683, -10.74217 ], [ -63.00589, -10.74194 ], [ -63.00385, -10.74146 ], [ -63.00286, -10.74092 ], [ -63.00206, -10.74012 ], [ -63.00043, -10.73784 ], [ -62.99943, -10.73687 ], [ -62.99824, -10.73599 ], [ -62.99619, -10.73487 ], [ -62.99477, -10.73428 ], [ -62.99341, -10.7338 ], [ -62.99168, -10.73323 ], [ -62.99035, -10.73287 ], [ -62.99037, -10.7317 ], [ -62.99044, -10.73049 ], [ -62.99057, -10.72902 ], [ -62.99075, -10.72742 ], [ -62.99107, -10.72505 ], [ -62.99122, -10.72344 ], [ -62.99137, -10.72065 ], [ -62.99131, -10.71904 ], [ -62.99092, -10.71711 ], [ -62.99077, -10.71601 ], [ -62.99069, -10.71488 ], [ -62.99071, -10.71378 ], [ -62.99085, -10.71266 ], [ -62.99137, -10.70957 ], [ -62.99164, -10.70829 ], [ -62.99244, -10.70493 ], [ -62.99275, -10.70343 ], [ -62.9929, -10.70252 ], [ -62.99333, -10.69937 ], [ -62.9936, -10.69834 ], [ -62.99401, -10.69736 ], [ -62.99543, -10.69493 ], [ -62.99609, -10.694 ], [ -62.99784, -10.69177 ], [ -62.99848, -10.69076 ], [ -62.9993, -10.68924 ], [ -63.00004, -10.68749 ], [ -63.00043, -10.68585 ], [ -63.00036, -10.68482 ], [ -62.9996, -10.68368 ], [ -62.99802, -10.68302 ], [ -62.99557, -10.68256 ], [ -62.99401, -10.68208 ], [ -62.99301, -10.68165 ], [ -62.99204, -10.68108 ], [ -62.99115, -10.6804 ], [ -62.98993, -10.67919 ], [ -62.9892, -10.67832 ], [ -62.98853, -10.6774 ], [ -62.98767, -10.67589 ], [ -62.98719, -10.67481 ], [ -62.98675, -10.67345 ], [ -62.98647, -10.67208 ], [ -62.98639, -10.67097 ], [ -62.98653, -10.66776 ], [ -62.9864, -10.66602 ], [ -62.98624, -10.66478 ], [ -62.98591, -10.66294 ], [ -62.98564, -10.66168 ], [ -62.98531, -10.66047 ], [ -62.98454, -10.65834 ], [ -62.98427, -10.65716 ], [ -62.98426, -10.65516 ], [ -62.98448, -10.65374 ], [ -62.98507, -10.65177 ], [ -62.98584, -10.65014 ], [ -62.98641, -10.64938 ], [ -62.98785, -10.6487 ], [ -62.98775, -10.64814 ], [ -62.98688, -10.64722 ], [ -62.98594, -10.64662 ], [ -62.98475, -10.64605 ], [ -62.9834, -10.6455 ], [ -62.98157, -10.64486 ], [ -62.97976, -10.64429 ], [ -62.97878, -10.64396 ], [ -62.97734, -10.6433 ], [ -62.97611, -10.64241 ], [ -62.97546, -10.64159 ], [ -62.97393, -10.63886 ], [ -62.97276, -10.63697 ], [ -62.97045, -10.63361 ], [ -62.96881, -10.6311 ], [ -62.96828, -10.63035 ], [ -62.96771, -10.62963 ], [ -62.96689, -10.62878 ], [ -62.96601, -10.62803 ], [ -62.96321, -10.6258 ], [ -62.96135, -10.62438 ], [ -62.95997, -10.62324 ], [ -62.95635, -10.6204 ], [ -62.95541, -10.61973 ], [ -62.95442, -10.61919 ], [ -62.95285, -10.61862 ], [ -62.95039, -10.61795 ], [ -62.94946, -10.61764 ], [ -62.94835, -10.61717 ], [ -62.9461, -10.61613 ], [ -62.94306, -10.61495 ], [ -62.94208, -10.61451 ], [ -62.94049, -10.61356 ], [ -62.93954, -10.61285 ], [ -62.93866, -10.61207 ], [ -62.93747, -10.61081 ], [ -62.93642, -10.60914 ], [ -62.93585, -10.60785 ], [ -62.93542, -10.60647 ], [ -62.93519, -10.60499 ], [ -62.93515, -10.60356 ], [ -62.93528, -10.6023 ], [ -62.93554, -10.60122 ], [ -62.93618, -10.59953 ], [ -62.93601, -10.59911 ], [ -62.93522, -10.59829 ], [ -62.93392, -10.59766 ], [ -62.93234, -10.5974 ], [ -62.93093, -10.5976 ], [ -62.92991, -10.59825 ], [ -62.92908, -10.59908 ], [ -62.92653, -10.60242 ], [ -62.92544, -10.60383 ], [ -62.92461, -10.60458 ], [ -62.92369, -10.60513 ], [ -62.92274, -10.6054 ], [ -62.9218, -10.60529 ], [ -62.92029, -10.60475 ], [ -62.91862, -10.60432 ], [ -62.91748, -10.60435 ], [ -62.91576, -10.60478 ], [ -62.91431, -10.60498 ], [ -62.91191, -10.60507 ], [ -62.90952, -10.60537 ], [ -62.90843, -10.60395 ], [ -62.90778, -10.60303 ], [ -62.90676, -10.60126 ], [ -62.90592, -10.59927 ], [ -62.90557, -10.59792 ], [ -62.90548, -10.5969 ], [ -62.90556, -10.59593 ], [ -62.9059, -10.59481 ], [ -62.9064, -10.59387 ], [ -62.90728, -10.59237 ], [ -62.90851, -10.59057 ], [ -62.90902, -10.58966 ], [ -62.90934, -10.58872 ], [ -62.9095, -10.58774 ], [ -62.9095, -10.58677 ], [ -62.90934, -10.58587 ], [ -62.90877, -10.58475 ], [ -62.90776, -10.584 ], [ -62.90648, -10.5838 ], [ -62.90554, -10.5839 ], [ -62.90175, -10.58473 ], [ -62.90067, -10.58492 ], [ -62.89783, -10.58526 ], [ -62.89677, -10.58521 ], [ -62.89599, -10.58455 ], [ -62.8958, -10.58329 ], [ -62.89587, -10.58144 ], [ -62.89585, -10.58036 ], [ -62.89575, -10.57925 ], [ -62.89555, -10.57818 ], [ -62.89527, -10.57722 ], [ -62.89478, -10.57553 ], [ -62.89479, -10.57462 ], [ -62.89506, -10.57373 ], [ -62.89557, -10.57294 ], [ -62.89626, -10.57226 ], [ -62.89881, -10.57029 ], [ -62.89962, -10.56963 ], [ -62.90069, -10.56855 ], [ -62.90141, -10.56747 ], [ -62.90166, -10.56641 ], [ -62.90131, -10.56547 ], [ -62.90049, -10.5647 ], [ -62.89938, -10.56423 ], [ -62.89808, -10.56411 ], [ -62.89657, -10.56417 ], [ -62.89491, -10.56438 ], [ -62.89251, -10.56482 ], [ -62.8913, -10.56512 ], [ -62.88882, -10.56583 ], [ -62.88757, -10.56608 ], [ -62.88629, -10.56624 ], [ -62.88499, -10.56633 ], [ -62.88177, -10.56641 ], [ -62.87995, -10.56649 ], [ -62.87883, -10.56662 ], [ -62.87621, -10.56704 ], [ -62.87473, -10.56708 ], [ -62.87374, -10.5669 ], [ -62.87273, -10.56661 ], [ -62.87112, -10.56608 ], [ -62.86999, -10.56575 ], [ -62.86805, -10.56529 ], [ -62.86652, -10.56503 ], [ -62.86487, -10.56483 ], [ -62.86233, -10.56463 ], [ -62.86069, -10.5646 ], [ -62.85697, -10.56464 ], [ -62.85535, -10.56453 ], [ -62.85478, -10.56488 ], [ -62.85383, -10.56569 ], [ -62.85273, -10.56685 ], [ -62.85113, -10.56893 ], [ -62.85021, -10.56965 ], [ -62.84895, -10.57023 ], [ -62.84755, -10.5706 ], [ -62.84638, -10.57073 ], [ -62.84405, -10.57079 ], [ -62.84168, -10.57089 ], [ -62.84002, -10.57079 ], [ -62.83854, -10.57053 ], [ -62.83669, -10.57008 ], [ -62.83485, -10.56958 ], [ -62.83393, -10.56943 ], [ -62.83299, -10.56936 ], [ -62.83141, -10.56932 ], [ -62.83046, -10.56927 ], [ -62.82951, -10.56918 ], [ -62.82858, -10.56904 ], [ -62.82706, -10.56862 ], [ -62.82356, -10.5672 ], [ -62.82155, -10.56651 ], [ -62.82065, -10.56631 ], [ -62.81885, -10.56601 ], [ -62.8173, -10.56593 ], [ -62.81544, -10.56598 ], [ -62.81395, -10.56604 ], [ -62.81285, -10.5662 ], [ -62.81273, -10.56566 ], [ -62.81264, -10.5642 ], [ -62.81271, -10.56307 ], [ -62.81294, -10.56184 ], [ -62.81337, -10.5605 ], [ -62.81452, -10.55799 ], [ -62.81522, -10.55613 ], [ -62.81546, -10.55452 ], [ -62.8154, -10.55314 ], [ -62.81525, -10.5521 ], [ -62.81502, -10.55106 ], [ -62.81471, -10.55006 ], [ -62.81424, -10.54894 ], [ -62.81367, -10.54789 ], [ -62.81299, -10.54687 ], [ -62.8118, -10.54554 ], [ -62.81038, -10.54447 ], [ -62.80783, -10.54299 ], [ -62.80606, -10.54164 ], [ -62.80548, -10.54093 ], [ -62.80501, -10.54017 ], [ -62.80442, -10.53901 ], [ -62.80355, -10.53708 ], [ -62.80236, -10.53548 ], [ -62.80195, -10.5343 ], [ -62.80196, -10.53275 ], [ -62.80227, -10.52945 ], [ -62.80235, -10.52821 ], [ -62.80252, -10.52329 ], [ -62.80259, -10.52211 ], [ -62.80271, -10.52093 ], [ -62.80286, -10.51978 ], [ -62.80321, -10.5178 ], [ -62.80376, -10.5148 ], [ -62.80368, -10.5137 ], [ -62.80125, -10.51232 ], [ -62.80015, -10.51184 ], [ -62.7989, -10.5114 ], [ -62.79631, -10.51065 ], [ -62.79459, -10.50996 ], [ -62.79366, -10.50938 ], [ -62.79299, -10.50878 ], [ -62.79226, -10.5077 ], [ -62.79204, -10.50681 ], [ -62.79201, -10.50589 ], [ -62.79208, -10.50368 ], [ -62.79217, -10.50204 ], [ -62.79218, -10.50099 ], [ -62.79212, -10.49957 ], [ -62.79199, -10.49587 ], [ -62.79148, -10.49499 ], [ -62.79002, -10.49438 ], [ -62.7885, -10.4942 ], [ -62.78748, -10.49417 ], [ -62.7864, -10.49421 ], [ -62.78527, -10.49431 ], [ -62.78415, -10.49449 ], [ -62.78308, -10.49475 ], [ -62.78191, -10.49512 ], [ -62.78026, -10.49573 ], [ -62.77921, -10.49608 ], [ -62.77818, -10.4963 ], [ -62.77716, -10.49635 ], [ -62.77553, -10.49607 ], [ -62.77437, -10.4955 ], [ -62.7737, -10.49487 ], [ -62.7732, -10.49402 ], [ -62.77291, -10.49302 ], [ -62.77273, -10.49158 ], [ -62.77267, -10.49061 ], [ -62.77265, -10.48909 ], [ -62.77272, -10.48794 ], [ -62.77303, -10.48585 ], [ -62.77305, -10.48417 ], [ -62.7728, -10.48279 ], [ -62.77251, -10.48186 ], [ -62.77197, -10.48061 ], [ -62.76891, -10.47471 ], [ -62.76785, -10.47287 ], [ -62.76702, -10.47203 ], [ -62.76578, -10.47181 ], [ -62.76347, -10.4709 ], [ -62.76225, -10.47057 ], [ -62.76061, -10.47028 ], [ -62.75962, -10.47004 ], [ -62.75837, -10.46938 ], [ -62.75671, -10.46806 ], [ -62.75569, -10.46741 ], [ -62.75475, -10.46708 ], [ -62.75377, -10.46688 ], [ -62.75277, -10.46672 ], [ -62.75179, -10.46695 ], [ -62.74983, -10.46807 ], [ -62.74834, -10.46913 ], [ -62.74626, -10.47024 ], [ -62.74427, -10.47109 ], [ -62.74368, -10.4712 ], [ -62.74236, -10.47021 ], [ -62.74138, -10.46932 ], [ -62.74032, -10.46826 ], [ -62.73934, -10.46706 ], [ -62.73858, -10.46577 ], [ -62.73822, -10.46489 ], [ -62.73772, -10.4627 ], [ -62.73753, -10.46091 ], [ -62.73734, -10.45965 ], [ -62.7369, -10.45743 ], [ -62.73649, -10.45587 ], [ -62.73587, -10.45424 ], [ -62.7352, -10.4529 ], [ -62.73459, -10.45213 ], [ -62.73368, -10.4514 ], [ -62.73259, -10.45069 ], [ -62.73179, -10.44993 ], [ -62.73137, -10.44897 ], [ -62.73155, -10.44778 ], [ -62.73215, -10.44705 ], [ -62.73329, -10.44637 ], [ -62.73524, -10.44551 ], [ -62.73668, -10.4448 ], [ -62.73771, -10.44384 ], [ -62.73827, -10.44258 ], [ -62.73848, -10.44118 ], [ -62.73831, -10.43974 ], [ -62.73791, -10.43852 ], [ -62.73743, -10.4376 ], [ -62.73702, -10.43703 ], [ -62.73531, -10.43656 ], [ -62.73276, -10.43562 ], [ -62.73167, -10.43532 ], [ -62.73078, -10.43549 ], [ -62.73008, -10.43616 ], [ -62.72933, -10.4378 ], [ -62.7287, -10.43882 ], [ -62.72785, -10.43947 ], [ -62.7268, -10.43985 ], [ -62.72568, -10.43986 ], [ -62.72461, -10.43949 ], [ -62.72316, -10.43853 ], [ -62.72161, -10.43762 ], [ -62.72055, -10.43693 ], [ -62.71821, -10.43594 ], [ -62.71649, -10.43513 ], [ -62.71551, -10.43442 ], [ -62.71468, -10.43332 ], [ -62.71355, -10.43108 ], [ -62.7123, -10.42896 ], [ -62.71202, -10.4287 ], [ -62.71198, -10.42738 ], [ -62.71168, -10.4256 ], [ -62.71094, -10.42314 ], [ -62.71027, -10.42161 ], [ -62.70952, -10.42031 ], [ -62.70848, -10.41878 ], [ -62.70789, -10.41774 ], [ -62.70739, -10.41646 ], [ -62.70696, -10.41408 ], [ -62.70691, -10.41289 ], [ -62.70718, -10.41112 ], [ -62.70791, -10.40832 ], [ -62.70802, -10.40721 ], [ -62.70796, -10.40615 ], [ -62.70784, -10.4051 ], [ -62.70756, -10.4042 ], [ -62.70668, -10.40303 ], [ -62.70592, -10.40227 ], [ -62.70379, -10.40058 ], [ -62.70307, -10.39981 ], [ -62.70207, -10.39804 ], [ -62.70047, -10.39586 ], [ -62.69967, -10.39459 ], [ -62.69906, -10.39331 ], [ -62.69869, -10.39189 ], [ -62.69868, -10.3912 ], [ -62.69953, -10.39036 ], [ -62.70009, -10.38926 ], [ -62.7003, -10.38836 ], [ -62.70022, -10.38713 ], [ -62.69981, -10.3858 ], [ -62.69933, -10.38465 ], [ -62.69698, -10.37941 ], [ -62.69591, -10.37724 ], [ -62.69544, -10.37608 ], [ -62.69507, -10.3748 ], [ -62.6948, -10.37344 ], [ -62.69461, -10.37206 ], [ -62.69447, -10.37067 ], [ -62.69439, -10.36883 ], [ -62.69444, -10.36763 ], [ -62.69457, -10.36646 ], [ -62.69478, -10.36534 ], [ -62.69562, -10.36253 ], [ -62.69603, -10.36086 ], [ -62.69619, -10.35983 ], [ -62.69617, -10.35859 ], [ -62.69558, -10.35699 ], [ -62.69503, -10.35613 ], [ -62.69437, -10.35529 ], [ -62.69252, -10.35323 ], [ -62.69178, -10.35236 ], [ -62.69038, -10.35048 ], [ -62.68945, -10.34905 ], [ -62.68891, -10.34802 ], [ -62.68857, -10.34719 ], [ -62.68814, -10.34577 ], [ -62.68793, -10.3446 ], [ -62.68729, -10.33931 ], [ -62.68707, -10.33804 ], [ -62.68648, -10.33527 ], [ -62.68619, -10.33194 ], [ -62.686, -10.33075 ], [ -62.68521, -10.32721 ], [ -62.68501, -10.3259 ], [ -62.68488, -10.32455 ], [ -62.68482, -10.32317 ], [ -62.68483, -10.32182 ], [ -62.68497, -10.31768 ], [ -62.68552, -10.31119 ], [ -62.68559, -10.30986 ], [ -62.6856, -10.30871 ], [ -62.68556, -10.30782 ], [ -62.68535, -10.30703 ], [ -62.68432, -10.30704 ], [ -62.68339, -10.30687 ], [ -62.6829, -10.30599 ], [ -62.68303, -10.30495 ], [ -62.68341, -10.304 ], [ -62.68268, -10.30305 ], [ -62.68214, -10.30226 ], [ -62.68196, -10.30061 ], [ -62.68167, -10.29958 ], [ -62.68118, -10.2987 ], [ -62.68207, -10.29845 ], [ -62.68319, -10.2976 ], [ -62.6839, -10.29671 ], [ -62.68423, -10.29579 ], [ -62.68425, -10.29364 ], [ -62.68474, -10.29253 ], [ -62.68562, -10.2915 ], [ -62.68641, -10.28949 ], [ -62.68744, -10.28749 ], [ -62.68818, -10.28541 ], [ -62.68908, -10.28413 ], [ -62.68987, -10.2827 ], [ -62.69022, -10.28182 ], [ -62.69083, -10.27962 ], [ -62.69118, -10.2787 ], [ -62.69006, -10.27764 ], [ -62.68928, -10.27663 ], [ -62.68871, -10.2758 ], [ -62.68752, -10.27397 ], [ -62.68594, -10.27184 ], [ -62.68532, -10.27107 ], [ -62.68244, -10.2682 ], [ -62.68169, -10.2673 ], [ -62.68073, -10.26596 ], [ -62.68017, -10.26473 ], [ -62.67968, -10.26124 ], [ -62.67961, -10.26022 ], [ -62.67975, -10.25919 ], [ -62.68025, -10.25773 ], [ -62.68063, -10.25613 ], [ -62.68115, -10.25213 ], [ -62.68162, -10.25049 ], [ -62.6821, -10.24949 ], [ -62.6827, -10.24853 ], [ -62.68417, -10.24683 ], [ -62.68453, -10.24574 ], [ -62.68416, -10.24442 ], [ -62.68365, -10.24362 ], [ -62.68275, -10.24271 ], [ -62.68203, -10.24218 ], [ -62.68094, -10.24151 ], [ -62.68035, -10.2412 ], [ -62.67779, -10.24199 ], [ -62.67625, -10.24257 ], [ -62.67473, -10.24325 ], [ -62.67336, -10.24406 ], [ -62.67231, -10.24488 ], [ -62.6715, -10.24568 ], [ -62.67077, -10.24648 ], [ -62.67018, -10.24733 ], [ -62.6695, -10.24864 ], [ -62.66885, -10.2494 ], [ -62.66763, -10.25034 ], [ -62.66574, -10.25153 ], [ -62.66457, -10.25118 ], [ -62.66364, -10.25031 ], [ -62.66258, -10.24948 ], [ -62.66175, -10.24864 ], [ -62.66129, -10.24781 ], [ -62.66065, -10.24572 ], [ -62.65989, -10.24523 ], [ -62.65893, -10.24578 ], [ -62.65592, -10.24879 ], [ -62.65495, -10.24986 ], [ -62.65368, -10.2512 ], [ -62.65347, -10.25114 ], [ -62.65262, -10.25056 ], [ -62.6518, -10.2499 ], [ -62.64918, -10.2477 ], [ -62.64799, -10.24678 ], [ -62.64679, -10.24591 ], [ -62.64459, -10.24447 ], [ -62.6437, -10.24379 ], [ -62.64293, -10.2431 ], [ -62.64151, -10.24157 ], [ -62.64038, -10.24012 ], [ -62.63992, -10.23901 ], [ -62.64005, -10.2378 ], [ -62.64073, -10.23672 ], [ -62.64138, -10.23595 ], [ -62.64321, -10.2341 ], [ -62.64391, -10.23328 ], [ -62.64454, -10.23242 ], [ -62.64506, -10.23152 ], [ -62.64541, -10.23057 ], [ -62.64557, -10.22955 ], [ -62.64549, -10.22851 ], [ -62.6452, -10.22754 ], [ -62.64476, -10.22659 ], [ -62.64364, -10.22468 ], [ -62.64269, -10.22319 ], [ -62.641, -10.22074 ], [ -62.63848, -10.21739 ], [ -62.63599, -10.2142 ], [ -62.63468, -10.21243 ], [ -62.63382, -10.21112 ], [ -62.63288, -10.2099 ], [ -62.63173, -10.20877 ], [ -62.6308, -10.20804 ], [ -62.62974, -10.20731 ], [ -62.62859, -10.20672 ], [ -62.62741, -10.2064 ], [ -62.62619, -10.2063 ], [ -62.62501, -10.20641 ], [ -62.62393, -10.20663 ], [ -62.62202, -10.20703 ], [ -62.62102, -10.20772 ], [ -62.62019, -10.20855 ], [ -62.61935, -10.20938 ], [ -62.61835, -10.20959 ], [ -62.61785, -10.21037 ], [ -62.61467, -10.20887 ], [ -62.61345, -10.20838 ], [ -62.61142, -10.20791 ], [ -62.60999, -10.20782 ], [ -62.60787, -10.20789 ], [ -62.60657, -10.20802 ], [ -62.60484, -10.20838 ], [ -62.60247, -10.20911 ], [ -62.60124, -10.20941 ], [ -62.59996, -10.20965 ], [ -62.59868, -10.20986 ], [ -62.59573, -10.21029 ], [ -62.59474, -10.21038 ], [ -62.59344, -10.21021 ], [ -62.59238, -10.20953 ], [ -62.5916, -10.20833 ], [ -62.5911, -10.20683 ], [ -62.59091, -10.20571 ], [ -62.5907, -10.20353 ], [ -62.59046, -10.20224 ], [ -62.58968, -10.20062 ], [ -62.58905, -10.19977 ], [ -62.58832, -10.19896 ], [ -62.58625, -10.19714 ], [ -62.58503, -10.19596 ], [ -62.58391, -10.19478 ], [ -62.58323, -10.19395 ], [ -62.58183, -10.19175 ], [ -62.58089, -10.1904 ], [ -62.5799, -10.18905 ], [ -62.5792, -10.18818 ], [ -62.57826, -10.18713 ], [ -62.57675, -10.18592 ], [ -62.57516, -10.18514 ], [ -62.57323, -10.1844 ], [ -62.5719, -10.18383 ], [ -62.57061, -10.18313 ], [ -62.56968, -10.1825 ], [ -62.56881, -10.18184 ], [ -62.56784, -10.18104 ], [ -62.56705, -10.18027 ], [ -62.5665, -10.17952 ], [ -62.56618, -10.1787 ], [ -62.56584, -10.17786 ], [ -62.56497, -10.17734 ], [ -62.56366, -10.1772 ], [ -62.56216, -10.17729 ], [ -62.56012, -10.17774 ], [ -62.55712, -10.17813 ], [ -62.55566, -10.17807 ], [ -62.55454, -10.1777 ], [ -62.55248, -10.1767 ], [ -62.55154, -10.1762 ], [ -62.55056, -10.1761 ], [ -62.54953, -10.17634 ], [ -62.54769, -10.17707 ], [ -62.54625, -10.17738 ], [ -62.54442, -10.17736 ], [ -62.54308, -10.1775 ], [ -62.54065, -10.17823 ], [ -62.53898, -10.17857 ], [ -62.53761, -10.17871 ], [ -62.53702, -10.1787 ], [ -62.53709, -10.17756 ], [ -62.53716, -10.17598 ], [ -62.53709, -10.17503 ], [ -62.53681, -10.17331 ], [ -62.53657, -10.1723 ], [ -62.53628, -10.17134 ], [ -62.53556, -10.16965 ], [ -62.53508, -10.16802 ], [ -62.53493, -10.16696 ], [ -62.53491, -10.16475 ], [ -62.53484, -10.16386 ], [ -62.53469, -10.16298 ], [ -62.53424, -10.16159 ], [ -62.53387, -10.16078 ], [ -62.53306, -10.15959 ], [ -62.53168, -10.15851 ], [ -62.53083, -10.15815 ], [ -62.52992, -10.15785 ], [ -62.52712, -10.15711 ], [ -62.52539, -10.1566 ], [ -62.52428, -10.15637 ], [ -62.52321, -10.15632 ], [ -62.5216, -10.15655 ], [ -62.5205, -10.1568 ], [ -62.5196, -10.15692 ], [ -62.51868, -10.15695 ], [ -62.51628, -10.15665 ], [ -62.51532, -10.15657 ], [ -62.51439, -10.15666 ], [ -62.51278, -10.15695 ], [ -62.51164, -10.15699 ], [ -62.51048, -10.15681 ], [ -62.50745, -10.15563 ], [ -62.50702, -10.15537 ], [ -62.50843, -10.15346 ], [ -62.50928, -10.15219 ], [ -62.51008, -10.15081 ], [ -62.51076, -10.14938 ], [ -62.51123, -10.14818 ], [ -62.51134, -10.14703 ], [ -62.51117, -10.14574 ], [ -62.51077, -10.14425 ], [ -62.51016, -10.14307 ], [ -62.5094, -10.14215 ], [ -62.50752, -10.14079 ], [ -62.50657, -10.14007 ], [ -62.50574, -10.13927 ], [ -62.50507, -10.13833 ], [ -62.50457, -10.13728 ], [ -62.50419, -10.13567 ], [ -62.504, -10.13348 ], [ -62.50368, -10.13195 ], [ -62.50311, -10.13078 ], [ -62.50224, -10.12979 ], [ -62.50113, -10.12878 ], [ -62.50035, -10.12787 ], [ -62.49967, -10.12691 ], [ -62.49904, -10.12565 ], [ -62.49878, -10.12477 ], [ -62.4986, -10.12377 ], [ -62.49854, -10.12192 ], [ -62.49868, -10.12082 ], [ -62.49894, -10.1198 ], [ -62.49944, -10.11852 ], [ -62.49995, -10.11759 ], [ -62.50035, -10.11703 ], [ -62.49872, -10.11596 ], [ -62.49538, -10.11394 ], [ -62.49391, -10.11335 ], [ -62.4924, -10.11326 ], [ -62.49095, -10.11354 ], [ -62.48984, -10.11403 ], [ -62.48824, -10.11492 ], [ -62.48662, -10.11571 ], [ -62.48504, -10.11654 ], [ -62.48396, -10.11695 ], [ -62.48284, -10.1171 ], [ -62.47994, -10.11681 ], [ -62.47879, -10.11682 ], [ -62.47771, -10.1171 ], [ -62.47676, -10.1177 ], [ -62.47591, -10.11844 ], [ -62.47476, -10.11969 ], [ -62.4741, -10.12064 ], [ -62.47334, -10.12236 ], [ -62.47296, -10.12384 ], [ -62.47269, -10.12528 ], [ -62.47229, -10.12657 ], [ -62.47174, -10.12742 ], [ -62.47118, -10.12787 ], [ -62.47031, -10.12743 ], [ -62.46882, -10.127 ], [ -62.46773, -10.12603 ], [ -62.46658, -10.12524 ], [ -62.46584, -10.12458 ], [ -62.46537, -10.12358 ], [ -62.46536, -10.1222 ], [ -62.46588, -10.12087 ], [ -62.46617, -10.11935 ], [ -62.46618, -10.1187 ], [ -62.465, -10.11849 ], [ -62.46394, -10.11838 ], [ -62.46263, -10.11831 ], [ -62.46111, -10.1183 ], [ -62.45947, -10.11838 ], [ -62.45698, -10.11869 ], [ -62.45546, -10.119 ], [ -62.45406, -10.11937 ], [ -62.45229, -10.1199 ], [ -62.45069, -10.12047 ], [ -62.44864, -10.12153 ], [ -62.44766, -10.12221 ], [ -62.44555, -10.12377 ], [ -62.44344, -10.12523 ], [ -62.44168, -10.12641 ], [ -62.44043, -10.12713 ], [ -62.43917, -10.12747 ], [ -62.43757, -10.12708 ], [ -62.43681, -10.12657 ], [ -62.43495, -10.12485 ], [ -62.43336, -10.1238 ], [ -62.4318, -10.12323 ], [ -62.43088, -10.12298 ], [ -62.42907, -10.12267 ], [ -62.42776, -10.12293 ], [ -62.42653, -10.12363 ], [ -62.42581, -10.12432 ], [ -62.42518, -10.12523 ], [ -62.42463, -10.12629 ], [ -62.42267, -10.13055 ], [ -62.42196, -10.13195 ], [ -62.42104, -10.13356 ], [ -62.42008, -10.13513 ], [ -62.41873, -10.13705 ], [ -62.41796, -10.13791 ], [ -62.41716, -10.13862 ], [ -62.41626, -10.13925 ], [ -62.41531, -10.13969 ], [ -62.41429, -10.13992 ], [ -62.41322, -10.13995 ], [ -62.41136, -10.13953 ], [ -62.40948, -10.1388 ], [ -62.40838, -10.13835 ], [ -62.40668, -10.13761 ], [ -62.40553, -10.13714 ], [ -62.40435, -10.13676 ], [ -62.4025, -10.13629 ], [ -62.40158, -10.13613 ], [ -62.40065, -10.13603 ], [ -62.39746, -10.13583 ], [ -62.39552, -10.13584 ], [ -62.39289, -10.13595 ], [ -62.39158, -10.13604 ], [ -62.3897, -10.13623 ], [ -62.38802, -10.13667 ], [ -62.38698, -10.13716 ], [ -62.38603, -10.13777 ], [ -62.38516, -10.13849 ], [ -62.38434, -10.1393 ], [ -62.38356, -10.1402 ], [ -62.38243, -10.14157 ], [ -62.38162, -10.14247 ], [ -62.38029, -10.14358 ], [ -62.37928, -10.1443 ], [ -62.37763, -10.14516 ], [ -62.37643, -10.14561 ], [ -62.37516, -10.146 ], [ -62.37257, -10.14672 ], [ -62.37072, -10.14738 ], [ -62.36957, -10.14791 ], [ -62.3685, -10.14847 ], [ -62.36751, -10.14909 ], [ -62.36674, -10.14972 ], [ -62.36531, -10.15105 ], [ -62.36444, -10.15175 ], [ -62.36349, -10.15233 ], [ -62.36191, -10.15298 ], [ -62.35998, -10.15356 ], [ -62.35866, -10.15401 ], [ -62.3574, -10.15453 ], [ -62.35438, -10.15611 ], [ -62.35285, -10.1562 ], [ -62.35166, -10.15636 ], [ -62.3501, -10.15708 ], [ -62.34954, -10.15792 ], [ -62.34948, -10.15923 ], [ -62.3496, -10.16053 ], [ -62.35008, -10.16144 ], [ -62.35033, -10.1626 ], [ -62.35054, -10.16464 ], [ -62.35118, -10.16537 ], [ -62.35025, -10.16578 ], [ -62.34917, -10.1659 ], [ -62.34781, -10.16588 ], [ -62.34523, -10.16574 ], [ -62.3442, -10.16574 ], [ -62.34321, -10.16578 ], [ -62.34231, -10.16587 ], [ -62.33849, -10.16648 ], [ -62.33748, -10.16671 ], [ -62.33358, -10.16775 ], [ -62.33227, -10.16804 ], [ -62.33134, -10.16816 ], [ -62.33039, -10.16821 ], [ -62.32944, -10.16819 ], [ -62.3285, -10.16809 ], [ -62.32761, -10.16793 ], [ -62.32517, -10.16721 ], [ -62.32395, -10.16693 ], [ -62.32304, -10.16682 ], [ -62.32213, -10.16682 ], [ -62.32046, -10.16719 ], [ -62.31822, -10.16872 ], [ -62.31735, -10.16926 ], [ -62.31578, -10.16998 ], [ -62.31464, -10.17081 ], [ -62.31376, -10.1719 ], [ -62.31293, -10.17327 ], [ -62.31161, -10.17566 ], [ -62.31089, -10.17667 ], [ -62.31035, -10.17703 ], [ -62.30915, -10.17749 ], [ -62.30799, -10.17774 ], [ -62.30672, -10.17767 ], [ -62.30551, -10.1772 ], [ -62.30453, -10.17638 ], [ -62.30387, -10.17546 ], [ -62.30346, -10.17448 ], [ -62.30305, -10.17294 ], [ -62.30247, -10.17135 ], [ -62.30193, -10.16973 ], [ -62.30137, -10.16838 ], [ -62.30041, -10.16677 ], [ -62.29955, -10.16597 ], [ -62.29814, -10.16525 ], [ -62.29623, -10.16464 ], [ -62.29511, -10.16448 ], [ -62.29405, -10.16452 ], [ -62.29305, -10.16486 ], [ -62.29161, -10.16568 ], [ -62.29073, -10.16642 ], [ -62.2896, -10.16777 ], [ -62.28897, -10.1689 ], [ -62.28806, -10.17071 ], [ -62.28684, -10.17098 ], [ -62.28602, -10.17039 ], [ -62.28527, -10.16966 ], [ -62.28452, -10.1687 ], [ -62.28488, -10.16735 ], [ -62.2846, -10.16645 ], [ -62.28411, -10.16547 ], [ -62.28342, -10.16436 ], [ -62.28258, -10.16326 ], [ -62.28165, -10.16224 ], [ -62.28014, -10.16079 ], [ -62.27914, -10.15991 ], [ -62.27769, -10.15885 ], [ -62.27668, -10.15828 ], [ -62.27454, -10.15723 ], [ -62.27346, -10.15681 ], [ -62.27134, -10.15605 ], [ -62.27037, -10.1556 ], [ -62.26949, -10.15501 ], [ -62.26866, -10.15427 ], [ -62.26664, -10.15235 ], [ -62.26585, -10.15152 ], [ -62.26509, -10.15064 ], [ -62.26327, -10.14827 ], [ -62.25933, -10.14347 ], [ -62.25874, -10.14277 ], [ -62.25793, -10.14191 ], [ -62.25664, -10.14072 ], [ -62.25574, -10.13994 ], [ -62.25482, -10.13919 ], [ -62.25203, -10.13702 ], [ -62.25116, -10.13624 ], [ -62.25035, -10.13545 ], [ -62.24962, -10.13456 ], [ -62.24899, -10.13359 ], [ -62.24855, -10.13262 ], [ -62.24729, -10.12904 ], [ -62.24636, -10.12705 ], [ -62.24557, -10.12589 ], [ -62.24429, -10.12448 ], [ -62.24325, -10.12363 ], [ -62.24245, -10.12309 ], [ -62.24202, -10.12287 ], [ -62.24049, -10.1236 ], [ -62.23748, -10.12501 ], [ -62.23656, -10.12553 ], [ -62.23532, -10.12639 ], [ -62.23305, -10.12825 ], [ -62.23205, -10.12904 ], [ -62.23068, -10.13007 ], [ -62.22976, -10.13071 ], [ -62.22882, -10.1313 ], [ -62.22786, -10.13176 ], [ -62.22687, -10.13204 ], [ -62.22588, -10.13219 ], [ -62.22468, -10.13215 ], [ -62.22358, -10.13181 ], [ -62.22246, -10.1311 ], [ -62.22105, -10.13017 ], [ -62.21989, -10.13001 ], [ -62.21822, -10.13035 ], [ -62.21647, -10.13098 ], [ -62.21555, -10.13122 ], [ -62.21459, -10.13132 ], [ -62.21359, -10.13134 ], [ -62.21257, -10.13129 ], [ -62.21101, -10.13116 ], [ -62.21002, -10.13114 ], [ -62.20703, -10.1313 ], [ -62.20601, -10.1314 ], [ -62.20469, -10.13169 ], [ -62.20334, -10.13211 ], [ -62.20228, -10.13252 ], [ -62.20068, -10.13326 ], [ -62.19938, -10.13396 ], [ -62.19816, -10.13475 ], [ -62.19512, -10.13732 ], [ -62.19426, -10.13791 ], [ -62.19298, -10.13873 ], [ -62.19184, -10.13968 ], [ -62.19118, -10.14042 ], [ -62.19061, -10.14125 ], [ -62.19015, -10.14217 ], [ -62.18922, -10.14453 ], [ -62.18859, -10.14654 ], [ -62.18822, -10.1475 ], [ -62.1875, -10.14874 ], [ -62.18628, -10.14984 ], [ -62.18531, -10.15019 ], [ -62.18444, -10.14994 ], [ -62.18378, -10.1492 ], [ -62.18347, -10.14802 ], [ -62.18343, -10.14703 ], [ -62.18347, -10.14596 ], [ -62.18356, -10.14491 ], [ -62.18359, -10.14372 ], [ -62.18351, -10.1425 ], [ -62.18314, -10.14009 ], [ -62.18237, -10.13671 ], [ -62.18192, -10.13362 ], [ -62.18164, -10.13259 ], [ -62.18109, -10.13181 ], [ -62.1801, -10.13121 ], [ -62.17884, -10.13081 ], [ -62.17744, -10.13075 ], [ -62.17595, -10.13096 ], [ -62.17491, -10.13117 ], [ -62.17389, -10.13132 ], [ -62.17256, -10.13134 ], [ -62.17124, -10.13111 ], [ -62.16969, -10.13055 ], [ -62.16815, -10.1298 ], [ -62.16718, -10.12922 ], [ -62.16623, -10.1285 ], [ -62.16535, -10.12773 ], [ -62.16454, -10.12695 ], [ -62.16374, -10.12606 ], [ -62.1623, -10.12432 ], [ -62.16158, -10.1235 ], [ -62.16082, -10.1228 ], [ -62.15958, -10.12219 ], [ -62.15847, -10.12204 ], [ -62.15739, -10.12228 ], [ -62.15618, -10.12301 ], [ -62.15537, -10.12365 ], [ -62.15366, -10.12491 ], [ -62.15275, -10.12547 ], [ -62.15047, -10.12677 ], [ -62.14965, -10.12732 ], [ -62.14677, -10.12991 ], [ -62.14578, -10.13061 ], [ -62.14443, -10.13119 ], [ -62.14269, -10.13167 ], [ -62.13608, -10.13305 ], [ -62.1351, -10.13317 ], [ -62.13394, -10.13307 ], [ -62.13368, -10.13287 ], [ -62.13227, -10.13324 ], [ -62.1312, -10.13346 ], [ -62.13002, -10.13354 ], [ -62.12855, -10.13341 ], [ -62.12747, -10.13309 ], [ -62.12654, -10.13292 ], [ -62.12554, -10.13287 ], [ -62.12457, -10.13293 ], [ -62.12335, -10.13333 ], [ -62.12245, -10.13455 ], [ -62.12168, -10.13675 ], [ -62.1211, -10.13834 ], [ -62.1203, -10.13894 ], [ -62.11868, -10.13828 ], [ -62.11703, -10.13791 ], [ -62.11618, -10.13787 ], [ -62.11552, -10.13687 ], [ -62.1147, -10.13603 ], [ -62.1134, -10.13532 ], [ -62.11255, -10.13464 ], [ -62.11118, -10.13453 ], [ -62.10963, -10.13544 ], [ -62.10672, -10.13786 ], [ -62.10552, -10.13875 ], [ -62.10441, -10.13936 ], [ -62.10315, -10.13967 ], [ -62.10166, -10.13956 ], [ -62.1006, -10.13922 ], [ -62.0986, -10.13845 ], [ -62.09763, -10.13823 ], [ -62.09616, -10.13841 ], [ -62.09438, -10.13902 ], [ -62.09328, -10.13913 ], [ -62.09245, -10.13851 ], [ -62.09214, -10.13741 ], [ -62.09214, -10.13597 ], [ -62.09189, -10.13457 ], [ -62.09115, -10.13345 ], [ -62.08947, -10.13224 ], [ -62.08849, -10.13149 ], [ -62.08727, -10.13085 ], [ -62.08582, -10.13042 ], [ -62.08482, -10.13032 ], [ -62.08383, -10.13036 ], [ -62.08293, -10.13051 ], [ -62.08185, -10.13085 ], [ -62.08118, -10.1312 ], [ -62.08051, -10.1294 ], [ -62.07953, -10.12664 ], [ -62.07915, -10.12568 ], [ -62.07871, -10.12481 ], [ -62.07795, -10.12371 ], [ -62.0769, -10.12246 ], [ -62.07637, -10.12157 ], [ -62.07505, -10.1167 ], [ -62.07451, -10.11528 ], [ -62.07388, -10.11432 ], [ -62.07314, -10.1135 ], [ -62.07212, -10.11261 ], [ -62.07148, -10.11176 ], [ -62.0711, -10.10964 ], [ -62.07084, -10.10873 ], [ -62.07035, -10.10733 ], [ -62.07015, -10.10626 ], [ -62.07006, -10.10497 ], [ -62.06985, -10.1034 ], [ -62.06909, -10.10126 ], [ -62.06802, -10.09907 ], [ -62.06698, -10.09711 ], [ -62.06618, -10.09537 ], [ -62.06121, -10.09533 ], [ -62.0601, -10.09545 ], [ -62.0594, -10.0973 ], [ -62.0583, -10.09789 ], [ -62.05738, -10.0979 ], [ -62.05618, -10.09787 ], [ -62.05579, -10.09856 ], [ -62.05461, -10.10025 ], [ -62.054, -10.10094 ], [ -62.05314, -10.10158 ], [ -62.0522, -10.10189 ], [ -62.05013, -10.10233 ], [ -62.04921, -10.10265 ], [ -62.04822, -10.10328 ], [ -62.04703, -10.10401 ], [ -62.0461, -10.10397 ], [ -62.04452, -10.10333 ], [ -62.0436, -10.10276 ], [ -62.04286, -10.10209 ], [ -62.0423, -10.10128 ], [ -62.04139, -10.09953 ], [ -62.04037, -10.09919 ], [ -62.03684, -10.09946 ], [ -62.03535, -10.09953 ], [ -62.03479, -10.09872 ], [ -62.0339, -10.09819 ], [ -62.03222, -10.09744 ], [ -62.02909, -10.09625 ], [ -62.02782, -10.09571 ], [ -62.02678, -10.09513 ], [ -62.02596, -10.09416 ], [ -62.02544, -10.09288 ], [ -62.02523, -10.09188 ], [ -62.02512, -10.0908 ], [ -62.02509, -10.08969 ], [ -62.0251, -10.08802 ], [ -62.02506, -10.08696 ], [ -62.02498, -10.08592 ], [ -62.02483, -10.0849 ], [ -62.02461, -10.08394 ], [ -62.02429, -10.08307 ], [ -62.02342, -10.08164 ], [ -62.02274, -10.08079 ], [ -62.022, -10.08006 ], [ -62.02118, -10.07947 ], [ -62.01981, -10.07873 ], [ -62.01882, -10.07823 ], [ -62.01743, -10.0776 ], [ -62.01621, -10.07696 ], [ -62.01483, -10.07597 ], [ -62.01407, -10.07507 ], [ -62.01334, -10.07368 ], [ -62.01301, -10.07268 ], [ -62.01276, -10.07165 ], [ -62.01254, -10.07043 ], [ -62.01239, -10.06805 ], [ -62.01222, -10.06679 ], [ -62.01195, -10.06546 ], [ -62.01154, -10.06416 ], [ -62.01101, -10.06297 ], [ -62.01021, -10.06175 ], [ -62.00936, -10.06079 ], [ -62.00785, -10.05953 ], [ -62.00674, -10.05955 ], [ -62.00525, -10.05964 ], [ -62.00357, -10.05982 ], [ -62.00124, -10.06001 ], [ -61.99888, -10.06048 ], [ -61.99772, -10.06061 ], [ -61.99657, -10.06049 ], [ -61.99546, -10.06018 ], [ -61.99394, -10.05967 ], [ -61.99296, -10.05956 ], [ -61.99195, -10.05978 ], [ -61.9904, -10.06044 ], [ -61.9889, -10.06135 ], [ -61.98751, -10.06247 ], [ -61.98647, -10.06307 ], [ -61.98521, -10.06338 ], [ -61.98319, -10.06352 ], [ -61.98191, -10.06349 ], [ -61.98067, -10.06363 ], [ -61.97932, -10.06419 ], [ -61.97804, -10.06502 ], [ -61.97666, -10.06633 ], [ -61.97618, -10.06703 ], [ -61.97632, -10.06756 ], [ -61.97874, -10.07194 ], [ -61.97944, -10.07315 ], [ -61.98026, -10.07426 ], [ -61.98112, -10.0751 ], [ -61.98225, -10.07585 ], [ -61.98419, -10.07668 ], [ -61.98478, -10.07777 ], [ -61.98455, -10.07889 ], [ -61.98411, -10.07967 ], [ -61.98348, -10.08041 ], [ -61.98272, -10.08109 ], [ -61.98137, -10.08212 ], [ -61.97943, -10.0834 ], [ -61.97851, -10.08412 ], [ -61.97769, -10.08499 ], [ -61.97705, -10.0859 ], [ -61.97649, -10.0869 ], [ -61.97544, -10.08893 ], [ -61.97485, -10.08988 ], [ -61.97414, -10.09081 ], [ -61.97173, -10.09343 ], [ -61.97097, -10.09481 ], [ -61.97068, -10.09611 ], [ -61.97058, -10.09705 ], [ -61.97055, -10.09801 ], [ -61.97058, -10.09949 ], [ -61.97088, -10.10111 ], [ -61.97122, -10.10206 ], [ -61.97178, -10.10345 ], [ -61.97214, -10.10489 ], [ -61.97219, -10.10587 ], [ -61.97166, -10.10761 ], [ -61.97086, -10.10862 ], [ -61.96983, -10.10952 ], [ -61.96914, -10.1102 ], [ -61.96858, -10.11091 ], [ -61.96693, -10.11351 ], [ -61.96605, -10.11504 ], [ -61.96524, -10.11672 ], [ -61.96484, -10.11773 ], [ -61.96329, -10.12211 ], [ -61.96176, -10.12665 ], [ -61.96122, -10.12802 ], [ -61.96064, -10.12919 ], [ -61.95971, -10.13054 ], [ -61.95868, -10.1312 ], [ -61.95851, -10.13167 ], [ -61.95603, -10.13674 ], [ -61.95516, -10.13865 ], [ -61.95437, -10.1406 ], [ -61.95393, -10.14176 ], [ -61.95333, -10.14348 ], [ -61.95262, -10.14563 ], [ -61.95224, -10.14668 ], [ -61.95148, -10.14844 ], [ -61.95077, -10.14981 ], [ -61.9503, -10.15062 ], [ -61.94927, -10.15202 ], [ -61.94849, -10.15288 ], [ -61.94766, -10.15362 ], [ -61.94607, -10.1546 ], [ -61.94404, -10.15552 ], [ -61.94271, -10.15663 ], [ -61.94228, -10.15776 ], [ -61.94226, -10.15899 ], [ -61.94253, -10.15992 ], [ -61.94357, -10.16088 ], [ -61.94441, -10.16121 ], [ -61.94689, -10.16187 ], [ -61.95019, -10.16287 ], [ -61.95133, -10.16342 ], [ -61.95208, -10.16399 ], [ -61.95291, -10.16514 ], [ -61.95326, -10.16676 ], [ -61.9533, -10.16812 ], [ -61.95328, -10.17295 ], [ -61.95334, -10.17446 ], [ -61.95368, -10.17787 ], [ -61.95345, -10.17831 ], [ -61.9534, -10.17944 ], [ -61.9536, -10.18044 ], [ -61.95397, -10.18157 ], [ -61.95526, -10.18523 ], [ -61.95569, -10.18638 ], [ -61.95616, -10.18741 ], [ -61.95669, -10.18825 ], [ -61.95741, -10.18906 ], [ -61.95935, -10.19092 ], [ -61.96126, -10.19259 ], [ -61.96196, -10.19343 ], [ -61.9626, -10.19436 ], [ -61.9632, -10.19539 ], [ -61.96372, -10.19645 ], [ -61.96417, -10.19755 ], [ -61.96465, -10.19912 ], [ -61.96504, -10.20103 ], [ -61.96508, -10.20267 ], [ -61.96484, -10.2037 ], [ -61.96441, -10.20468 ], [ -61.96386, -10.20564 ], [ -61.96323, -10.20657 ], [ -61.9627, -10.20729 ], [ -61.96211, -10.20798 ], [ -61.96126, -10.20879 ], [ -61.96032, -10.20949 ], [ -61.95885, -10.21052 ], [ -61.9579, -10.21124 ], [ -61.95658, -10.2123 ], [ -61.95542, -10.21332 ], [ -61.95462, -10.21434 ], [ -61.95468, -10.21531 ], [ -61.9557, -10.21605 ], [ -61.95715, -10.21635 ], [ -61.95824, -10.21645 ], [ -61.96088, -10.21659 ], [ -61.96202, -10.21703 ], [ -61.96242, -10.21689 ], [ -61.96367, -10.21617 ], [ -61.96472, -10.21582 ], [ -61.96588, -10.21592 ], [ -61.96703, -10.21628 ], [ -61.969, -10.21707 ], [ -61.96998, -10.21717 ], [ -61.97191, -10.21714 ], [ -61.97344, -10.21759 ], [ -61.9755, -10.21843 ], [ -61.97648, -10.21871 ], [ -61.97744, -10.21866 ], [ -61.97836, -10.21825 ], [ -61.97923, -10.21762 ], [ -61.98056, -10.2165 ], [ -61.98302, -10.21483 ], [ -61.98438, -10.2136 ], [ -61.98551, -10.21295 ], [ -61.98749, -10.21201 ], [ -61.98871, -10.21155 ], [ -61.99035, -10.2112 ], [ -61.99053, -10.21156 ], [ -61.99103, -10.21295 ], [ -61.99149, -10.21406 ], [ -61.99318, -10.21799 ], [ -61.99426, -10.22059 ], [ -61.99495, -10.22194 ], [ -61.99566, -10.22296 ], [ -61.99699, -10.22414 ], [ -61.99808, -10.22479 ], [ -61.99907, -10.22566 ], [ -61.99958, -10.2264 ], [ -62.00001, -10.22727 ], [ -62.00122, -10.23024 ], [ -62.00161, -10.23129 ], [ -62.00194, -10.23247 ], [ -62.0025, -10.23547 ], [ -62.003, -10.23718 ], [ -62.00345, -10.23827 ], [ -62.00431, -10.23965 ], [ -62.00508, -10.24038 ], [ -62.00658, -10.24109 ], [ -62.00791, -10.24135 ], [ -62.00938, -10.24149 ], [ -62.01083, -10.24151 ], [ -62.01178, -10.24136 ], [ -62.01373, -10.24095 ], [ -62.01474, -10.24087 ], [ -62.01608, -10.24094 ], [ -62.01746, -10.24113 ], [ -62.01854, -10.24134 ], [ -62.02068, -10.24181 ], [ -62.02217, -10.24229 ], [ -62.02307, -10.24272 ], [ -62.02389, -10.2432 ], [ -62.02486, -10.2441 ], [ -62.02534, -10.24523 ], [ -62.02543, -10.24614 ], [ -62.02536, -10.24758 ], [ -62.02512, -10.25061 ], [ -62.02496, -10.2516 ], [ -62.0247, -10.25258 ], [ -62.02439, -10.25353 ], [ -62.02416, -10.25441 ], [ -62.02383, -10.25616 ], [ -62.02379, -10.25798 ], [ -62.02423, -10.25919 ], [ -62.02501, -10.26018 ], [ -62.02677, -10.26173 ], [ -62.02747, -10.26252 ], [ -62.02809, -10.26338 ], [ -62.02862, -10.26446 ], [ -62.02905, -10.26568 ], [ -62.0294, -10.26698 ], [ -62.02973, -10.26833 ], [ -62.03011, -10.27026 ], [ -62.03187, -10.28235 ], [ -62.03261, -10.28819 ], [ -62.03285, -10.28953 ], [ -62.03461, -10.28988 ], [ -62.03592, -10.28992 ], [ -62.03689, -10.29004 ], [ -62.0382, -10.29056 ], [ -62.03996, -10.29164 ], [ -62.0417, -10.29233 ], [ -62.04277, -10.29254 ], [ -62.04389, -10.29262 ], [ -62.04547, -10.29264 ], [ -62.04645, -10.29296 ], [ -62.04749, -10.29379 ], [ -62.04828, -10.29497 ], [ -62.04857, -10.29603 ], [ -62.04861, -10.29722 ], [ -62.04843, -10.29837 ], [ -62.04804, -10.29922 ], [ -62.0468, -10.30096 ], [ -62.04552, -10.30263 ], [ -62.04497, -10.30347 ], [ -62.04458, -10.30451 ], [ -62.04452, -10.30537 ], [ -62.04577, -10.30547 ], [ -62.04684, -10.30637 ], [ -62.04767, -10.30721 ], [ -62.0485, -10.30804 ], [ -62.04979, -10.30882 ], [ -62.05035, -10.30953 ], [ -62.04979, -10.31037 ], [ -62.04924, -10.31132 ], [ -62.04865, -10.31248 ], [ -62.04812, -10.31379 ], [ -62.04708, -10.31723 ], [ -62.0463, -10.31907 ], [ -62.04584, -10.32018 ], [ -62.04538, -10.32182 ], [ -62.04513, -10.32325 ], [ -62.04506, -10.32421 ], [ -62.0451, -10.32517 ], [ -62.04524, -10.3261 ], [ -62.04549, -10.32697 ], [ -62.04618, -10.32845 ], [ -62.04681, -10.33007 ], [ -62.04714, -10.33112 ], [ -62.04747, -10.33248 ], [ -62.04773, -10.33333 ], [ -62.04865, -10.3358 ], [ -62.04913, -10.33721 ], [ -62.04945, -10.33833 ], [ -62.04964, -10.33994 ], [ -62.04941, -10.34245 ], [ -62.04933, -10.34336 ], [ -62.04932, -10.34429 ], [ -62.04945, -10.34741 ], [ -62.04966, -10.34879 ], [ -62.05021, -10.35062 ], [ -62.05066, -10.35173 ], [ -62.05163, -10.35358 ], [ -62.05222, -10.35456 ], [ -62.05278, -10.35534 ], [ -62.05285, -10.35537 ], [ -62.05146, -10.35669 ], [ -62.04883, -10.35889 ], [ -62.04765, -10.35979 ], [ -62.04645, -10.36056 ], [ -62.04447, -10.36158 ], [ -62.0431, -10.36255 ], [ -62.04227, -10.36393 ], [ -62.04191, -10.36536 ], [ -62.04185, -10.36634 ], [ -62.04193, -10.36731 ], [ -62.04214, -10.36842 ], [ -62.04285, -10.37108 ], [ -62.04315, -10.37262 ], [ -62.04347, -10.3741 ], [ -62.04389, -10.37549 ], [ -62.04531, -10.37788 ], [ -62.0458, -10.37876 ], [ -62.04625, -10.3803 ], [ -62.04637, -10.38188 ], [ -62.04634, -10.38294 ], [ -62.04614, -10.38399 ], [ -62.04556, -10.38557 ], [ -62.045, -10.3865 ], [ -62.04432, -10.38734 ], [ -62.04331, -10.38821 ], [ -62.04215, -10.38891 ], [ -62.04041, -10.38973 ], [ -62.0391, -10.3904 ], [ -62.03709, -10.39156 ], [ -62.03523, -10.39257 ], [ -62.03416, -10.39311 ], [ -62.03285, -10.3937 ], [ -62.03272, -10.3952 ], [ -62.03255, -10.39611 ], [ -62.03232, -10.39711 ], [ -62.03176, -10.39929 ], [ -62.03153, -10.40118 ], [ -62.0316, -10.40229 ], [ -62.03191, -10.40355 ], [ -62.03325, -10.40691 ], [ -62.03384, -10.40935 ], [ -62.03405, -10.41078 ], [ -62.03409, -10.41176 ], [ -62.03402, -10.41273 ], [ -62.03384, -10.41366 ], [ -62.03353, -10.41451 ], [ -62.03294, -10.41546 ], [ -62.03221, -10.41635 ], [ -62.03136, -10.41721 ], [ -62.0304, -10.41792 ], [ -62.02951, -10.41839 ], [ -62.02762, -10.41924 ], [ -62.02517, -10.42053 ], [ -62.02398, -10.42134 ], [ -62.02319, -10.42209 ], [ -62.02259, -10.42293 ], [ -62.02223, -10.42387 ], [ -62.02209, -10.42507 ], [ -62.02213, -10.4266 ], [ -62.02242, -10.42903 ], [ -62.0225, -10.43021 ], [ -62.02249, -10.43178 ], [ -62.02213, -10.43414 ], [ -62.02179, -10.43553 ], [ -62.02134, -10.43715 ], [ -62.02118, -10.43787 ], [ -62.0215, -10.4387 ], [ -62.02273, -10.43954 ], [ -62.02538, -10.44077 ], [ -62.02829, -10.44236 ], [ -62.0293, -10.44272 ], [ -62.03031, -10.44279 ], [ -62.03182, -10.4426 ], [ -62.03276, -10.44265 ], [ -62.03369, -10.44335 ], [ -62.03357, -10.44461 ], [ -62.03307, -10.44549 ], [ -62.03239, -10.44641 ], [ -62.03074, -10.44803 ], [ -62.02994, -10.44889 ], [ -62.02925, -10.44977 ], [ -62.02875, -10.45071 ], [ -62.0286, -10.45177 ], [ -62.02877, -10.45284 ], [ -62.02926, -10.45467 ], [ -62.02952, -10.45617 ], [ -62.02953, -10.45776 ], [ -62.02923, -10.45912 ], [ -62.02868, -10.46037 ], [ -62.02884, -10.46057 ], [ -62.0297, -10.46148 ], [ -62.03111, -10.46275 ], [ -62.03291, -10.46412 ], [ -62.0342, -10.46496 ], [ -62.03551, -10.46562 ], [ -62.03675, -10.46604 ], [ -62.03847, -10.46625 ], [ -62.04061, -10.46631 ], [ -62.04239, -10.46654 ], [ -62.04338, -10.46692 ], [ -62.04478, -10.46771 ], [ -62.04565, -10.46836 ], [ -62.04736, -10.46974 ], [ -62.04874, -10.47052 ], [ -62.05015, -10.47113 ], [ -62.05266, -10.47243 ], [ -62.05444, -10.47328 ], [ -62.0553, -10.47376 ], [ -62.05627, -10.47445 ], [ -62.05813, -10.47604 ], [ -62.05897, -10.47655 ], [ -62.05989, -10.47698 ], [ -62.06141, -10.47764 ], [ -62.06305, -10.47827 ], [ -62.06418, -10.4786 ], [ -62.06536, -10.47871 ], [ -62.06649, -10.47849 ], [ -62.06765, -10.47778 ], [ -62.07035, -10.47537 ], [ -62.07043, -10.47555 ], [ -62.07171, -10.47659 ], [ -62.07282, -10.47723 ], [ -62.07427, -10.47788 ], [ -62.07591, -10.47846 ], [ -62.07908, -10.47945 ], [ -62.08026, -10.4799 ], [ -62.081, -10.48066 ], [ -62.08018, -10.48129 ], [ -62.0793, -10.48155 ], [ -62.07597, -10.48226 ], [ -62.07376, -10.48286 ], [ -62.07229, -10.48336 ], [ -62.07081, -10.4843 ], [ -62.07023, -10.48545 ], [ -62.06999, -10.4869 ], [ -62.06988, -10.48898 ], [ -62.06984, -10.4918 ], [ -62.06973, -10.49347 ], [ -62.06952, -10.49455 ], [ -62.06917, -10.49555 ], [ -62.06874, -10.49651 ], [ -62.06806, -10.49791 ], [ -62.06752, -10.49937 ], [ -62.06728, -10.50095 ], [ -62.06725, -10.50207 ], [ -62.06727, -10.50547 ], [ -62.06738, -10.5071 ], [ -62.06781, -10.50864 ], [ -62.06863, -10.51006 ], [ -62.06978, -10.5112 ], [ -62.07115, -10.51216 ], [ -62.07282, -10.51312 ], [ -62.07425, -10.51413 ], [ -62.07482, -10.51488 ], [ -62.07518, -10.51609 ], [ -62.07515, -10.51699 ], [ -62.07496, -10.51798 ], [ -62.07442, -10.51946 ], [ -62.07389, -10.52042 ], [ -62.07325, -10.5213 ], [ -62.07215, -10.52252 ], [ -62.07062, -10.52411 ], [ -62.06982, -10.52488 ], [ -62.06902, -10.5255 ], [ -62.06737, -10.52672 ], [ -62.06662, -10.52756 ], [ -62.06596, -10.52873 ], [ -62.06539, -10.53011 ], [ -62.06489, -10.53159 ], [ -62.06448, -10.53303 ], [ -62.06411, -10.53506 ], [ -62.06411, -10.53689 ], [ -62.06426, -10.5378 ], [ -62.06452, -10.5387 ], [ -62.06624, -10.5384 ], [ -62.06778, -10.53877 ], [ -62.06866, -10.53963 ], [ -62.06904, -10.54123 ], [ -62.06898, -10.54299 ], [ -62.06901, -10.54388 ], [ -62.06923, -10.54527 ], [ -62.06995, -10.54791 ], [ -62.07017, -10.54903 ], [ -62.07064, -10.55358 ], [ -62.071, -10.55655 ], [ -62.07114, -10.55815 ], [ -62.07118, -10.55944 ], [ -62.07111, -10.56069 ], [ -62.07095, -10.56187 ], [ -62.07039, -10.56434 ], [ -62.07034, -10.56532 ], [ -62.07041, -10.56634 ], [ -62.07054, -10.56734 ], [ -62.07071, -10.56835 ], [ -62.07094, -10.56935 ], [ -62.07125, -10.57028 ], [ -62.07165, -10.57109 ], [ -62.0722, -10.5718 ], [ -62.07323, -10.57284 ], [ -62.07404, -10.57401 ], [ -62.07449, -10.57549 ], [ -62.0745, -10.57659 ], [ -62.07432, -10.57767 ], [ -62.07392, -10.57922 ], [ -62.07388, -10.58012 ], [ -62.07435, -10.58112 ], [ -62.07537, -10.58207 ], [ -62.07594, -10.58332 ], [ -62.076, -10.58427 ], [ -62.07603, -10.58708 ], [ -62.07616, -10.58869 ], [ -62.07638, -10.58991 ], [ -62.07693, -10.59129 ], [ -62.07785, -10.59203 ], [ -62.0781, -10.59189 ], [ -62.0794, -10.59158 ], [ -62.08102, -10.59136 ], [ -62.08237, -10.59133 ], [ -62.08375, -10.59145 ], [ -62.08504, -10.59179 ], [ -62.08615, -10.59237 ], [ -62.087, -10.59317 ], [ -62.08766, -10.59431 ], [ -62.08807, -10.59548 ], [ -62.08848, -10.59641 ], [ -62.08899, -10.59724 ], [ -62.09018, -10.59889 ], [ -62.09075, -10.59981 ], [ -62.09219, -10.60246 ], [ -62.09274, -10.60318 ], [ -62.09339, -10.60389 ], [ -62.09481, -10.60474 ], [ -62.09631, -10.60491 ], [ -62.0982, -10.60465 ], [ -62.09915, -10.60443 ], [ -62.10165, -10.60365 ], [ -62.10359, -10.60334 ], [ -62.10537, -10.60351 ], [ -62.10641, -10.60383 ], [ -62.10741, -10.60428 ], [ -62.10839, -10.60481 ], [ -62.11034, -10.60598 ], [ -62.11183, -10.60676 ], [ -62.11435, -10.60784 ], [ -62.11529, -10.60834 ], [ -62.11616, -10.60893 ], [ -62.11738, -10.61004 ], [ -62.11994, -10.61293 ], [ -62.12098, -10.61417 ], [ -62.12219, -10.61581 ], [ -62.12285, -10.61663 ], [ -62.12356, -10.61744 ], [ -62.12548, -10.61942 ], [ -62.12622, -10.6203 ], [ -62.12722, -10.62177 ], [ -62.12873, -10.62445 ], [ -62.13, -10.62655 ], [ -62.13068, -10.62775 ], [ -62.13134, -10.62908 ], [ -62.13324, -10.63317 ], [ -62.13354, -10.63474 ], [ -62.13285, -10.63537 ], [ -62.13331, -10.63595 ], [ -62.13425, -10.63642 ], [ -62.13544, -10.63695 ], [ -62.13765, -10.63746 ], [ -62.1381, -10.63846 ], [ -62.13911, -10.63939 ], [ -62.14005, -10.63955 ], [ -62.14108, -10.63957 ], [ -62.14285, -10.63953 ], [ -62.14303, -10.63935 ], [ -62.14394, -10.63887 ], [ -62.14489, -10.63861 ], [ -62.14606, -10.63847 ], [ -62.14807, -10.6386 ], [ -62.14944, -10.63889 ], [ -62.15042, -10.63918 ], [ -62.15192, -10.6398 ], [ -62.15327, -10.64068 ], [ -62.15402, -10.64145 ], [ -62.15481, -10.6421 ], [ -62.15589, -10.64256 ], [ -62.15707, -10.64256 ], [ -62.15833, -10.64229 ], [ -62.16053, -10.64175 ], [ -62.1623, -10.64175 ], [ -62.16367, -10.64188 ], [ -62.16464, -10.64193 ], [ -62.16563, -10.64205 ], [ -62.16727, -10.64238 ], [ -62.16839, -10.64268 ], [ -62.16948, -10.64307 ], [ -62.17054, -10.64358 ], [ -62.17155, -10.64416 ], [ -62.17299, -10.64509 ], [ -62.17523, -10.64677 ], [ -62.1768, -10.64771 ], [ -62.17796, -10.64813 ], [ -62.17888, -10.64831 ], [ -62.18114, -10.64848 ], [ -62.18401, -10.64901 ], [ -62.18762, -10.6494 ], [ -62.18867, -10.64939 ], [ -62.18973, -10.64923 ], [ -62.19079, -10.64892 ], [ -62.19184, -10.64851 ], [ -62.19427, -10.64746 ], [ -62.19635, -10.64659 ], [ -62.19844, -10.64581 ], [ -62.19976, -10.6454 ], [ -62.20097, -10.64513 ], [ -62.20204, -10.64505 ], [ -62.20368, -10.64536 ], [ -62.20365, -10.64552 ], [ -62.20356, -10.64648 ], [ -62.20353, -10.64779 ], [ -62.20358, -10.64872 ], [ -62.20369, -10.64972 ], [ -62.20397, -10.65124 ], [ -62.20436, -10.65277 ], [ -62.20481, -10.65428 ], [ -62.20547, -10.65622 ], [ -62.20576, -10.65734 ], [ -62.20598, -10.65895 ], [ -62.20608, -10.66033 ], [ -62.20607, -10.66255 ], [ -62.20613, -10.66384 ], [ -62.20645, -10.66509 ], [ -62.20739, -10.66618 ], [ -62.20866, -10.6666 ], [ -62.20965, -10.66671 ], [ -62.21136, -10.66682 ], [ -62.21256, -10.66694 ], [ -62.21375, -10.66714 ], [ -62.21605, -10.66777 ], [ -62.21895, -10.66879 ], [ -62.22114, -10.6694 ], [ -62.22203, -10.66973 ], [ -62.22288, -10.67019 ], [ -62.22414, -10.67109 ], [ -62.2254, -10.6721 ], [ -62.22667, -10.67318 ], [ -62.22744, -10.67397 ], [ -62.22804, -10.67483 ], [ -62.22921, -10.67695 ], [ -62.22991, -10.67808 ], [ -62.23078, -10.67926 ], [ -62.23171, -10.68032 ], [ -62.23266, -10.68118 ], [ -62.23358, -10.68182 ], [ -62.23535, -10.68286 ], [ -62.23665, -10.68287 ], [ -62.23758, -10.68274 ], [ -62.23833, -10.68212 ], [ -62.23934, -10.68301 ], [ -62.24035, -10.6837 ], [ -62.24118, -10.6837 ], [ -62.24208, -10.68453 ], [ -62.24283, -10.68511 ], [ -62.24377, -10.68575 ], [ -62.24488, -10.68639 ], [ -62.24575, -10.68677 ], [ -62.24665, -10.68706 ], [ -62.24959, -10.68771 ], [ -62.25057, -10.68799 ], [ -62.25181, -10.68864 ], [ -62.25351, -10.68989 ], [ -62.25504, -10.69059 ], [ -62.25677, -10.69084 ], [ -62.26004, -10.6908 ], [ -62.26164, -10.69094 ], [ -62.26328, -10.69138 ], [ -62.26434, -10.69176 ], [ -62.26769, -10.69311 ], [ -62.27193, -10.69488 ], [ -62.27284, -10.69532 ], [ -62.27364, -10.69583 ], [ -62.27443, -10.69652 ], [ -62.27505, -10.6973 ], [ -62.2762, -10.69906 ], [ -62.27699, -10.70004 ], [ -62.27832, -10.70103 ], [ -62.27952, -10.70138 ], [ -62.28106, -10.70129 ], [ -62.28429, -10.69991 ], [ -62.287, -10.69894 ], [ -62.28784, -10.69856 ], [ -62.28883, -10.69803 ], [ -62.29119, -10.69657 ], [ -62.29212, -10.69615 ], [ -62.29305, -10.69583 ], [ -62.29398, -10.69561 ], [ -62.29528, -10.69564 ], [ -62.29649, -10.69614 ], [ -62.29808, -10.69708 ], [ -62.29894, -10.6974 ], [ -62.30037, -10.69773 ], [ -62.30139, -10.69789 ], [ -62.30304, -10.69803 ], [ -62.30528, -10.69817 ], [ -62.30647, -10.69818 ], [ -62.30842, -10.69786 ], [ -62.30984, -10.69736 ], [ -62.31333, -10.69586 ], [ -62.31498, -10.69521 ], [ -62.31639, -10.69475 ], [ -62.31762, -10.69449 ], [ -62.31785, -10.69453 ], [ -62.31829, -10.69544 ], [ -62.31896, -10.69621 ], [ -62.31986, -10.69709 ], [ -62.32092, -10.69799 ], [ -62.32265, -10.6992 ], [ -62.32379, -10.69988 ], [ -62.32562, -10.70065 ], [ -62.32682, -10.70159 ], [ -62.32757, -10.70261 ], [ -62.32844, -10.70404 ], [ -62.32901, -10.70506 ], [ -62.33011, -10.70729 ], [ -62.33227, -10.71091 ], [ -62.33319, -10.71255 ], [ -62.33382, -10.71359 ], [ -62.3345, -10.71457 ], [ -62.33524, -10.71549 ], [ -62.33645, -10.71679 ], [ -62.3373, -10.71757 ], [ -62.3382, -10.71828 ], [ -62.33945, -10.71898 ], [ -62.34082, -10.71947 ], [ -62.34234, -10.71972 ], [ -62.34482, -10.71972 ], [ -62.34628, -10.71987 ], [ -62.34749, -10.72032 ], [ -62.34847, -10.72111 ], [ -62.34939, -10.72221 ], [ -62.3502, -10.72352 ], [ -62.35086, -10.72496 ], [ -62.3513, -10.72629 ], [ -62.3516, -10.72754 ], [ -62.35194, -10.72927 ], [ -62.35202, -10.72953 ], [ -62.35258, -10.72961 ], [ -62.35451, -10.73021 ], [ -62.35559, -10.73014 ], [ -62.35644, -10.72975 ], [ -62.35812, -10.72902 ], [ -62.35926, -10.72902 ], [ -62.36012, -10.72936 ], [ -62.3614, -10.72967 ], [ -62.36244, -10.73 ], [ -62.36346, -10.72972 ], [ -62.36495, -10.72935 ], [ -62.36613, -10.72887 ], [ -62.36702, -10.7287 ], [ -62.36741, -10.7288 ], [ -62.37043, -10.72994 ], [ -62.3719, -10.73025 ], [ -62.37323, -10.73027 ], [ -62.37425, -10.72986 ], [ -62.37511, -10.72921 ], [ -62.37595, -10.72845 ], [ -62.37682, -10.72761 ], [ -62.37818, -10.72652 ], [ -62.37903, -10.72568 ], [ -62.37978, -10.72476 ], [ -62.3808, -10.72321 ], [ -62.38199, -10.72195 ], [ -62.38297, -10.72145 ], [ -62.38403, -10.72117 ], [ -62.38509, -10.7211 ], [ -62.3861, -10.72139 ], [ -62.38837, -10.72237 ], [ -62.39138, -10.72327 ], [ -62.39256, -10.72376 ], [ -62.39391, -10.72419 ], [ -62.39539, -10.72441 ], [ -62.3968, -10.72431 ], [ -62.39861, -10.72384 ], [ -62.39952, -10.7237 ], [ -62.39936, -10.72593 ], [ -62.39938, -10.7275 ], [ -62.3996, -10.72905 ], [ -62.40013, -10.73154 ], [ -62.40002, -10.73249 ], [ -62.39959, -10.73336 ], [ -62.399, -10.73419 ], [ -62.39809, -10.73561 ], [ -62.39735, -10.73711 ], [ -62.39707, -10.73814 ], [ -62.39706, -10.73923 ], [ -62.3975, -10.74081 ], [ -62.39837, -10.74281 ], [ -62.39863, -10.74386 ], [ -62.39863, -10.74498 ], [ -62.39842, -10.74601 ], [ -62.398, -10.74746 ], [ -62.39796, -10.74849 ], [ -62.39818, -10.74951 ], [ -62.39893, -10.75174 ], [ -62.39999, -10.75365 ], [ -62.40101, -10.75485 ], [ -62.40219, -10.75582 ], [ -62.40353, -10.75657 ], [ -62.40452, -10.75703 ], [ -62.4044, -10.75723 ], [ -62.40264, -10.75952 ], [ -62.40095, -10.762 ], [ -62.39975, -10.76393 ], [ -62.39914, -10.76524 ], [ -62.39884, -10.76623 ], [ -62.3987, -10.76716 ], [ -62.39867, -10.76807 ], [ -62.3987, -10.76896 ], [ -62.39894, -10.77211 ], [ -62.39879, -10.77312 ], [ -62.39844, -10.77405 ], [ -62.39775, -10.77537 ], [ -62.39685, -10.77762 ], [ -62.39617, -10.7802 ], [ -62.39561, -10.78184 ], [ -62.39439, -10.78484 ], [ -62.39311, -10.78767 ], [ -62.39262, -10.7891 ], [ -62.39249, -10.7901 ], [ -62.39251, -10.79104 ], [ -62.39263, -10.79289 ], [ -62.39256, -10.7938 ], [ -62.39228, -10.79556 ], [ -62.39192, -10.79665 ], [ -62.39117, -10.79738 ], [ -62.3899, -10.79791 ], [ -62.38637, -10.79895 ], [ -62.38412, -10.79978 ], [ -62.38285, -10.80036 ], [ -62.38349, -10.80189 ], [ -62.38448, -10.8035 ], [ -62.38503, -10.80445 ], [ -62.3854, -10.80548 ], [ -62.38545, -10.80652 ], [ -62.38519, -10.80751 ], [ -62.38464, -10.80842 ], [ -62.38346, -10.80951 ], [ -62.38258, -10.81015 ], [ -62.38121, -10.81123 ], [ -62.3799, -10.81237 ], [ -62.37769, -10.81442 ], [ -62.37307, -10.81808 ], [ -62.37178, -10.81921 ], [ -62.37101, -10.82003 ], [ -62.37033, -10.82092 ], [ -62.36977, -10.82189 ], [ -62.36933, -10.82289 ], [ -62.36897, -10.8245 ], [ -62.36893, -10.82625 ], [ -62.36901, -10.82914 ], [ -62.36904, -10.83349 ], [ -62.36913, -10.83482 ], [ -62.36928, -10.83608 ], [ -62.36954, -10.8378 ], [ -62.36971, -10.83953 ], [ -62.36978, -10.84067 ], [ -62.36978, -10.84186 ], [ -62.36972, -10.84305 ], [ -62.36958, -10.84423 ], [ -62.36936, -10.84536 ], [ -62.36903, -10.84649 ], [ -62.36866, -10.84759 ], [ -62.36837, -10.84874 ], [ -62.36825, -10.85029 ], [ -62.36835, -10.85124 ], [ -62.3687, -10.85239 ], [ -62.3693, -10.85344 ], [ -62.37007, -10.85435 ], [ -62.3709, -10.85509 ], [ -62.37202, -10.85584 ], [ -62.37285, -10.8562 ], [ -62.37287, -10.86063 ], [ -62.37268, -10.86187 ], [ -62.37185, -10.86272 ], [ -62.37118, -10.8637 ], [ -62.37096, -10.86528 ], [ -62.37019, -10.86605 ], [ -62.3695, -10.86706 ], [ -62.36952, -10.8687 ], [ -62.37016, -10.86869 ], [ -62.37045, -10.86953 ], [ -62.37095, -10.87033 ], [ -62.37134, -10.87155 ], [ -62.37163, -10.87286 ], [ -62.37185, -10.87437 ], [ -62.37209, -10.87673 ], [ -62.37221, -10.87845 ], [ -62.37226, -10.88015 ], [ -62.37227, -10.88171 ], [ -62.37221, -10.88472 ], [ -62.37237, -10.88585 ], [ -62.37268, -10.8869 ], [ -62.37335, -10.88847 ], [ -62.3745, -10.89044 ], [ -62.37553, -10.89186 ], [ -62.37666, -10.89323 ], [ -62.37909, -10.89579 ], [ -62.38037, -10.89698 ], [ -62.38176, -10.89811 ], [ -62.38372, -10.89947 ], [ -62.38633, -10.90098 ], [ -62.3871, -10.90154 ], [ -62.38787, -10.90231 ], [ -62.38875, -10.90368 ], [ -62.38945, -10.90514 ], [ -62.39022, -10.90665 ], [ -62.39169, -10.90941 ], [ -62.3922, -10.91029 ], [ -62.39319, -10.91172 ], [ -62.39563, -10.91503 ], [ -62.39629, -10.91602 ], [ -62.39758, -10.91815 ], [ -62.39859, -10.91965 ], [ -62.39933, -10.92057 ], [ -62.40047, -10.92185 ], [ -62.40199, -10.92367 ], [ -62.40379, -10.92609 ], [ -62.40496, -10.92744 ], [ -62.40579, -10.92828 ], [ -62.40667, -10.92908 ], [ -62.40851, -10.93057 ], [ -62.41191, -10.93293 ], [ -62.41349, -10.93431 ], [ -62.41574, -10.93643 ], [ -62.41738, -10.93808 ], [ -62.41832, -10.93909 ], [ -62.41913, -10.94006 ], [ -62.42035, -10.94203 ], [ -62.41961, -10.94306 ], [ -62.42089, -10.94397 ], [ -62.42163, -10.94483 ], [ -62.42194, -10.94586 ], [ -62.42233, -10.94841 ], [ -62.42265, -10.94932 ], [ -62.42318, -10.95175 ], [ -62.42377, -10.95316 ], [ -62.42413, -10.95412 ], [ -62.42413, -10.95523 ], [ -62.42511, -10.957 ], [ -62.42618, -10.95787 ], [ -62.42914, -10.95807 ], [ -62.4308, -10.95815 ], [ -62.43221, -10.95813 ], [ -62.43591, -10.95786 ], [ -62.43794, -10.95788 ], [ -62.43908, -10.95807 ], [ -62.4402, -10.95842 ], [ -62.44309, -10.95947 ], [ -62.44395, -10.95984 ], [ -62.44521, -10.96055 ], [ -62.44641, -10.96161 ], [ -62.44685, -10.96248 ], [ -62.44706, -10.96345 ], [ -62.44741, -10.9664 ], [ -62.44761, -10.9677 ], [ -62.44789, -10.96897 ], [ -62.44828, -10.97017 ], [ -62.4488, -10.97122 ], [ -62.44976, -10.97263 ], [ -62.45091, -10.97388 ], [ -62.45252, -10.97525 ], [ -62.45403, -10.97662 ], [ -62.45475, -10.97721 ], [ -62.45554, -10.9777 ], [ -62.4569, -10.9783 ], [ -62.45785, -10.97853 ], [ -62.45881, -10.97865 ], [ -62.46026, -10.9787 ], [ -62.4612, -10.97878 ], [ -62.46257, -10.97918 ], [ -62.4635, -10.9796 ], [ -62.46594, -10.98085 ], [ -62.46853, -10.98224 ], [ -62.47162, -10.9837 ], [ -62.47304, -10.98451 ], [ -62.47394, -10.98491 ], [ -62.47484, -10.98517 ], [ -62.47641, -10.98511 ], [ -62.47863, -10.98455 ], [ -62.47969, -10.98434 ], [ -62.48136, -10.98411 ], [ -62.48246, -10.98408 ], [ -62.48433, -10.98433 ], [ -62.48543, -10.98458 ], [ -62.48655, -10.9849 ], [ -62.48764, -10.9853 ], [ -62.48888, -10.98591 ], [ -62.49041, -10.9871 ], [ -62.49118, -10.98801 ], [ -62.49172, -10.98893 ], [ -62.49207, -10.99 ], [ -62.49202, -10.99036 ], [ -62.49233, -10.99059 ], [ -62.49286, -10.99148 ], [ -62.49388, -10.99359 ], [ -62.49476, -10.99489 ], [ -62.49566, -10.99591 ], [ -62.49655, -10.99669 ], [ -62.49748, -10.99737 ], [ -62.50072, -10.99996 ], [ -62.50158, -11.00077 ], [ -62.5024, -11.00168 ], [ -62.50326, -11.00248 ], [ -62.5056, -11.0043 ], [ -62.50805, -11.00601 ], [ -62.5092, -11.00654 ], [ -62.51048, -11.00691 ], [ -62.51257, -11.0073 ], [ -62.51405, -11.00775 ], [ -62.51552, -11.00849 ], [ -62.51745, -11.00967 ], [ -62.51868, -11.01036 ], [ -62.52033, -11.01022 ], [ -62.52118, -11.00953 ], [ -62.52186, -11.00912 ], [ -62.52303, -11.00822 ], [ -62.52451, -11.00694 ], [ -62.52615, -11.00539 ], [ -62.52723, -11.00423 ], [ -62.52801, -11.00329 ], [ -62.53006, -11.00072 ], [ -62.53083, -10.99983 ], [ -62.53203, -10.99863 ], [ -62.53291, -10.99788 ], [ -62.53384, -10.99726 ], [ -62.53484, -10.99678 ], [ -62.53589, -10.99646 ], [ -62.53761, -10.99614 ], [ -62.54159, -10.99549 ], [ -62.54319, -10.99504 ], [ -62.54441, -10.99412 ], [ -62.54478, -10.99301 ], [ -62.54461, -10.99185 ], [ -62.54401, -10.99082 ], [ -62.54308, -10.99 ], [ -62.54231, -10.98943 ], [ -62.54148, -10.98891 ], [ -62.53968, -10.98804 ], [ -62.53785, -10.98702 ], [ -62.53659, -10.98601 ], [ -62.53591, -10.98528 ], [ -62.53534, -10.9844 ], [ -62.53471, -10.98301 ], [ -62.53435, -10.98198 ], [ -62.53412, -10.98103 ], [ -62.53398, -10.98003 ], [ -62.53391, -10.97902 ], [ -62.53389, -10.97727 ], [ -62.5339, -10.97611 ], [ -62.53403, -10.97458 ], [ -62.53431, -10.97362 ], [ -62.53507, -10.97228 ], [ -62.5358, -10.97148 ], [ -62.53666, -10.97086 ], [ -62.53818, -10.97005 ], [ -62.5398, -10.96939 ], [ -62.54155, -10.96883 ], [ -62.54272, -10.96858 ], [ -62.54566, -10.9682 ], [ -62.54797, -10.96785 ], [ -62.54963, -10.96742 ], [ -62.55121, -10.96676 ], [ -62.55219, -10.96623 ], [ -62.55313, -10.96559 ], [ -62.55402, -10.96487 ], [ -62.55489, -10.96407 ], [ -62.55651, -10.96247 ], [ -62.55765, -10.96125 ], [ -62.55831, -10.96041 ], [ -62.5589, -10.95945 ], [ -62.55936, -10.95846 ], [ -62.56036, -10.95574 ], [ -62.5611, -10.95413 ], [ -62.56194, -10.95263 ], [ -62.56258, -10.95162 ], [ -62.56325, -10.9507 ], [ -62.56431, -10.94943 ], [ -62.56582, -10.94792 ], [ -62.56661, -10.94727 ], [ -62.56743, -10.94679 ], [ -62.56828, -10.94649 ], [ -62.56919, -10.9464 ], [ -62.57014, -10.94649 ], [ -62.5733, -10.94697 ], [ -62.57421, -10.94704 ], [ -62.57512, -10.94705 ], [ -62.57653, -10.94692 ], [ -62.57747, -10.94662 ], [ -62.57879, -10.94578 ], [ -62.5796, -10.94509 ], [ -62.58078, -10.94397 ], [ -62.58268, -10.94191 ], [ -62.58348, -10.94112 ], [ -62.58436, -10.94045 ], [ -62.58519, -10.94007 ], [ -62.5861, -10.93982 ], [ -62.58704, -10.93971 ], [ -62.58798, -10.93972 ], [ -62.58909, -10.93986 ], [ -62.59125, -10.94025 ], [ -62.59282, -10.94077 ], [ -62.59385, -10.94125 ], [ -62.59743, -10.94317 ], [ -62.59946, -10.94416 ], [ -62.60043, -10.94459 ], [ -62.60133, -10.94491 ], [ -62.60222, -10.94511 ], [ -62.60382, -10.94468 ], [ -62.60466, -10.94389 ], [ -62.60595, -10.94228 ], [ -62.60859, -10.93871 ], [ -62.60962, -10.93715 ], [ -62.61009, -10.93626 ], [ -62.61035, -10.93537 ], [ -62.61206, -10.9351 ], [ -62.61325, -10.9351 ], [ -62.61462, -10.93516 ], [ -62.61614, -10.93532 ], [ -62.61768, -10.9356 ], [ -62.61923, -10.93601 ], [ -62.62101, -10.93662 ], [ -62.62192, -10.937 ], [ -62.62345, -10.93776 ], [ -62.62438, -10.93817 ], [ -62.6253, -10.93841 ], [ -62.62622, -10.93843 ], [ -62.62764, -10.93812 ], [ -62.62901, -10.93755 ], [ -62.63032, -10.93684 ], [ -62.63115, -10.93643 ], [ -62.632, -10.93614 ], [ -62.6332, -10.93611 ], [ -62.63411, -10.93647 ], [ -62.63482, -10.93714 ], [ -62.63531, -10.93814 ], [ -62.63592, -10.9402 ], [ -62.63618, -10.94165 ], [ -62.6363, -10.94291 ], [ -62.63645, -10.94624 ], [ -62.63656, -10.94761 ], [ -62.63688, -10.95084 ], [ -62.63714, -10.95249 ], [ -62.63744, -10.95342 ], [ -62.63841, -10.95445 ], [ -62.63938, -10.95466 ], [ -62.64069, -10.95452 ], [ -62.64162, -10.95424 ], [ -62.64303, -10.95365 ], [ -62.6458, -10.95224 ], [ -62.64716, -10.95139 ], [ -62.64935, -10.94969 ], [ -62.65023, -10.94902 ], [ -62.65118, -10.9484 ], [ -62.65213, -10.94792 ], [ -62.65372, -10.9474 ], [ -62.65762, -10.94662 ], [ -62.65868, -10.94631 ], [ -62.66016, -10.94561 ], [ -62.66248, -10.94414 ], [ -62.66344, -10.94359 ], [ -62.66444, -10.94311 ], [ -62.6655, -10.94274 ], [ -62.66717, -10.94248 ], [ -62.66884, -10.94248 ], [ -62.6699, -10.94254 ], [ -62.67096, -10.94263 ], [ -62.67421, -10.9431 ], [ -62.67524, -10.94309 ], [ -62.67652, -10.94283 ], [ -62.67772, -10.94233 ], [ -62.67859, -10.94176 ], [ -62.67938, -10.94106 ], [ -62.68007, -10.94024 ], [ -62.68091, -10.93879 ], [ -62.68147, -10.93711 ], [ -62.68168, -10.93588 ], [ -62.68191, -10.93398 ], [ -62.6822, -10.93202 ], [ -62.6827, -10.9294 ], [ -62.68304, -10.92797 ], [ -62.68467, -10.92217 ], [ -62.68512, -10.9208 ], [ -62.68572, -10.91934 ], [ -62.68618, -10.9187 ], [ -62.68729, -10.91876 ], [ -62.68803, -10.91937 ], [ -62.68911, -10.91954 ], [ -62.69093, -10.91953 ], [ -62.69184, -10.9197 ], [ -62.69258, -10.9203 ], [ -62.69368, -10.92037 ], [ -62.69418, -10.92028 ], [ -62.69606, -10.91956 ], [ -62.69721, -10.91904 ], [ -62.69966, -10.91776 ], [ -62.70145, -10.91707 ], [ -62.7027, -10.91683 ], [ -62.70435, -10.91675 ], [ -62.70525, -10.91723 ], [ -62.70585, -10.918 ], [ -62.7067, -10.91982 ], [ -62.70736, -10.92081 ], [ -62.70815, -10.9217 ], [ -62.70903, -10.9225 ], [ -62.71052, -10.92352 ], [ -62.71212, -10.92443 ], [ -62.71456, -10.92538 ], [ -62.71617, -10.92577 ], [ -62.7179, -10.92587 ], [ -62.71939, -10.92571 ], [ -62.72035, -10.92537 ], [ -62.72327, -10.92798 ], [ -62.72442, -10.9291 ], [ -62.72601, -10.93043 ], [ -62.72698, -10.93097 ], [ -62.72803, -10.93127 ], [ -62.72917, -10.93129 ], [ -62.73078, -10.93118 ], [ -62.73286, -10.93097 ], [ -62.73489, -10.93096 ], [ -62.73644, -10.93087 ], [ -62.73791, -10.93065 ], [ -62.73962, -10.9303 ], [ -62.74401, -10.93014 ], [ -62.74524, -10.93016 ], [ -62.74642, -10.93039 ], [ -62.74752, -10.93075 ], [ -62.74914, -10.93148 ], [ -62.75069, -10.93235 ], [ -62.75246, -10.93315 ], [ -62.75453, -10.93378 ], [ -62.75575, -10.93426 ], [ -62.75785, -10.93536 ], [ -62.7586, -10.93484 ], [ -62.75985, -10.93452 ], [ -62.76091, -10.93462 ], [ -62.76208, -10.93496 ], [ -62.76333, -10.93546 ], [ -62.76459, -10.93604 ], [ -62.76689, -10.93722 ], [ -62.7698, -10.93834 ], [ -62.771, -10.93875 ], [ -62.7719, -10.93899 ], [ -62.77457, -10.93954 ], [ -62.77566, -10.93985 ], [ -62.77663, -10.94034 ], [ -62.77748, -10.94101 ], [ -62.77827, -10.94179 ], [ -62.77982, -10.94348 ], [ -62.78061, -10.94428 ], [ -62.78147, -10.94499 ], [ -62.78243, -10.94555 ], [ -62.78349, -10.94594 ], [ -62.78518, -10.94616 ], [ -62.78661, -10.94606 ], [ -62.78825, -10.94582 ], [ -62.7914, -10.94513 ], [ -62.79231, -10.94495 ], [ -62.79384, -10.94474 ], [ -62.79556, -10.94482 ], [ -62.79675, -10.94519 ], [ -62.79804, -10.9458 ], [ -62.80004, -10.94697 ], [ -62.80191, -10.94824 ], [ -62.80296, -10.94907 ], [ -62.80431, -10.95023 ], [ -62.80452, -10.95036 ], [ -62.80574, -10.9512 ], [ -62.80866, -10.95244 ], [ -62.8101, -10.95292 ], [ -62.81137, -10.95317 ], [ -62.81393, -10.9531 ], [ -62.81523, -10.95318 ], [ -62.81644, -10.95349 ], [ -62.81749, -10.95406 ], [ -62.81842, -10.95478 ], [ -62.82066, -10.95677 ], [ -62.82163, -10.95748 ], [ -62.82328, -10.95832 ], [ -62.82513, -10.95883 ], [ -62.82636, -10.95906 ], [ -62.82755, -10.95906 ], [ -62.82942, -10.95866 ], [ -62.83184, -10.95789 ], [ -62.83356, -10.95738 ], [ -62.83505, -10.95709 ], [ -62.83602, -10.957 ], [ -62.83618, -10.95703 ], [ -62.83697, -10.95863 ], [ -62.83777, -10.95963 ], [ -62.83893, -10.96068 ], [ -62.84101, -10.96219 ], [ -62.84194, -10.96294 ], [ -62.84263, -10.96363 ], [ -62.84346, -10.96474 ], [ -62.84411, -10.96575 ], [ -62.84488, -10.96747 ], [ -62.84547, -10.9697 ], [ -62.84581, -10.97077 ], [ -62.84627, -10.97167 ], [ -62.84713, -10.97276 ], [ -62.84815, -10.97342 ], [ -62.84997, -10.97406 ], [ -62.85111, -10.9746 ], [ -62.85212, -10.97527 ], [ -62.85319, -10.97619 ], [ -62.8548, -10.97781 ], [ -62.85583, -10.97899 ], [ -62.85618, -10.97953 ], [ -62.85742, -10.97999 ], [ -62.85977, -10.98078 ], [ -62.86117, -10.98133 ], [ -62.86265, -10.98201 ], [ -62.8648, -10.98318 ], [ -62.86617, -10.98406 ], [ -62.86734, -10.98487 ], [ -62.86838, -10.98566 ], [ -62.86933, -10.98643 ], [ -62.87029, -10.98714 ], [ -62.87326, -10.98911 ], [ -62.87424, -10.9898 ], [ -62.87663, -10.99158 ], [ -62.87756, -10.99232 ], [ -62.87891, -10.99346 ], [ -62.87977, -10.99427 ], [ -62.88181, -10.99643 ], [ -62.88422, -10.99904 ], [ -62.88774, -11.00304 ], [ -62.88855, -11.00389 ], [ -62.88942, -11.00474 ], [ -62.89029, -11.00545 ], [ -62.89125, -11.00614 ], [ -62.89279, -11.00703 ], [ -62.89368, -11.0074 ], [ -62.8946, -11.00772 ], [ -62.89611, -11.00815 ], [ -62.89723, -11.00838 ], [ -62.89888, -11.00849 ], [ -62.90169, -11.00829 ], [ -62.9034, -11.00834 ], [ -62.9049, -11.00854 ], [ -62.90579, -11.00871 ], [ -62.90951, -11.00958 ], [ -62.91168, -11.00997 ], [ -62.91322, -11.01015 ], [ -62.9163, -11.01037 ], [ -62.91833, -11.0104 ], [ -62.92318, -11.01009 ], [ -62.92462, -11.01005 ], [ -62.92608, -11.01005 ], [ -62.92979, -11.01016 ], [ -62.9313, -11.01017 ], [ -62.93282, -11.01014 ], [ -62.93433, -11.01007 ], [ -62.93582, -11.00996 ], [ -62.93727, -11.00978 ], [ -62.93865, -11.00953 ], [ -62.94, -11.0092 ], [ -62.94202, -11.00865 ], [ -62.94335, -11.00834 ], [ -62.94747, -11.00758 ], [ -62.94879, -11.00731 ], [ -62.95135, -11.00671 ], [ -62.95258, -11.00647 ], [ -62.95383, -11.00634 ], [ -62.95522, -11.00633 ], [ -62.95994, -11.0066 ], [ -62.96207, -11.00659 ], [ -62.96328, -11.00647 ], [ -62.96432, -11.00628 ], [ -62.96584, -11.0057 ], [ -62.96618, -11.00536 ], [ -62.96797, -11.0052 ], [ -62.97119, -11.00457 ], [ -62.97266, -11.00444 ], [ -62.97378, -11.0047 ], [ -62.97528, -11.00532 ], [ -62.97638, -11.00556 ], [ -62.97753, -11.00549 ], [ -62.98054, -11.0046 ], [ -62.98246, -11.00411 ], [ -62.98378, -11.00396 ], [ -62.98509, -11.00404 ], [ -62.98631, -11.00439 ], [ -62.98736, -11.00492 ], [ -62.98817, -11.00576 ], [ -62.98899, -11.00751 ], [ -62.98959, -11.00857 ], [ -62.9904, -11.00949 ], [ -62.99178, -11.0101 ], [ -62.99274, -11.0103 ], [ -62.9938, -11.01046 ], [ -62.99771, -11.01092 ], [ -62.99861, -11.01114 ], [ -62.99868, -11.0112 ], [ -62.9994, -11.0122 ], [ -62.99997, -11.01385 ], [ -63.00034, -11.0153 ], [ -63.00089, -11.01764 ], [ -63.00162, -11.02118 ], [ -63.00189, -11.02226 ], [ -63.0025, -11.02402 ], [ -63.00428, -11.02789 ], [ -63.00507, -11.02934 ], [ -63.00624, -11.03123 ], [ -63.00744, -11.03331 ], [ -63.00808, -11.03436 ], [ -63.00893, -11.03559 ], [ -63.0095, -11.03631 ], [ -63.01034, -11.03715 ], [ -63.01129, -11.03789 ], [ -63.01231, -11.03851 ], [ -63.01406, -11.03929 ], [ -63.0153, -11.03971 ], [ -63.01974, -11.04108 ], [ -63.02405, -11.04246 ], [ -63.02521, -11.04279 ], [ -63.02693, -11.04319 ], [ -63.02803, -11.04337 ], [ -63.02989, -11.04338 ], [ -63.0312, -11.04323 ], [ -63.03265, -11.04276 ], [ -63.03493, -11.04127 ], [ -63.03636, -11.04052 ], [ -63.0379, -11.03992 ], [ -63.03891, -11.03965 ], [ -63.03994, -11.03946 ], [ -63.04089, -11.03948 ], [ -63.04229, -11.03987 ], [ -63.04317, -11.04035 ], [ -63.04437, -11.0413 ], [ -63.04508, -11.04213 ], [ -63.04597, -11.0435 ], [ -63.04667, -11.04494 ], [ -63.04703, -11.04599 ], [ -63.04756, -11.04796 ], [ -63.04804, -11.04905 ], [ -63.04937, -11.05032 ], [ -63.05045, -11.05087 ], [ -63.05282, -11.05184 ], [ -63.05545, -11.05297 ], [ -63.05723, -11.05365 ], [ -63.05897, -11.0545 ], [ -63.06185, -11.05631 ], [ -63.0642, -11.05758 ], [ -63.06554, -11.05836 ], [ -63.06798, -11.05947 ], [ -63.06885, -11.05974 ], [ -63.06975, -11.05994 ], [ -63.07201, -11.06026 ], [ -63.07381, -11.06055 ], [ -63.07526, -11.06066 ], [ -63.07673, -11.06062 ], [ -63.07818, -11.06039 ], [ -63.07958, -11.05995 ], [ -63.08344, -11.05753 ], [ -63.0855, -11.05632 ], [ -63.08815, -11.05486 ], [ -63.08954, -11.05403 ], [ -63.09118, -11.05287 ], [ -63.09368, -11.05464 ], [ -63.09479, -11.05594 ], [ -63.09559, -11.0568 ], [ -63.09652, -11.05755 ], [ -63.09815, -11.05841 ], [ -63.09919, -11.05885 ] ] ] } }
]
}
