{
"type": "FeatureCollection",
"name": "SELECT",
"crs": { "type": "name", "properties": { "name": "urn:ogc:def:crs:OGC:1.3:CRS84" } },
"xy_coordinate_resolution": 1e-05,
"features": [
{ "type": "Feature", "properties": { "name": "Rio Jamari" }, "geometry": { "type": "LineString", "coordinates": [ [ -63.202, -10.61307 ], [ -63.20134, -10.6111 ], [ -63.20317, -10.60529 ], [ -63.20226, -10.60353 ], [ -63.20278, -10.60111 ], [ -63.20205, -10.60061 ], [ -63.20145, -10.60156 ], [ -63.19996, -10.60142 ], [ -63.19884, -10.6002 ], [ -63.19704, -10.60136 ], [ -63.19494, -10.59989 ], [ -63.19105, -10.59975 ], [ -63.19084, -10.59657 ], [ -63.18757, -10.59475 ], [ -63.18355, -10.59175 ], [ -63.18324, -10.59092 ], [ -63.18279, -10.58888 ], [ -63.18302, -10.58772 ], [ -63.18421, -10.58671 ], [ -63.18408, -10.58476 ], [ -63.18227, -10.57957 ], [ -63.18315, -10.57812 ], [ -63.18299, -10.57526 ], [ -63.18393, -10.57195 ], [ -63.18073, -10.57027 ], [ -63.17954, -10.56661 ], [ -63.18072, -10.56624 ], [ -63.1812, -10.56503 ], [ -63.18495, -10.56505 ], [ -63.18802, -10.56405 ], [ -63.18766, -10.56259 ], [ -63.18871, -10.56069 ], [ -63.19027, -10.5539 ], [ -63.18935, -10.55146 ], [ -63.1875, -10.55074 ], [ -63.18121, -10.54393 ], [ -63.18662, -10.53883 ], [ -63.18978, -10.53724 ], [ -63.18942, -10.53471 ], [ -63.19039, -10.53104 ], [ -63.19429, -10.52576 ], [ -63.19336, -10.52414 ], [ -63.19365, -10.52362 ], [ -63.19521, -10.5226 ], [ -63.20127, -10.52213 ], [ -63.19937, -10.5188 ], [ -63.20035, -10.51505 ], [ -63.20134, -10.518 ], [ -63.20481, -10.51932 ], [ -63.20508, -10.51823 ], [ -63.20432, -10.51764 ], [ -63.20372, -10.51462 ], [ -63.20708, -10.5137 ], [ -63.21202, -10.51353 ], [ -63.21214, -10.5072 ], [ -63.21295, -10.5032 ], [ -63.21269, -10.50197 ], [ -63.21008, -10.50048 ], [ -63.21148, -10.50006 ], [ -63.21272, -10.49536 ], [ -63.21486, -10.4952 ], [ -63.21412, -10.49318 ], [ -63.21435, -10.49203 ] ] } },
{ "type": "Feature", "properties": { "name": "Rio Jamari" }, "geometry": { "type": "LineString", "coordinates": [ [ -63.3666, -10.94363 ], [ -63.36562, -10.94187 ], [ -63.36615, -10.94063 ], [ -63.3643, -10.93966 ], [ -63.36394, -10.9391 ], [ -63.36456, -10.93899 ], [ -63.36445, -10.93845 ], [ -63.36311, -10.93774 ], [ -63.36295, -10.93702 ], [ -63.36398, -10.93673 ], [ -63.36277, -10.93641 ], [ -63.36313, -10.93531 ], [ -63.36186, -10.93431 ], [ -63.36209, -10.9336 ], [ -63.36072, -10.93404 ], [ -63.35946, -10.93243 ], [ -63.35693, -10.93263 ], [ -63.35545, -10.93185 ], [ -63.35491, -10.93019 ], [ -63.35282, -10.93016 ], [ -63.35265, -10.92903 ], [ -63.35213, -10.92992 ], [ -63.35092, -10.92934 ], [ -63.35296, -10.9255 ], [ -63.35328, -10.92355 ], [ -63.35416, -10.92355 ], [ -63.35465, -10.92233 ], [ -63.35377, -10.92115 ], [ -63.35163, -10.92147 ], [ -63.35087, -10.9207 ], [ -63.35164, -10.92056 ], [ -63.35277, -10.91801 ], [ -63.35431, -10.9168 ], [ -63.35426, -10.91465 ], [ -63.35568, -10.91432 ], [ -63.35579, -10.91291 ], [ -63.35806, -10.91152 ], [ -63.35766, -10.9099 ], [ -63.35913, -10.90861 ], [ -63.35732, -10.90828 ], [ -63.35569, -10.90607 ], [ -63.35576, -10.9053 ], [ -63.35451, -10.90507 ], [ -63.35644, -10.90275 ], [ -63.35745, -10.90298 ], [ -63.35643, -10.90179 ], [ -63.35663, -10.90061 ], [ -63.35404, -10.90138 ], [ -63.3535, -10.90069 ], [ -63.35259, -10.90078 ], [ -63.35288, -10.90003 ], [ -63.35208, -10.89995 ], [ -63.35214, -10.89921 ], [ -63.35082, -10.89943 ], [ -63.34865, -10.89864 ], [ -63.34885, -10.89732 ], [ -63.34805, -10.89625 ], [ -63.34906, -10.89594 ], [ -63.34861, -10.89526 ], [ -63.34922, -10.89358 ], [ -63.34901, -10.89227 ], [ -63.34801, -10.89152 ], [ -63.34855, -10.89045 ], [ -63.34744, -10.88938 ], [ -63.34905, -10.88815 ], [ -63.34927, -10.88699 ], [ -63.34981, -10.88744 ], [ -63.35007, -10.88649 ], [ -63.34877, -10.88347 ], [ -63.34884, -10.88193 ], [ -63.34675, -10.88203 ], [ -63.34651, -10.8802 ], [ -63.34457, -10.88017 ], [ -63.34383, -10.87944 ], [ -63.34478, -10.87844 ], [ -63.34452, -10.87721 ], [ -63.34383, -10.87754 ], [ -63.343, -10.87673 ], [ -63.3439, -10.87647 ], [ -63.34369, -10.87593 ], [ -63.34269, -10.87626 ], [ -63.34207, -10.87533 ], [ -63.34124, -10.87547 ], [ -63.34113, -10.87398 ], [ -63.33984, -10.8731 ], [ -63.34081, -10.87297 ], [ -63.33827, -10.8696 ], [ -63.33782, -10.87021 ], [ -63.33626, -10.87012 ], [ -63.3355, -10.86722 ], [ -63.3358, -10.86601 ], [ -63.33704, -10.8658 ], [ -63.3377, -10.86459 ], [ -63.33811, -10.86319 ], [ -63.33749, -10.86236 ], [ -63.33448, -10.86316 ], [ -63.33289, -10.86293 ], [ -63.33198, -10.86366 ], [ -63.33063, -10.86295 ], [ -63.32892, -10.863 ], [ -63.32838, -10.86416 ], [ -63.32501, -10.86174 ], [ -63.32368, -10.8621 ], [ -63.32261, -10.86096 ], [ -63.32266, -10.85996 ], [ -63.32406, -10.85939 ], [ -63.3255, -10.85616 ], [ -63.32482, -10.85189 ], [ -63.32437, -10.85246 ], [ -63.32399, -10.85163 ], [ -63.3205, -10.85028 ], [ -63.3196, -10.84911 ], [ -63.32028, -10.84722 ] ] } },
{ "type": "Feature", "properties": { "name": "Rio Branco" }, "geometry": { "type": "LineString", "coordinates": [ [ -62.95675, -9.91657 ], [ -62.95904, -9.91648 ], [ -62.95973, -9.91549 ], [ -62.96268, -9.91594 ], [ -62.96613, -9.9146 ], [ -62.9717, -9.91525 ], [ -62.97302, -9.91463 ], [ -62.97363, -9.91266 ], [ -62.97296, -9.91121 ], [ -62.9737, -9.9105 ], [ -62.97282, -9.90856 ], [ -62.97238, -9.90852 ], [ -62.9723, -9.90967 ], [ -62.97136, -9.90878 ], [ -62.97299, -9.90732 ], [ -62.97122, -9.90576 ], [ -62.97182, -9.9045 ], [ -62.97145, -9.90378 ], [ -62.97251, -9.90226 ], [ -62.97491, -9.90206 ], [ -62.97711, -9.89976 ], [ -62.97797, -9.89821 ], [ -62.9782, -9.89486 ], [ -62.9793, -9.89193 ], [ -62.98193, -9.89337 ], [ -62.98506, -9.88961 ], [ -62.98544, -9.88275 ], [ -62.98707, -9.88356 ], [ -62.98724, -9.883 ], [ -62.98961, -9.88362 ], [ -62.99081, -9.88558 ], [ -62.99181, -9.88209 ], [ -62.99525, -9.88352 ], [ -62.99671, -9.88274 ], [ -62.99713, -9.88148 ], [ -62.99833, -9.88127 ], [ -62.99818, -9.88025 ], [ -62.99905, -9.88066 ], [ -62.99997, -9.88017 ], [ -63.00306, -9.88237 ], [ -63.00629, -9.88283 ], [ -63.0072, -9.88173 ], [ -63.00631, -9.88053 ], [ -63.00556, -9.87584 ], [ -63.00683, -9.8761 ], [ -63.00669, -9.87465 ], [ -63.00787, -9.87556 ], [ -63.00808, -9.87397 ], [ -63.00902, -9.8747 ], [ -63.01032, -9.87305 ], [ -63.0111, -9.87109 ], [ -63.01021, -9.86967 ], [ -63.01034, -9.86875 ], [ -63.01442, -9.86898 ], [ -63.01419, -9.86795 ], [ -63.01501, -9.86624 ], [ -63.019, -9.86408 ], [ -63.0203, -9.86251 ], [ -63.02746, -9.86419 ], [ -63.02801, -9.86309 ], [ -63.02771, -9.86144 ], [ -63.03093, -9.85887 ], [ -63.03017, -9.85794 ], [ -63.03307, -9.85668 ], [ -63.03504, -9.85728 ], [ -63.0356, -9.85314 ], [ -63.03474, -9.8496 ], [ -63.03566, -9.84809 ], [ -63.03637, -9.84787 ], [ -63.03727, -9.84873 ], [ -63.03939, -9.84793 ], [ -63.0418, -9.84845 ], [ -63.04672, -9.84563 ], [ -63.04549, -9.84781 ], [ -63.04768, -9.84844 ], [ -63.05038, -9.85025 ], [ -63.05213, -9.84868 ], [ -63.05117, -9.84719 ], [ -63.0525, -9.84574 ], [ -63.0547, -9.84637 ], [ -63.05847, -9.84446 ], [ -63.06049, -9.84601 ], [ -63.06233, -9.84588 ] ] } },
{ "type": "Feature", "properties": { "name": "Rio Massangana" }, "geometry": { "type": "LineString", "coordinates": [ [ -63.48919, -10.14639 ], [ -63.49021, -10.14182 ], [ -63.49111, -10.14111 ], [ -63.49062, -10.13335 ], [ -63.48942, -10.13088 ], [ -63.48674, -10.13055 ], [ -63.48366, -10.12773 ], [ -63.48096, -10.12249 ], [ -63.47931, -10.12114 ], [ -63.47556, -10.11048 ], [ -63.47643, -10.10581 ], [ -63.47854, -10.10395 ], [ -63.48017, -10.1007 ], [ -63.48509, -10.09906 ], [ -63.49177, -10.09286 ], [ -63.49386, -10.07508 ], [ -63.49556, -10.07322 ], [ -63.4961, -10.06892 ], [ -63.49521, -10.06722 ], [ -63.49421, -10.05822 ], [ -63.49453, -10.05546 ], [ -63.4935, -10.05049 ], [ -63.49513, -10.0456 ], [ -63.4938, -10.04378 ], [ -63.49262, -10.04378 ], [ -63.49297, -10.04297 ], [ -63.49242, -10.04205 ], [ -63.493, -10.04133 ], [ -63.49268, -10.03986 ], [ -63.49342, -10.04011 ], [ -63.49348, -10.03917 ], [ -63.49441, -10.03836 ], [ -63.49456, -10.03553 ], [ -63.49076, -10.03206 ], [ -63.48742, -10.034 ], [ -63.48687, -10.03322 ], [ -63.48621, -10.0333 ], [ -63.48518, -10.03453 ], [ -63.48393, -10.03339 ], [ -63.48207, -10.03339 ], [ -63.48021, -10.03147 ], [ -63.47916, -10.02773 ], [ -63.47619, -10.02686 ], [ -63.47494, -10.02586 ], [ -63.47247, -10.02618 ], [ -63.47038, -10.02533 ], [ -63.46788, -10.02645 ], [ -63.46676, -10.02611 ], [ -63.46517, -10.02752 ], [ -63.46437, -10.0274 ], [ -63.4622, -10.02913 ], [ -63.462, -10.02995 ], [ -63.45927, -10.03143 ], [ -63.45597, -10.03051 ], [ -63.45425, -10.03113 ], [ -63.45452, -10.03013 ], [ -63.45398, -10.02976 ], [ -63.45231, -10.02997 ], [ -63.45158, -10.02842 ], [ -63.45191, -10.02666 ], [ -63.44886, -10.02417 ], [ -63.44832, -10.0248 ], [ -63.44757, -10.02265 ], [ -63.44586, -10.02261 ], [ -63.44427, -10.02088 ], [ -63.44318, -10.0209 ], [ -63.44163, -10.01967 ], [ -63.43976, -10.01936 ], [ -63.43926, -10.0198 ], [ -63.43889, -10.01785 ], [ -63.43752, -10.01568 ], [ -63.43536, -10.01487 ], [ -63.43602, -10.0128 ], [ -63.43576, -10.01181 ], [ -63.43485, -10.01139 ], [ -63.43514, -10.01047 ], [ -63.43169, -10.0093 ], [ -63.4314, -10.00814 ], [ -63.43248, -10.00687 ], [ -63.43237, -10.00441 ], [ -63.43428, -10.00383 ], [ -63.43237, -10.00275 ], [ -63.43208, -10.00177 ], [ -63.43307, -10.00149 ], [ -63.43308, -9.99989 ], [ -63.43052, -9.99908 ], [ -63.43072, -9.99807 ], [ -63.43172, -9.998 ], [ -63.43149, -9.99747 ], [ -63.4293, -9.99625 ], [ -63.42872, -9.99369 ], [ -63.42635, -9.99304 ], [ -63.42508, -9.99097 ], [ -63.42345, -9.99067 ], [ -63.42161, -9.98805 ], [ -63.42227, -9.98723 ], [ -63.4209, -9.98662 ], [ -63.42165, -9.98636 ], [ -63.42126, -9.9855 ], [ -63.42008, -9.98526 ], [ -63.41809, -9.98319 ], [ -63.41723, -9.98049 ], [ -63.41502, -9.97941 ], [ -63.41474, -9.97751 ], [ -63.41358, -9.97633 ], [ -63.41302, -9.97263 ], [ -63.41032, -9.97182 ], [ -63.40895, -9.97011 ], [ -63.40759, -9.97136 ], [ -63.40639, -9.96789 ], [ -63.40521, -9.96825 ], [ -63.40525, -9.96736 ], [ -63.40438, -9.96834 ], [ -63.4036, -9.96785 ], [ -63.40354, -9.96561 ], [ -63.405, -9.965 ], [ -63.40433, -9.96458 ], [ -63.40453, -9.96301 ], [ -63.40382, -9.96314 ], [ -63.40259, -9.96164 ], [ -63.40315, -9.96147 ], [ -63.40335, -9.96236 ], [ -63.40459, -9.96105 ], [ -63.40528, -9.9554 ], [ -63.40392, -9.95515 ], [ -63.40337, -9.95387 ], [ -63.4014, -9.95283 ], [ -63.4014, -9.95177 ], [ -63.40227, -9.95141 ], [ -63.40078, -9.95045 ], [ -63.39914, -9.94797 ], [ -63.39895, -9.94622 ], [ -63.39775, -9.94487 ], [ -63.39897, -9.94456 ], [ -63.39811, -9.9436 ], [ -63.39726, -9.9436 ], [ -63.39674, -9.94242 ], [ -63.39529, -9.94276 ], [ -63.39459, -9.94187 ], [ -63.3939, -9.94309 ], [ -63.39356, -9.94167 ], [ -63.39303, -9.94201 ], [ -63.39245, -9.94126 ], [ -63.38938, -9.94088 ], [ -63.38796, -9.93992 ], [ -63.38683, -9.94025 ], [ -63.38668, -9.93917 ], [ -63.3856, -9.93898 ], [ -63.38509, -9.93783 ], [ -63.38324, -9.93797 ], [ -63.383, -9.93633 ], [ -63.38081, -9.93706 ], [ -63.37959, -9.93542 ], [ -63.37932, -9.93619 ], [ -63.37874, -9.93535 ], [ -63.37814, -9.93576 ], [ -63.3779, -9.93513 ], [ -63.37716, -9.93523 ], [ -63.37391, -9.93222 ], [ -63.37437, -9.92921 ], [ -63.37321, -9.92912 ], [ -63.37191, -9.92537 ], [ -63.37129, -9.92554 ], [ -63.37054, -9.92416 ], [ -63.36968, -9.92445 ], [ -63.37018, -9.92356 ], [ -63.36864, -9.92253 ], [ -63.36929, -9.92128 ], [ -63.37011, -9.92145 ], [ -63.36946, -9.91979 ], [ -63.36867, -9.91988 ], [ -63.36795, -9.91842 ], [ -63.36848, -9.91781 ], [ -63.36816, -9.91695 ], [ -63.36932, -9.91635 ], [ -63.3698, -9.91515 ], [ -63.36893, -9.91382 ], [ -63.36811, -9.91394 ], [ -63.36653, -9.91288 ], [ -63.36612, -9.91207 ], [ -63.36655, -9.91149 ], [ -63.36504, -9.91074 ], [ -63.36499, -9.90988 ], [ -63.36379, -9.91046 ], [ -63.36246, -9.90788 ], [ -63.36176, -9.90769 ], [ -63.36162, -9.90875 ], [ -63.36085, -9.90858 ], [ -63.35938, -9.90692 ], [ -63.35965, -9.90317 ], [ -63.36044, -9.90172 ], [ -63.35953, -9.901 ], [ -63.36054, -9.90045 ], [ -63.35999, -9.89879 ], [ -63.36152, -9.89906 ], [ -63.36179, -9.89821 ], [ -63.36128, -9.89718 ], [ -63.35938, -9.89685 ], [ -63.35982, -9.8955 ], [ -63.35859, -9.89148 ], [ -63.35691, -9.89314 ], [ -63.35686, -9.89179 ], [ -63.35594, -9.89102 ], [ -63.35671, -9.88869 ], [ -63.35599, -9.88804 ], [ -63.35614, -9.88655 ], [ -63.35787, -9.88604 ], [ -63.35657, -9.88554 ], [ -63.35575, -9.88337 ], [ -63.35479, -9.88311 ], [ -63.35455, -9.88121 ], [ -63.35501, -9.88078 ], [ -63.35455, -9.88022 ], [ -63.35202, -9.88054 ], [ -63.35205, -9.87912 ], [ -63.35142, -9.87895 ], [ -63.35111, -9.87993 ], [ -63.35032, -9.88008 ], [ -63.34972, -9.8789 ], [ -63.3501, -9.87811 ], [ -63.34878, -9.87808 ], [ -63.34791, -9.87693 ], [ -63.34976, -9.87613 ], [ -63.34974, -9.87563 ], [ -63.34883, -9.87561 ], [ -63.34868, -9.87467 ], [ -63.34664, -9.8738 ], [ -63.34625, -9.87279 ], [ -63.34676, -9.87214 ], [ -63.34551, -9.87116 ], [ -63.34229, -9.87204 ], [ -63.34226, -9.87366 ], [ -63.34043, -9.87233 ], [ -63.34144, -9.87169 ], [ -63.3409, -9.87101 ], [ -63.34008, -9.87172 ], [ -63.33912, -9.87071 ], [ -63.3383, -9.87146 ], [ -63.3375, -9.87075 ], [ -63.33776, -9.87181 ], [ -63.33543, -9.87207 ], [ -63.33618, -9.87009 ], [ -63.3371, -9.87019 ], [ -63.3359, -9.86885 ], [ -63.33604, -9.86779 ], [ -63.33459, -9.86707 ], [ -63.33407, -9.86754 ], [ -63.33367, -9.86662 ], [ -63.33318, -9.86749 ], [ -63.33327, -9.86575 ], [ -63.33205, -9.86509 ], [ -63.33097, -9.86326 ], [ -63.32719, -9.86263 ], [ -63.32158, -9.86583 ], [ -63.32003, -9.86324 ], [ -63.32094, -9.8635 ], [ -63.32073, -9.86274 ], [ -63.31878, -9.86277 ], [ -63.31836, -9.86385 ], [ -63.31761, -9.86347 ], [ -63.31723, -9.86199 ], [ -63.31803, -9.86094 ], [ -63.31744, -9.8604 ], [ -63.31242, -9.85887 ], [ -63.31153, -9.86129 ], [ -63.31077, -9.86129 ], [ -63.30972, -9.86051 ], [ -63.31, -9.8588 ], [ -63.30843, -9.85934 ], [ -63.30791, -9.85819 ], [ -63.30709, -9.85922 ], [ -63.30608, -9.85601 ], [ -63.30474, -9.85584 ], [ -63.3046, -9.85483 ], [ -63.30314, -9.85476 ], [ -63.30352, -9.85361 ], [ -63.30096, -9.85349 ], [ -63.3011, -9.85276 ], [ -63.30044, -9.85279 ], [ -63.30009, -9.85229 ], [ -63.30093, -9.84964 ], [ -63.29964, -9.84896 ], [ -63.29985, -9.84814 ], [ -63.29934, -9.84776 ], [ -63.29856, -9.84865 ], [ -63.29826, -9.84826 ], [ -63.29852, -9.8452 ], [ -63.29957, -9.84443 ], [ -63.29772, -9.84267 ], [ -63.29821, -9.84217 ], [ -63.29805, -9.84051 ], [ -63.29708, -9.84008 ], [ -63.29708, -9.83759 ], [ -63.29474, -9.83541 ], [ -63.2965, -9.83513 ], [ -63.29537, -9.83395 ], [ -63.29429, -9.83419 ], [ -63.29466, -9.83344 ], [ -63.29234, -9.83388 ], [ -63.29175, -9.83212 ], [ -63.29201, -9.83069 ], [ -63.29023, -9.82792 ], [ -63.29065, -9.82733 ], [ -63.28962, -9.82412 ], [ -63.29192, -9.82188 ], [ -63.29164, -9.82125 ], [ -63.28861, -9.81998 ], [ -63.28802, -9.82092 ], [ -63.287, -9.821 ], [ -63.28588, -9.81606 ], [ -63.28645, -9.81435 ], [ -63.28553, -9.81345 ], [ -63.28628, -9.81172 ], [ -63.28727, -9.81139 ], [ -63.28645, -9.80822 ], [ -63.2876, -9.80559 ], [ -63.28931, -9.80394 ], [ -63.28882, -9.79727 ], [ -63.28804, -9.79547 ], [ -63.28868, -9.79474 ], [ -63.28835, -9.79347 ], [ -63.29009, -9.79091 ], [ -63.29281, -9.79415 ], [ -63.29405, -9.79178 ], [ -63.29304, -9.79004 ], [ -63.2938, -9.78891 ], [ -63.2933, -9.7879 ], [ -63.29452, -9.78619 ], [ -63.29389, -9.78581 ], [ -63.29532, -9.78459 ], [ -63.29823, -9.78405 ], [ -63.29715, -9.78093 ], [ -63.29542, -9.77969 ], [ -63.29661, -9.7759 ], [ -63.29607, -9.77508 ], [ -63.2945, -9.77536 ], [ -63.29478, -9.77238 ], [ -63.29654, -9.77017 ], [ -63.29481, -9.7697 ], [ -63.29382, -9.76799 ], [ -63.29431, -9.76618 ], [ -63.29086, -9.7636 ], [ -63.29223, -9.75934 ], [ -63.2866, -9.75955 ], [ -63.28321, -9.75709 ], [ -63.27971, -9.75662 ], [ -63.27905, -9.75573 ], [ -63.27827, -9.75583 ], [ -63.2779, -9.7567 ], [ -63.2775, -9.75463 ], [ -63.27668, -9.75505 ], [ -63.27583, -9.75444 ], [ -63.27203, -9.75418 ], [ -63.26991, -9.75139 ], [ -63.26937, -9.75165 ], [ -63.2685, -9.7508 ], [ -63.26832, -9.75148 ], [ -63.26691, -9.74758 ], [ -63.26752, -9.74596 ], [ -63.26693, -9.74481 ], [ -63.26519, -9.74385 ], [ -63.26587, -9.74157 ], [ -63.26526, -9.74099 ], [ -63.26294, -9.74035 ], [ -63.26421, -9.74232 ], [ -63.26336, -9.74362 ], [ -63.26162, -9.7443 ], [ -63.25789, -9.74124 ], [ -63.25679, -9.74106 ], [ -63.25542, -9.74214 ], [ -63.25387, -9.73911 ], [ -63.25385, -9.7372 ], [ -63.25305, -9.73648 ], [ -63.25279, -9.73711 ], [ -63.25139, -9.73695 ], [ -63.2511, -9.73814 ], [ -63.24915, -9.73779 ], [ -63.24887, -9.73657 ], [ -63.24728, -9.73568 ], [ -63.24643, -9.73293 ], [ -63.24749, -9.73208 ], [ -63.24737, -9.73112 ], [ -63.25007, -9.73145 ], [ -63.2507, -9.7323 ], [ -63.25124, -9.73197 ], [ -63.2504, -9.7276 ], [ -63.24871, -9.72621 ], [ -63.24763, -9.72727 ], [ -63.24554, -9.72659 ], [ -63.24465, -9.7269 ], [ -63.24415, -9.72556 ], [ -63.24446, -9.72412 ], [ -63.24562, -9.72312 ], [ -63.24476, -9.72253 ], [ -63.24576, -9.72232 ], [ -63.24469, -9.72084 ], [ -63.24287, -9.71465 ], [ -63.24142, -9.71368 ], [ -63.24084, -9.71154 ], [ -63.24112, -9.7075 ], [ -63.2399, -9.70557 ], [ -63.23558, -9.70376 ], [ -63.23605, -9.70275 ], [ -63.23551, -9.70247 ], [ -63.23351, -9.70257 ], [ -63.23175, -9.70376 ], [ -63.22882, -9.70337 ], [ -63.22633, -9.70386 ], [ -63.22419, -9.70529 ], [ -63.22541, -9.70698 ], [ -63.22445, -9.70825 ], [ -63.22271, -9.70881 ], [ -63.22147, -9.71107 ], [ -63.22088, -9.71048 ], [ -63.22001, -9.71064 ], [ -63.21597, -9.71217 ], [ -63.21527, -9.71342 ], [ -63.21749, -9.71423 ], [ -63.21699, -9.71605 ], [ -63.21362, -9.71623 ], [ -63.2133, -9.71485 ], [ -63.20949, -9.71854 ], [ -63.20811, -9.71823 ], [ -63.20632, -9.72037 ], [ -63.20597, -9.71978 ], [ -63.20496, -9.72025 ], [ -63.20379, -9.71929 ], [ -63.2013, -9.71966 ], [ -63.19822, -9.72422 ], [ -63.19831, -9.72619 ], [ -63.19397, -9.72255 ], [ -63.19348, -9.72281 ], [ -63.19362, -9.72558 ], [ -63.1916, -9.72457 ], [ -63.19094, -9.72354 ], [ -63.18991, -9.72612 ], [ -63.18897, -9.72678 ], [ -63.18634, -9.72657 ], [ -63.18554, -9.72542 ], [ -63.18338, -9.72812 ], [ -63.1776, -9.72441 ], [ -63.17657, -9.72572 ], [ -63.17584, -9.72401 ], [ -63.17262, -9.7229 ], [ -63.17136, -9.72365 ], [ -63.16988, -9.72337 ], [ -63.16868, -9.72222 ], [ -63.16595, -9.72232 ], [ -63.16617, -9.72095 ], [ -63.16469, -9.72107 ], [ -63.16419, -9.72044 ], [ -63.16551, -9.71755 ], [ -63.16539, -9.71447 ], [ -63.16154, -9.71313 ], [ -63.16177, -9.71191 ], [ -63.16086, -9.71041 ], [ -63.15654, -9.70724 ], [ -63.1575, -9.70684 ], [ -63.15609, -9.70668 ], [ -63.15562, -9.70538 ], [ -63.15487, -9.70625 ], [ -63.15264, -9.70663 ], [ -63.15262, -9.70743 ], [ -63.15165, -9.7063 ], [ -63.15093, -9.70703 ], [ -63.15031, -9.70553 ], [ -63.14891, -9.70546 ], [ -63.14663, -9.70362 ], [ -63.14536, -9.70182 ], [ -63.14585, -9.70048 ], [ -63.14339, -9.70012 ], [ -63.14399, -9.69775 ], [ -63.14181, -9.69425 ], [ -63.13836, -9.69578 ], [ -63.13531, -9.69589 ] ] } },
{ "type": "Feature", "properties": { "name": "Rio Jamari" }, "geometry": { "type": "LineString", "coordinates": [ [ -63.06847, -9.93851 ], [ -63.06407, -9.93342 ], [ -63.06024, -9.93455 ], [ -63.05881, -9.9315 ], [ -63.06312, -9.92707 ], [ -63.07086, -9.9261 ], [ -63.07361, -9.9236 ], [ -63.07349, -9.92072 ], [ -63.07231, -9.91743 ], [ -63.06501, -9.90617 ], [ -63.06352, -9.90177 ], [ -63.06647, -9.90032 ], [ -63.06778, -9.89751 ], [ -63.07058, -9.89482 ], [ -63.07055, -9.89047 ], [ -63.07248, -9.88482 ], [ -63.07162, -9.87721 ], [ -63.0728, -9.87395 ], [ -63.07665, -9.86882 ], [ -63.07734, -9.86696 ], [ -63.07649, -9.86462 ], [ -63.07356, -9.86318 ], [ -63.07433, -9.86151 ], [ -63.07392, -9.86033 ], [ -63.07006, -9.85898 ], [ -63.06597, -9.85612 ], [ -63.06243, -9.84764 ], [ -63.06248, -9.84505 ], [ -63.06278, -9.84427 ], [ -63.06408, -9.84391 ], [ -63.06948, -9.84528 ], [ -63.07187, -9.84483 ], [ -63.07562, -9.84286 ], [ -63.07717, -9.83975 ], [ -63.08013, -9.83676 ], [ -63.08429, -9.8351 ], [ -63.08509, -9.83311 ], [ -63.08507, -9.82701 ], [ -63.08438, -9.8249 ], [ -63.08324, -9.82445 ], [ -63.08198, -9.82487 ], [ -63.07849, -9.82326 ], [ -63.07703, -9.82095 ], [ -63.07492, -9.81544 ], [ -63.07513, -9.81404 ], [ -63.07667, -9.81234 ], [ -63.0813, -9.80952 ], [ -63.08693, -9.81111 ], [ -63.09143, -9.81042 ], [ -63.09458, -9.81062 ], [ -63.09933, -9.80919 ], [ -63.09927, -9.80773 ], [ -63.09706, -9.8091 ], [ -63.09536, -9.80854 ], [ -63.0965, -9.79512 ], [ -63.09948, -9.78926 ], [ -63.10494, -9.78503 ], [ -63.10648, -9.78304 ], [ -63.10674, -9.78157 ], [ -63.1059, -9.78013 ], [ -63.10427, -9.77173 ], [ -63.1042, -9.76659 ], [ -63.11, -9.75763 ], [ -63.11099, -9.75679 ], [ -63.11597, -9.75632 ], [ -63.12214, -9.75723 ], [ -63.12622, -9.75878 ], [ -63.12845, -9.7575 ], [ -63.13142, -9.74876 ], [ -63.13187, -9.74575 ], [ -63.13078, -9.73877 ], [ -63.12893, -9.73438 ], [ -63.12715, -9.73189 ], [ -63.1247, -9.73303 ], [ -63.1233, -9.73165 ], [ -63.12506, -9.72757 ], [ -63.12508, -9.72614 ], [ -63.1215, -9.72301 ], [ -63.12077, -9.72084 ], [ -63.1215, -9.71681 ], [ -63.12693, -9.71143 ], [ -63.13277, -9.70395 ], [ -63.13531, -9.69589 ], [ -63.13512, -9.69253 ], [ -63.13959, -9.68305 ], [ -63.1395, -9.6817 ], [ -63.13367, -9.67623 ], [ -63.13123, -9.67149 ], [ -63.13147, -9.66995 ], [ -63.13377, -9.66807 ], [ -63.13474, -9.66484 ], [ -63.13424, -9.65599 ], [ -63.13093, -9.65317 ], [ -63.13008, -9.65132 ], [ -63.13091, -9.65035 ], [ -63.13492, -9.64937 ], [ -63.13706, -9.64704 ], [ -63.13798, -9.64459 ], [ -63.13825, -9.64079 ], [ -63.13334, -9.63603 ], [ -63.13266, -9.63462 ], [ -63.13254, -9.63068 ], [ -63.12393, -9.62767 ], [ -63.12386, -9.62633 ], [ -63.12473, -9.62553 ], [ -63.12622, -9.62594 ], [ -63.12845, -9.62514 ], [ -63.13125, -9.62222 ], [ -63.13326, -9.624 ], [ -63.13409, -9.6267 ], [ -63.13531, -9.62818 ], [ -63.13922, -9.6301 ], [ -63.14026, -9.62976 ], [ -63.14146, -9.62623 ], [ -63.1417, -9.6185 ], [ -63.14131, -9.61678 ], [ -63.13834, -9.61206 ], [ -63.13074, -9.60939 ], [ -63.12852, -9.60798 ], [ -63.12991, -9.60465 ], [ -63.12969, -9.60331 ], [ -63.1259, -9.60426 ], [ -63.12439, -9.6036 ], [ -63.12376, -9.59743 ], [ -63.12646, -9.59335 ], [ -63.12758, -9.58977 ], [ -63.13292, -9.58486 ], [ -63.13373, -9.57589 ], [ -63.13285, -9.57424 ], [ -63.12738, -9.57125 ], [ -63.12607, -9.56802 ], [ -63.12483, -9.55971 ], [ -63.12646, -9.55431 ], [ -63.13379, -9.54204 ], [ -63.13443, -9.53512 ], [ -63.13525, -9.53429 ], [ -63.13779, -9.53567 ], [ -63.14097, -9.53618 ], [ -63.1442, -9.53584 ], [ -63.14814, -9.53349 ] ] } },
{ "type": "Feature", "properties": { "name": "Rio Canaã" }, "geometry": { "type": "LineString", "coordinates": [ [ -63.05802, -10.02237 ], [ -63.05905, -10.02205 ], [ -63.0617, -10.01918 ], [ -63.06223, -10.01802 ], [ -63.0617, -10.01667 ], [ -63.06341, -10.01487 ], [ -63.06324, -10.01153 ], [ -63.06643, -10.00716 ], [ -63.06678, -10.00286 ], [ -63.06384, -9.99913 ], [ -63.06342, -9.99677 ], [ -63.06048, -9.99251 ], [ -63.06121, -9.98859 ], [ -63.06215, -9.98723 ], [ -63.0616, -9.98422 ], [ -63.06103, -9.98373 ], [ -63.05944, -9.98425 ], [ -63.05816, -9.98279 ], [ -63.05707, -9.97945 ], [ -63.06023, -9.97352 ], [ -63.06307, -9.97247 ], [ -63.06409, -9.97129 ], [ -63.06314, -9.9699 ], [ -63.06448, -9.97031 ], [ -63.06566, -9.96949 ], [ -63.06668, -9.96503 ], [ -63.06605, -9.96252 ], [ -63.06391, -9.95891 ], [ -63.06403, -9.9554 ], [ -63.0629, -9.95253 ], [ -63.06271, -9.94887 ], [ -63.06184, -9.94758 ], [ -63.06271, -9.94617 ], [ -63.06446, -9.94554 ], [ -63.06525, -9.94399 ], [ -63.06722, -9.94249 ], [ -63.06835, -9.94039 ], [ -63.06847, -9.93851 ] ] } },
{ "type": "Feature", "properties": { "name": "Rio São Francisco" }, "geometry": { "type": "LineString", "coordinates": [ [ -62.83733, -10.0287 ], [ -62.84213, -10.02771 ], [ -62.84564, -10.02336 ], [ -62.84871, -10.02308 ], [ -62.84891, -10.02086 ], [ -62.85053, -10.01995 ], [ -62.85191, -10.01401 ], [ -62.85739, -10.01183 ], [ -62.86033, -10.00904 ], [ -62.86456, -10.00921 ], [ -62.86933, -10.00844 ], [ -62.87058, -10.00422 ], [ -62.86954, -9.99922 ], [ -62.86592, -9.99728 ], [ -62.86478, -9.99536 ], [ -62.86102, -9.9964 ], [ -62.85889, -9.99622 ], [ -62.85911, -9.9895 ], [ -62.85844, -9.98316 ], [ -62.85719, -9.97951 ], [ -62.85799, -9.97769 ], [ -62.86208, -9.97869 ], [ -62.86528, -9.97393 ], [ -62.86895, -9.97447 ], [ -62.88336, -9.97276 ], [ -62.89228, -9.9679 ], [ -62.89808, -9.96382 ], [ -62.90487, -9.96143 ], [ -62.90618, -9.95724 ], [ -62.91045, -9.94928 ], [ -62.91825, -9.9418 ], [ -62.92331, -9.94026 ], [ -62.92627, -9.94039 ], [ -62.92804, -9.93766 ], [ -62.93109, -9.94315 ], [ -62.936, -9.94565 ], [ -62.93815, -9.94558 ], [ -62.93888, -9.94689 ], [ -62.94068, -9.94648 ], [ -62.94114, -9.94811 ], [ -62.94489, -9.94828 ], [ -62.94514, -9.94782 ], [ -62.94431, -9.9473 ], [ -62.94536, -9.94726 ], [ -62.94595, -9.9463 ], [ -62.94915, -9.94745 ], [ -62.94979, -9.94529 ], [ -62.94859, -9.94504 ], [ -62.94831, -9.94134 ], [ -62.94718, -9.94044 ], [ -62.94898, -9.93894 ], [ -62.94825, -9.93642 ], [ -62.94959, -9.93673 ], [ -62.94944, -9.93536 ], [ -62.95073, -9.93412 ], [ -62.94846, -9.93096 ], [ -62.95005, -9.9288 ], [ -62.95133, -9.92911 ], [ -62.95171, -9.93038 ], [ -62.95191, -9.92948 ], [ -62.95283, -9.92986 ], [ -62.95286, -9.92848 ], [ -62.95489, -9.927 ], [ -62.95582, -9.9243 ], [ -62.95398, -9.91967 ], [ -62.95509, -9.91764 ], [ -62.95638, -9.91736 ], [ -62.95675, -9.91657 ] ] } },
{ "type": "Feature", "properties": { "name": "Rio São João" }, "geometry": { "type": "LineString", "coordinates": [ [ -62.70031, -10.06337 ], [ -62.70111, -10.06288 ], [ -62.69955, -10.06071 ], [ -62.69862, -10.05649 ], [ -62.70186, -10.05533 ], [ -62.70363, -10.05684 ], [ -62.71041, -10.05593 ], [ -62.71211, -10.05266 ], [ -62.71252, -10.04465 ], [ -62.70839, -10.0414 ], [ -62.71847, -10.0203 ], [ -62.71992, -10.01454 ], [ -62.71932, -10.00575 ], [ -62.72052, -10.00319 ], [ -62.72373, -10.00008 ], [ -62.72556, -9.99987 ], [ -62.72817, -9.99466 ], [ -62.73013, -9.98812 ], [ -62.72833, -9.98574 ], [ -62.7313, -9.97812 ] ] } },
{ "type": "Feature", "properties": { "name": "Rio Canaã" }, "geometry": { "type": "LineString", "coordinates": [ [ -63.09324, -10.36197 ], [ -63.09533, -10.35917 ], [ -63.09899, -10.36045 ], [ -63.09892, -10.359 ], [ -63.09955, -10.35928 ], [ -63.09991, -10.35835 ], [ -63.10296, -10.3575 ], [ -63.10639, -10.36065 ], [ -63.10685, -10.35895 ], [ -63.10624, -10.35738 ], [ -63.11022, -10.35369 ], [ -63.11087, -10.35464 ], [ -63.11371, -10.35555 ], [ -63.11538, -10.35483 ], [ -63.1162, -10.35521 ], [ -63.11984, -10.3535 ], [ -63.1208, -10.35384 ], [ -63.12696, -10.35206 ], [ -63.12791, -10.35428 ], [ -63.12845, -10.35427 ], [ -63.12832, -10.35322 ], [ -63.129, -10.35264 ], [ -63.12928, -10.35421 ], [ -63.1315, -10.35379 ], [ -63.13227, -10.35324 ], [ -63.13155, -10.35283 ], [ -63.13288, -10.34996 ], [ -63.13516, -10.34956 ], [ -63.13661, -10.34761 ], [ -63.13653, -10.34676 ], [ -63.13823, -10.34584 ], [ -63.13928, -10.34429 ], [ -63.13952, -10.34577 ], [ -63.14003, -10.34442 ], [ -63.14108, -10.34377 ], [ -63.14165, -10.34192 ], [ -63.14117, -10.34076 ], [ -63.14355, -10.34114 ], [ -63.14333, -10.33974 ], [ -63.14497, -10.33914 ], [ -63.14658, -10.33993 ], [ -63.14817, -10.33936 ], [ -63.14851, -10.33578 ], [ -63.1509, -10.33431 ], [ -63.1504, -10.33087 ], [ -63.14866, -10.32992 ], [ -63.14874, -10.3271 ], [ -63.14966, -10.3252 ], [ -63.14627, -10.3213 ], [ -63.14568, -10.31856 ], [ -63.148, -10.31821 ], [ -63.14912, -10.31638 ], [ -63.14781, -10.31216 ], [ -63.14893, -10.30398 ], [ -63.14856, -10.30314 ], [ -63.14757, -10.30327 ], [ -63.14581, -10.30159 ], [ -63.14676, -10.2976 ], [ -63.1415, -10.29421 ], [ -63.13959, -10.29155 ], [ -63.13939, -10.28913 ], [ -63.14048, -10.28765 ], [ -63.14039, -10.28673 ], [ -63.13719, -10.28386 ], [ -63.13623, -10.28088 ], [ -63.13544, -10.28032 ], [ -63.13644, -10.27558 ], [ -63.13282, -10.2737 ], [ -63.12998, -10.27346 ], [ -63.12459, -10.26957 ] ] } },
{ "type": "Feature", "properties": { "name": "Canaã" }, "geometry": { "type": "LineString", "coordinates": [ [ -62.87981, -10.43214 ], [ -62.88113, -10.4319 ], [ -62.88144, -10.43067 ], [ -62.88116, -10.42959 ], [ -62.88017, -10.42959 ], [ -62.8791, -10.42543 ], [ -62.87971, -10.42368 ], [ -62.88071, -10.42336 ], [ -62.8808, -10.42195 ], [ -62.88153, -10.42194 ], [ -62.88195, -10.4211 ], [ -62.88257, -10.42153 ], [ -62.88523, -10.42123 ], [ -62.8859, -10.4176 ], [ -62.88685, -10.41713 ], [ -62.88683, -10.41627 ], [ -62.88556, -10.41563 ], [ -62.88626, -10.41171 ], [ -62.88542, -10.41046 ], [ -62.88848, -10.40987 ], [ -62.88906, -10.40902 ], [ -62.88853, -10.40485 ], [ -62.8936, -10.40318 ], [ -62.89434, -10.40256 ], [ -62.89429, -10.40048 ], [ -62.89603, -10.39984 ], [ -62.89616, -10.39863 ], [ -62.89669, -10.39913 ], [ -62.8981, -10.39851 ], [ -62.89835, -10.39719 ], [ -62.8992, -10.39719 ], [ -62.89936, -10.39655 ], [ -62.90054, -10.39607 ], [ -62.903, -10.39701 ], [ -62.90423, -10.39637 ], [ -62.90519, -10.3971 ], [ -62.90681, -10.3947 ], [ -62.90976, -10.39378 ], [ -62.91074, -10.39253 ], [ -62.91161, -10.39238 ], [ -62.91214, -10.39302 ], [ -62.91274, -10.39169 ], [ -62.91322, -10.3919 ], [ -62.9123, -10.38984 ], [ -62.91275, -10.38884 ], [ -62.918, -10.38543 ], [ -62.91739, -10.38329 ], [ -62.91966, -10.38352 ], [ -62.92246, -10.38162 ], [ -62.92274, -10.38078 ], [ -62.92118, -10.37931 ], [ -62.9196, -10.37596 ], [ -62.92367, -10.36955 ], [ -62.92518, -10.36816 ], [ -62.92444, -10.36825 ], [ -62.9238, -10.36434 ], [ -62.92643, -10.36438 ], [ -62.92868, -10.36553 ], [ -62.9292, -10.36522 ], [ -62.92896, -10.36195 ], [ -62.93011, -10.36055 ], [ -62.93419, -10.36015 ], [ -62.93526, -10.3615 ], [ -62.93595, -10.36129 ], [ -62.93635, -10.36041 ], [ -62.93909, -10.3595 ], [ -62.93976, -10.35863 ], [ -62.93999, -10.35533 ], [ -62.94265, -10.35366 ], [ -62.94392, -10.35374 ], [ -62.9468, -10.35229 ], [ -62.94594, -10.34805 ], [ -62.94791, -10.34568 ], [ -62.94543, -10.34592 ], [ -62.94457, -10.34212 ], [ -62.94286, -10.34071 ], [ -62.94293, -10.34009 ], [ -62.9466, -10.3395 ], [ -62.94958, -10.3365 ], [ -62.94954, -10.33546 ], [ -62.94812, -10.33496 ], [ -62.94724, -10.33319 ], [ -62.94637, -10.3326 ], [ -62.94508, -10.33315 ], [ -62.94385, -10.33204 ], [ -62.94458, -10.33042 ], [ -62.94379, -10.32898 ], [ -62.94524, -10.32711 ], [ -62.94607, -10.3282 ], [ -62.94559, -10.3267 ], [ -62.94593, -10.32566 ], [ -62.94529, -10.32504 ], [ -62.94627, -10.32521 ], [ -62.94655, -10.32461 ], [ -62.9459, -10.32353 ], [ -62.94784, -10.32141 ], [ -62.94887, -10.31736 ], [ -62.94766, -10.31513 ], [ -62.94476, -10.31476 ], [ -62.94412, -10.30765 ], [ -62.94472, -10.3052 ], [ -62.94609, -10.30556 ], [ -62.9457, -10.30691 ], [ -62.94762, -10.30804 ], [ -62.94769, -10.30713 ], [ -62.94842, -10.30721 ], [ -62.94856, -10.30515 ], [ -62.94944, -10.30426 ], [ -62.95252, -10.3048 ], [ -62.95232, -10.30324 ], [ -62.95359, -10.3016 ], [ -62.95136, -10.30048 ], [ -62.95094, -10.29959 ], [ -62.95403, -10.29782 ], [ -62.95567, -10.2961 ], [ -62.955, -10.29335 ], [ -62.95254, -10.29093 ], [ -62.95443, -10.29114 ], [ -62.95658, -10.29025 ], [ -62.9575, -10.28904 ], [ -62.95699, -10.28677 ], [ -62.95748, -10.28626 ], [ -62.95612, -10.28625 ], [ -62.9559, -10.28571 ], [ -62.95524, -10.28612 ], [ -62.95497, -10.28545 ], [ -62.95603, -10.28455 ], [ -62.95634, -10.28202 ], [ -62.95689, -10.28175 ], [ -62.95682, -10.28088 ], [ -62.95592, -10.28101 ], [ -62.95569, -10.2802 ], [ -62.95717, -10.27872 ], [ -62.9629, -10.27634 ], [ -62.96253, -10.27471 ], [ -62.96164, -10.27516 ], [ -62.96163, -10.2736 ], [ -62.96388, -10.27335 ], [ -62.96404, -10.27245 ], [ -62.96478, -10.27221 ], [ -62.96432, -10.27119 ], [ -62.96466, -10.26929 ], [ -62.97075, -10.26606 ], [ -62.97013, -10.26478 ], [ -62.97046, -10.26293 ], [ -62.97177, -10.26205 ], [ -62.97317, -10.26229 ], [ -62.97369, -10.26355 ], [ -62.9744, -10.26371 ], [ -62.97516, -10.26295 ], [ -62.9758, -10.26338 ], [ -62.97654, -10.26238 ], [ -62.97763, -10.26241 ], [ -62.97813, -10.25984 ], [ -62.97908, -10.25956 ], [ -62.97962, -10.25776 ], [ -62.98197, -10.25709 ], [ -62.98245, -10.25621 ], [ -62.98292, -10.25678 ], [ -62.98375, -10.25636 ], [ -62.98589, -10.25707 ], [ -62.98829, -10.25581 ], [ -62.99095, -10.25035 ], [ -62.98992, -10.24805 ], [ -62.99047, -10.24712 ], [ -62.99403, -10.24767 ], [ -62.99505, -10.24693 ], [ -62.99441, -10.2456 ], [ -62.99503, -10.24378 ], [ -62.9961, -10.24366 ], [ -62.99723, -10.24447 ], [ -62.99771, -10.24121 ], [ -63.00003, -10.23945 ], [ -62.99924, -10.23873 ], [ -63.00058, -10.23768 ], [ -63.00203, -10.23438 ], [ -63.0026, -10.23525 ], [ -63.00272, -10.23351 ], [ -63.00407, -10.23287 ], [ -63.0047, -10.23342 ], [ -63.0071, -10.23291 ], [ -63.00698, -10.23212 ], [ -63.00847, -10.23195 ], [ -63.01023, -10.22822 ], [ -63.01155, -10.22767 ], [ -63.01107, -10.22601 ], [ -63.01148, -10.2251 ], [ -63.01355, -10.22404 ], [ -63.01458, -10.22264 ], [ -63.01425, -10.22166 ], [ -63.01501, -10.22245 ], [ -63.01552, -10.22142 ], [ -63.01696, -10.2207 ], [ -63.01735, -10.21596 ], [ -63.02026, -10.21377 ], [ -63.02353, -10.21336 ], [ -63.02415, -10.21182 ], [ -63.02538, -10.21307 ], [ -63.02687, -10.20783 ], [ -63.02815, -10.20715 ], [ -63.02959, -10.20759 ], [ -63.03197, -10.20655 ], [ -63.03139, -10.20506 ], [ -63.03212, -10.20451 ], [ -63.03156, -10.20403 ], [ -63.03437, -10.20216 ] ] } },
{ "type": "Feature", "properties": { "name": "Rio Quatro Cachoeiras" }, "geometry": { "type": "LineString", "coordinates": [ [ -62.93046, -10.13632 ], [ -62.93009, -10.13578 ], [ -62.93094, -10.13504 ], [ -62.93277, -10.1349 ], [ -62.93222, -10.13393 ], [ -62.93286, -10.13378 ], [ -62.9327, -10.13291 ], [ -62.94195, -10.13343 ], [ -62.94425, -10.13174 ], [ -62.9453, -10.1326 ], [ -62.94682, -10.13203 ], [ -62.95149, -10.13295 ], [ -62.95223, -10.13224 ], [ -62.95277, -10.13255 ], [ -62.9527, -10.13165 ], [ -62.95536, -10.12897 ], [ -62.95548, -10.13039 ], [ -62.9583, -10.12894 ], [ -62.96015, -10.12503 ], [ -62.95983, -10.12296 ], [ -62.96136, -10.12027 ], [ -62.96063, -10.11835 ], [ -62.96188, -10.11847 ], [ -62.96209, -10.118 ], [ -62.96167, -10.11678 ], [ -62.96211, -10.11564 ], [ -62.96121, -10.11366 ], [ -62.96184, -10.11037 ], [ -62.96673, -10.11015 ], [ -62.96811, -10.1092 ], [ -62.96837, -10.10782 ], [ -62.96965, -10.10794 ], [ -62.96922, -10.10704 ], [ -62.97081, -10.10706 ], [ -62.97257, -10.10393 ], [ -62.97738, -10.10203 ], [ -62.98042, -10.09849 ], [ -62.98144, -10.09814 ], [ -62.98078, -10.09721 ], [ -62.98505, -10.09463 ], [ -62.98548, -10.09489 ], [ -62.986, -10.09375 ], [ -62.987, -10.09451 ], [ -62.98859, -10.09439 ], [ -62.99324, -10.09263 ], [ -62.99286, -10.09164 ], [ -62.99428, -10.09 ], [ -62.99507, -10.08815 ], [ -62.99476, -10.08758 ], [ -62.99509, -10.08708 ], [ -62.99583, -10.08751 ], [ -62.99542, -10.08653 ], [ -62.99587, -10.0849 ], [ -62.99658, -10.08492 ], [ -62.99734, -10.08302 ], [ -62.99867, -10.08188 ], [ -62.99756, -10.08157 ], [ -62.99853, -10.08022 ], [ -62.99979, -10.0801 ], [ -62.99991, -10.07827 ], [ -63.0014, -10.07697 ], [ -63.00138, -10.0726 ], [ -63.002, -10.07222 ], [ -63.00024, -10.07042 ], [ -63.00287, -10.06944 ], [ -63.0023, -10.06743 ], [ -63.00573, -10.06265 ], [ -63.00672, -10.06387 ], [ -63.00838, -10.06394 ], [ -63.00954, -10.06273 ], [ -63.01047, -10.06308 ], [ -63.01486, -10.06235 ], [ -63.01647, -10.06147 ], [ -63.01745, -10.06014 ], [ -63.01756, -10.05782 ], [ -63.0193, -10.05748 ], [ -63.01849, -10.05535 ], [ -63.01885, -10.05397 ], [ -63.02134, -10.05179 ], [ -63.02006, -10.04932 ], [ -63.01946, -10.04922 ], [ -63.02039, -10.04607 ], [ -63.02205, -10.04505 ], [ -63.02229, -10.044 ], [ -63.02347, -10.04498 ], [ -63.02495, -10.04476 ], [ -63.02585, -10.04377 ], [ -63.0268, -10.0454 ], [ -63.02701, -10.04322 ], [ -63.02893, -10.04329 ], [ -63.03048, -10.0408 ], [ -63.03123, -10.04073 ], [ -63.03083, -10.04182 ], [ -63.03211, -10.04073 ], [ -63.03608, -10.04146 ], [ -63.03736, -10.04066 ], [ -63.03904, -10.0412 ], [ -63.03947, -10.04016 ], [ -63.04002, -10.04161 ], [ -63.04374, -10.03964 ], [ -63.04685, -10.03902 ], [ -63.04766, -10.03733 ], [ -63.04809, -10.03693 ], [ -63.04856, -10.03736 ], [ -63.04892, -10.03579 ], [ -63.04939, -10.0361 ], [ -63.04915, -10.03717 ], [ -63.04975, -10.03688 ], [ -63.04977, -10.03574 ], [ -63.05141, -10.03461 ], [ -63.0515, -10.03271 ], [ -63.05257, -10.03159 ], [ -63.05279, -10.02889 ], [ -63.05404, -10.02791 ], [ -63.05536, -10.02817 ], [ -63.05553, -10.02752 ], [ -63.05411, -10.02586 ], [ -63.05486, -10.02413 ], [ -63.05685, -10.02348 ], [ -63.05802, -10.02237 ] ] } },
{ "type": "Feature", "properties": { "name": "Rio Jaciparaná" }, "geometry": { "type": "LineString", "coordinates": [ [ -64.42832, -9.44622 ], [ -64.42902, -9.44498 ], [ -64.42386, -9.4415 ], [ -64.41765, -9.43995 ], [ -64.4163, -9.43906 ], [ -64.41512, -9.43479 ], [ -64.41405, -9.43508 ], [ -64.41218, -9.4378 ], [ -64.41137, -9.43799 ], [ -64.41099, -9.4367 ], [ -64.41262, -9.43535 ], [ -64.41389, -9.4321 ], [ -64.41452, -9.43179 ], [ -64.41546, -9.43239 ], [ -64.41568, -9.43412 ], [ -64.41671, -9.43428 ], [ -64.41749, -9.43356 ], [ -64.41763, -9.43252 ], [ -64.41483, -9.42878 ], [ -64.41584, -9.42642 ], [ -64.41955, -9.42653 ], [ -64.42025, -9.42282 ], [ -64.42219, -9.42124 ], [ -64.42112, -9.41944 ], [ -64.42059, -9.41634 ], [ -64.42183, -9.41244 ], [ -64.42853, -9.40671 ], [ -64.433, -9.40492 ], [ -64.43305, -9.40428 ], [ -64.43186, -9.40222 ], [ -64.42645, -9.39647 ], [ -64.41156, -9.38941 ], [ -64.40458, -9.38996 ], [ -64.40368, -9.38835 ], [ -64.40355, -9.38593 ], [ -64.40418, -9.38042 ], [ -64.40585, -9.37608 ], [ -64.40864, -9.37301 ], [ -64.40837, -9.3722 ], [ -64.40743, -9.3718 ], [ -64.40012, -9.37314 ], [ -64.39356, -9.37241 ], [ -64.38891, -9.37111 ], [ -64.38759, -9.37001 ], [ -64.38704, -9.36779 ], [ -64.38973, -9.35969 ], [ -64.38931, -9.35418 ], [ -64.39199, -9.35013 ], [ -64.3956, -9.34626 ], [ -64.39678, -9.3461 ], [ -64.4001, -9.34786 ], [ -64.40635, -9.34962 ], [ -64.41029, -9.35145 ], [ -64.41294, -9.3538 ], [ -64.41313, -9.35739 ], [ -64.41406, -9.35831 ], [ -64.41528, -9.35805 ], [ -64.41799, -9.35508 ], [ -64.42005, -9.34807 ], [ -64.42059, -9.34251 ], [ -64.41974, -9.33849 ], [ -64.41688, -9.33313 ], [ -64.41329, -9.32886 ], [ -64.40688, -9.32465 ], [ -64.40684, -9.32275 ], [ -64.41058, -9.32111 ], [ -64.4132, -9.31791 ], [ -64.41466, -9.31728 ], [ -64.42171, -9.32051 ], [ -64.42507, -9.32062 ], [ -64.42586, -9.31981 ], [ -64.42134, -9.30545 ], [ -64.42002, -9.30361 ], [ -64.39847, -9.29668 ], [ -64.39686, -9.29495 ], [ -64.39643, -9.29259 ], [ -64.39853, -9.28778 ], [ -64.4003, -9.28634 ], [ -64.40608, -9.28775 ], [ -64.40757, -9.28681 ], [ -64.40781, -9.28573 ], [ -64.40654, -9.28382 ], [ -64.4046, -9.27826 ], [ -64.40069, -9.27236 ], [ -64.40111, -9.27047 ], [ -64.40357, -9.26841 ], [ -64.40351, -9.26662 ], [ -64.40272, -9.26572 ], [ -64.39979, -9.26553 ], [ -64.39903, -9.26379 ], [ -64.40034, -9.26165 ], [ -64.40003, -9.26084 ], [ -64.39661, -9.26017 ], [ -64.39398, -9.26231 ], [ -64.39324, -9.2637 ], [ -64.39198, -9.26312 ], [ -64.39083, -9.26102 ], [ -64.3889, -9.26106 ], [ -64.3871, -9.26025 ], [ -64.38698, -9.25874 ], [ -64.38845, -9.25572 ], [ -64.3866, -9.24929 ], [ -64.38693, -9.2455 ], [ -64.3882, -9.24091 ], [ -64.38971, -9.23906 ], [ -64.39194, -9.23871 ], [ -64.39189, -9.23786 ], [ -64.39037, -9.23652 ], [ -64.39054, -9.23451 ], [ -64.39204, -9.23297 ], [ -64.39185, -9.23216 ], [ -64.38935, -9.23235 ], [ -64.3866, -9.23116 ], [ -64.38561, -9.22956 ], [ -64.38474, -9.22565 ], [ -64.38514, -9.22442 ], [ -64.38838, -9.22373 ], [ -64.38962, -9.22234 ], [ -64.38964, -9.22055 ], [ -64.38705, -9.21836 ], [ -64.38409, -9.21797 ], [ -64.38029, -9.21545 ], [ -64.37941, -9.21198 ], [ -64.38057, -9.21056 ], [ -64.39096, -9.20768 ], [ -64.39263, -9.20382 ], [ -64.38695, -9.19795 ], [ -64.37557, -9.18793 ], [ -64.37653, -9.17416 ] ] } },
{ "type": "Feature", "properties": { "name": "Rio Jaci Paraná" }, "geometry": { "type": "LineString", "coordinates": [ [ -64.34684, -9.6412 ], [ -64.34189, -9.63082 ], [ -64.34243, -9.62965 ], [ -64.34322, -9.6299 ], [ -64.34366, -9.63159 ], [ -64.34558, -9.63426 ], [ -64.35003, -9.63581 ], [ -64.35194, -9.63561 ], [ -64.35341, -9.63153 ], [ -64.35284, -9.62851 ], [ -64.34839, -9.62002 ], [ -64.34853, -9.61921 ], [ -64.35245, -9.61925 ], [ -64.35572, -9.61788 ], [ -64.3585, -9.61577 ], [ -64.36948, -9.61776 ], [ -64.37239, -9.61906 ], [ -64.37492, -9.61678 ], [ -64.37611, -9.61065 ], [ -64.37382, -9.60621 ], [ -64.37195, -9.60503 ], [ -64.36953, -9.60661 ], [ -64.36599, -9.60694 ], [ -64.36085, -9.60105 ], [ -64.35612, -9.59858 ], [ -64.35984, -9.5958 ], [ -64.35967, -9.58812 ], [ -64.36038, -9.58635 ], [ -64.36158, -9.58542 ], [ -64.36254, -9.58577 ], [ -64.36682, -9.59216 ], [ -64.36957, -9.59756 ], [ -64.37139, -9.59702 ], [ -64.37938, -9.58816 ], [ -64.38184, -9.58665 ], [ -64.38122, -9.58536 ], [ -64.37694, -9.58433 ], [ -64.37547, -9.58029 ], [ -64.37743, -9.57801 ] ] } },
{ "type": "Feature", "properties": { "name": "Rio Jamari" }, "geometry": { "type": "LineString", "coordinates": [ [ -63.45418, -8.75091 ], [ -63.45714, -8.74924 ], [ -63.46191, -8.74793 ], [ -63.46583, -8.74342 ], [ -63.46972, -8.74078 ], [ -63.47321, -8.74093 ], [ -63.47437, -8.74177 ], [ -63.47526, -8.74369 ], [ -63.47493, -8.74464 ], [ -63.4725, -8.74636 ], [ -63.47222, -8.74823 ], [ -63.47294, -8.74986 ], [ -63.47696, -8.75326 ], [ -63.47957, -8.75416 ], [ -63.48626, -8.75133 ], [ -63.49655, -8.74228 ], [ -63.50156, -8.74231 ], [ -63.505, -8.74684 ], [ -63.50763, -8.74828 ], [ -63.51175, -8.74461 ], [ -63.51364, -8.7418 ], [ -63.51319, -8.73957 ], [ -63.51055, -8.73589 ], [ -63.50981, -8.72938 ], [ -63.50614, -8.72499 ], [ -63.50377, -8.72479 ], [ -63.50199, -8.72641 ], [ -63.50308, -8.73122 ], [ -63.50122, -8.73317 ], [ -63.49417, -8.73229 ], [ -63.4922, -8.73176 ], [ -63.49014, -8.72941 ], [ -63.48819, -8.72375 ], [ -63.48203, -8.72137 ], [ -63.47828, -8.71831 ], [ -63.47253, -8.71169 ], [ -63.46594, -8.71101 ], [ -63.46133, -8.71254 ], [ -63.45629, -8.71565 ], [ -63.45446, -8.71557 ], [ -63.45326, -8.71458 ], [ -63.45277, -8.71192 ], [ -63.45326, -8.70945 ], [ -63.4552, -8.70767 ], [ -63.45655, -8.7049 ], [ -63.46096, -8.70212 ], [ -63.46302, -8.70244 ], [ -63.46517, -8.70521 ], [ -63.46849, -8.70744 ], [ -63.47439, -8.70651 ], [ -63.47699, -8.71039 ], [ -63.47834, -8.71025 ], [ -63.479, -8.70948 ], [ -63.47828, -8.70549 ], [ -63.48049, -8.70294 ], [ -63.48278, -8.70374 ], [ -63.4841, -8.70173 ], [ -63.48483, -8.69729 ], [ -63.48443, -8.69206 ], [ -63.48256, -8.69035 ], [ -63.47351, -8.6937 ], [ -63.46788, -8.69977 ], [ -63.46526, -8.6998 ], [ -63.46327, -8.69794 ], [ -63.46031, -8.68957 ], [ -63.45956, -8.68526 ], [ -63.46192, -8.6831 ], [ -63.46954, -8.67959 ], [ -63.4727, -8.67576 ], [ -63.47691, -8.67535 ], [ -63.48345, -8.67924 ], [ -63.49409, -8.68055 ], [ -63.49592, -8.68044 ], [ -63.49941, -8.67809 ], [ -63.50019, -8.67612 ], [ -63.50011, -8.67384 ], [ -63.49833, -8.67061 ], [ -63.4944, -8.6659 ], [ -63.49301, -8.65593 ], [ -63.49661, -8.65017 ], [ -63.49905, -8.64288 ], [ -63.50182, -8.63776 ], [ -63.50401, -8.63746 ], [ -63.51005, -8.64305 ], [ -63.51247, -8.64798 ], [ -63.51828, -8.65097 ], [ -63.522, -8.65467 ], [ -63.52399, -8.65565 ], [ -63.52812, -8.65398 ], [ -63.53209, -8.65447 ], [ -63.53283, -8.65319 ], [ -63.53328, -8.65028 ], [ -63.53254, -8.64753 ], [ -63.52972, -8.64444 ] ] } },
{ "type": "Feature", "properties": { "name": "Rio Jiparaná" }, "geometry": { "type": "LineString", "coordinates": [ [ -62.39488, -8.64296 ], [ -62.40888, -8.61138 ], [ -62.43461, -8.581 ], [ -62.45761, -8.57193 ], [ -62.46326, -8.56401 ], [ -62.46447, -8.53438 ], [ -62.48823, -8.50307 ], [ -62.49789, -8.47696 ], [ -62.50634, -8.47072 ], [ -62.51665, -8.46659 ], [ -62.54117, -8.46668 ], [ -62.55695, -8.46286 ], [ -62.57341, -8.4643 ], [ -62.58062, -8.46023 ], [ -62.59296, -8.43979 ], [ -62.61611, -8.4308 ], [ -62.63086, -8.41426 ], [ -62.64518, -8.41299 ], [ -62.67099, -8.38763 ], [ -62.67468, -8.37346 ], [ -62.68497, -8.36243 ], [ -62.69054, -8.358 ], [ -62.69493, -8.34395 ], [ -62.69788, -8.33743 ], [ -62.70481, -8.3354 ], [ -62.71125, -8.33852 ], [ -62.72189, -8.34076 ], [ -62.73101, -8.33716 ], [ -62.73485, -8.33085 ], [ -62.73451, -8.31856 ], [ -62.72737, -8.30221 ], [ -62.72717, -8.29074 ], [ -62.73204, -8.28212 ], [ -62.74445, -8.27431 ], [ -62.75097, -8.27356 ], [ -62.7592, -8.28103 ], [ -62.76393, -8.28313 ], [ -62.76867, -8.28184 ], [ -62.77175, -8.27784 ], [ -62.77184, -8.26917 ], [ -62.76893, -8.23845 ], [ -62.77485, -8.21998 ], [ -62.77386, -8.20722 ], [ -62.77524, -8.20016 ], [ -62.78374, -8.18908 ], [ -62.78528, -8.18348 ], [ -62.7826, -8.17612 ], [ -62.78222, -8.17293 ], [ -62.78264, -8.17001 ], [ -62.78489, -8.16458 ], [ -62.79102, -8.16038 ], [ -62.79523, -8.1603 ], [ -62.80541, -8.16638 ], [ -62.80794, -8.16251 ], [ -62.80932, -8.15042 ], [ -62.81206, -8.14492 ], [ -62.8207, -8.13888 ], [ -62.82482, -8.13179 ] ] } },
{ "type": "Feature", "properties": { "name": "Miriti River" }, "geometry": { "type": "LineString", "coordinates": [ [ -62.96873, -8.51458 ], [ -62.97116, -8.51744 ], [ -62.97167, -8.51982 ], [ -62.9754, -8.52022 ], [ -62.97598, -8.51933 ], [ -62.97583, -8.51653 ], [ -62.97807, -8.51734 ], [ -62.98085, -8.51439 ], [ -62.98255, -8.5111 ], [ -62.9835, -8.51058 ], [ -62.98244, -8.50828 ], [ -62.98279, -8.50749 ], [ -62.98662, -8.50613 ], [ -62.98733, -8.50522 ], [ -62.98723, -8.50386 ], [ -62.98643, -8.50403 ], [ -62.98472, -8.50202 ], [ -62.98594, -8.49765 ], [ -62.98527, -8.49707 ], [ -62.98364, -8.49709 ], [ -62.98573, -8.49416 ], [ -62.98512, -8.49274 ], [ -62.98592, -8.49088 ], [ -62.98266, -8.49016 ], [ -62.98376, -8.48707 ], [ -62.98151, -8.48601 ], [ -62.98122, -8.48508 ], [ -62.98099, -8.48267 ], [ -62.98456, -8.48235 ], [ -62.98445, -8.48043 ], [ -62.98402, -8.48011 ], [ -62.98364, -8.48098 ], [ -62.98305, -8.48011 ], [ -62.98163, -8.47994 ], [ -62.98096, -8.47719 ], [ -62.97871, -8.47656 ], [ -62.97986, -8.47315 ], [ -62.97806, -8.47174 ], [ -62.97869, -8.46992 ], [ -62.97992, -8.46884 ], [ -62.97982, -8.46495 ], [ -62.978, -8.46476 ], [ -62.97704, -8.46262 ], [ -62.97906, -8.46084 ], [ -62.97904, -8.45884 ], [ -62.98096, -8.45808 ], [ -62.98157, -8.45623 ], [ -62.98328, -8.45509 ], [ -62.98272, -8.45391 ], [ -62.98007, -8.45309 ], [ -62.98289, -8.45078 ], [ -62.98257, -8.44885 ], [ -62.98147, -8.44725 ], [ -62.98295, -8.44651 ], [ -62.98326, -8.44841 ], [ -62.98456, -8.44835 ], [ -62.985, -8.44649 ], [ -62.9842, -8.44406 ], [ -62.98761, -8.44268 ], [ -62.98867, -8.44057 ], [ -62.99168, -8.44192 ], [ -62.99427, -8.4411 ], [ -62.99419, -8.43697 ], [ -62.9962, -8.43763 ], [ -62.99743, -8.44006 ], [ -62.99906, -8.4393 ], [ -62.99991, -8.43737 ], [ -63.00092, -8.43907 ], [ -63.00414, -8.44052 ], [ -63.00405, -8.43555 ], [ -63.00648, -8.43114 ], [ -63.00518, -8.43076 ], [ -63.00378, -8.43164 ], [ -63.00225, -8.4316 ], [ -63.00236, -8.43033 ], [ -63.00518, -8.42894 ], [ -63.00491, -8.42686 ], [ -63.0043, -8.42672 ], [ -63.00303, -8.4282 ], [ -63.00213, -8.42689 ], [ -63.00117, -8.42703 ], [ -63.00161, -8.42538 ], [ -63.00125, -8.42312 ], [ -62.99931, -8.42263 ], [ -62.99833, -8.4208 ], [ -62.99879, -8.4205 ], [ -63.00081, -8.42158 ], [ -63.00363, -8.42149 ], [ -63.00701, -8.42051 ], [ -63.0089, -8.41864 ], [ -63.01101, -8.41887 ], [ -63.01089, -8.41736 ], [ -63.00888, -8.41671 ], [ -63.00904, -8.41585 ], [ -63.01045, -8.41562 ], [ -63.01134, -8.41458 ], [ -63.01266, -8.41604 ], [ -63.01335, -8.41602 ], [ -63.01306, -8.41126 ], [ -63.0168, -8.41024 ], [ -63.0184, -8.4086 ], [ -63.01907, -8.40663 ], [ -63.01765, -8.40266 ], [ -63.02568, -8.39432 ], [ -63.02306, -8.39037 ], [ -63.02549, -8.38823 ], [ -63.02589, -8.38716 ], [ -63.02409, -8.38686 ], [ -63.02377, -8.38555 ], [ -63.0224, -8.38468 ], [ -63.02014, -8.3876 ], [ -63.02112, -8.38927 ], [ -63.02018, -8.38959 ], [ -63.01755, -8.38614 ], [ -63.01934, -8.3813 ], [ -63.01642, -8.3812 ], [ -63.01375, -8.37927 ], [ -63.01174, -8.37955 ], [ -63.01105, -8.37906 ], [ -63.01153, -8.37756 ], [ -63.01671, -8.37625 ], [ -63.01467, -8.3732 ], [ -63.01561, -8.37071 ], [ -63.01517, -8.3686 ], [ -63.01349, -8.36798 ], [ -63.0109, -8.36879 ], [ -63.01042, -8.36821 ], [ -63.01122, -8.366 ], [ -63.01345, -8.36621 ], [ -63.01406, -8.36331 ], [ -63.01558, -8.36276 ], [ -63.01384, -8.35934 ], [ -63.01203, -8.35785 ], [ -63.01078, -8.34962 ], [ -63.01126, -8.34707 ], [ -63.00962, -8.34549 ], [ -63.00898, -8.34087 ], [ -63.00275, -8.33996 ], [ -63.00226, -8.33789 ], [ -63.0028, -8.33729 ] ] } },
{ "type": "Feature", "properties": { "name": "Rio Branco" }, "geometry": { "type": "LineString", "coordinates": [ [ -64.31893, -9.44596 ], [ -64.31738, -9.44223 ], [ -64.31964, -9.44141 ], [ -64.32173, -9.44178 ], [ -64.32241, -9.44255 ], [ -64.32325, -9.44965 ], [ -64.3225, -9.45197 ], [ -64.32519, -9.45338 ], [ -64.32792, -9.45145 ], [ -64.32937, -9.44118 ], [ -64.32847, -9.43782 ], [ -64.33151, -9.43412 ], [ -64.33172, -9.43198 ], [ -64.33478, -9.43302 ], [ -64.33555, -9.43393 ], [ -64.33585, -9.43478 ], [ -64.33472, -9.4377 ], [ -64.33666, -9.44299 ], [ -64.3427, -9.44087 ], [ -64.3448, -9.43711 ], [ -64.3407, -9.43389 ], [ -64.33857, -9.43055 ], [ -64.33775, -9.42823 ], [ -64.33877, -9.42671 ], [ -64.34331, -9.4238 ], [ -64.34582, -9.42312 ], [ -64.34582, -9.42204 ], [ -64.34441, -9.42078 ], [ -64.34828, -9.41769 ], [ -64.35217, -9.41638 ], [ -64.35469, -9.41638 ], [ -64.35526, -9.41439 ], [ -64.35677, -9.41393 ], [ -64.35736, -9.4117 ], [ -64.36101, -9.40841 ], [ -64.36543, -9.40609 ], [ -64.36857, -9.40833 ], [ -64.37145, -9.40733 ], [ -64.3718, -9.4037 ], [ -64.36712, -9.39726 ], [ -64.37111, -9.39694 ], [ -64.37224, -9.39611 ], [ -64.37358, -9.3928 ], [ -64.37546, -9.39217 ], [ -64.3767, -9.39206 ], [ -64.37899, -9.3933 ], [ -64.38085, -9.3903 ], [ -64.38139, -9.38815 ], [ -64.38024, -9.38497 ], [ -64.38354, -9.38265 ], [ -64.38739, -9.38214 ], [ -64.39471, -9.3832 ], [ -64.39645, -9.38264 ], [ -64.39807, -9.38044 ], [ -64.39802, -9.37869 ], [ -64.39992, -9.37968 ], [ -64.4003, -9.37811 ], [ -64.40194, -9.37833 ], [ -64.40048, -9.37572 ], [ -64.39865, -9.37576 ], [ -64.39882, -9.37299 ] ] } },
{ "type": "Feature", "properties": { "name": "Rio São Fransisco" }, "geometry": { "type": "LineString", "coordinates": [ [ -64.45336, -9.30655 ], [ -64.45078, -9.30613 ], [ -64.45104, -9.30756 ], [ -64.45039, -9.30815 ], [ -64.44673, -9.30707 ], [ -64.44536, -9.3079 ], [ -64.44379, -9.3074 ], [ -64.43938, -9.31027 ], [ -64.43933, -9.3078 ], [ -64.43749, -9.30503 ], [ -64.43564, -9.30765 ], [ -64.43492, -9.30597 ], [ -64.43369, -9.30537 ], [ -64.43206, -9.30612 ], [ -64.43278, -9.30736 ], [ -64.43174, -9.30741 ], [ -64.43013, -9.30472 ], [ -64.42722, -9.30642 ], [ -64.42445, -9.30682 ], [ -64.42323, -9.30614 ], [ -64.42367, -9.30395 ], [ -64.42202, -9.30121 ], [ -64.41778, -9.29973 ], [ -64.41831, -9.30153 ], [ -64.41736, -9.30246 ] ] } },
{ "type": "Feature", "properties": { "name": "Rio Caracol" }, "geometry": { "type": "LineString", "coordinates": [ [ -64.29876, -9.27234 ], [ -64.30034, -9.2731 ], [ -64.30378, -9.27286 ], [ -64.30563, -9.27443 ], [ -64.30798, -9.27386 ], [ -64.30814, -9.27451 ], [ -64.30659, -9.27694 ], [ -64.30779, -9.27784 ], [ -64.30889, -9.27704 ], [ -64.31138, -9.27675 ], [ -64.31159, -9.27546 ], [ -64.31044, -9.27465 ], [ -64.31138, -9.27405 ], [ -64.3147, -9.27532 ], [ -64.31528, -9.27503 ], [ -64.3146, -9.27238 ], [ -64.31748, -9.27419 ], [ -64.31868, -9.27414 ], [ -64.31697, -9.27085 ], [ -64.31846, -9.27118 ], [ -64.32031, -9.27052 ], [ -64.32098, -9.26809 ], [ -64.3216, -9.26908 ], [ -64.32564, -9.27135 ], [ -64.3239, -9.26813 ], [ -64.3241, -9.26562 ], [ -64.32717, -9.26738 ], [ -64.32659, -9.26804 ], [ -64.32703, -9.26866 ], [ -64.32885, -9.26667 ], [ -64.33397, -9.26448 ], [ -64.33434, -9.2613 ], [ -64.33662, -9.25918 ], [ -64.33565, -9.25383 ], [ -64.33672, -9.25307 ], [ -64.34041, -9.25535 ], [ -64.3441, -9.25326 ], [ -64.34324, -9.25099 ], [ -64.34371, -9.24716 ], [ -64.3428, -9.24668 ], [ -64.34113, -9.24938 ], [ -64.33921, -9.24626 ], [ -64.34046, -9.24218 ], [ -64.33905, -9.2415 ], [ -64.33705, -9.24218 ], [ -64.33441, -9.241 ], [ -64.33278, -9.23915 ], [ -64.33182, -9.23934 ], [ -64.32932, -9.24279 ], [ -64.32928, -9.23702 ], [ -64.32818, -9.23702 ], [ -64.32879, -9.24034 ], [ -64.32684, -9.24252 ], [ -64.32269, -9.24373 ], [ -64.32065, -9.24178 ], [ -64.32179, -9.23944 ], [ -64.32338, -9.24008 ], [ -64.32463, -9.238 ], [ -64.32241, -9.23797 ], [ -64.32185, -9.23597 ], [ -64.32189, -9.23336 ], [ -64.32428, -9.23234 ], [ -64.32443, -9.22915 ], [ -64.32535, -9.22727 ], [ -64.32232, -9.22537 ], [ -64.32142, -9.22211 ], [ -64.32171, -9.22158 ], [ -64.32318, -9.22296 ], [ -64.32535, -9.22225 ], [ -64.32631, -9.22016 ], [ -64.32549, -9.21789 ], [ -64.32342, -9.2178 ], [ -64.32411, -9.2163 ], [ -64.32352, -9.2151 ], [ -64.32506, -9.21439 ], [ -64.32607, -9.21533 ], [ -64.3275, -9.21302 ], [ -64.33086, -9.21392 ], [ -64.33428, -9.21302 ], [ -64.33417, -9.21139 ], [ -64.33527, -9.21176 ], [ -64.33769, -9.2105 ], [ -64.3387, -9.2093 ], [ -64.33863, -9.20827 ], [ -64.33721, -9.20524 ], [ -64.3414, -9.20509 ], [ -64.34242, -9.20378 ], [ -64.34292, -9.20131 ], [ -64.34393, -9.20059 ], [ -64.3436, -9.19992 ], [ -64.34429, -9.19957 ], [ -64.3456, -9.19954 ], [ -64.34672, -9.2003 ], [ -64.34964, -9.20405 ], [ -64.35413, -9.20375 ], [ -64.35396, -9.20287 ], [ -64.35253, -9.20291 ], [ -64.35082, -9.20019 ], [ -64.35444, -9.20065 ], [ -64.3538, -9.19949 ], [ -64.35467, -9.19868 ], [ -64.35583, -9.19952 ], [ -64.35669, -9.1988 ], [ -64.35729, -9.19969 ], [ -64.35856, -9.19867 ], [ -64.35887, -9.19943 ], [ -64.36158, -9.19993 ], [ -64.36261, -9.20096 ], [ -64.36357, -9.20023 ], [ -64.3635, -9.20116 ], [ -64.36554, -9.20096 ], [ -64.36663, -9.20216 ], [ -64.36722, -9.20134 ], [ -64.36783, -9.20172 ], [ -64.36954, -9.2007 ], [ -64.37209, -9.20188 ], [ -64.37354, -9.19871 ], [ -64.37514, -9.19691 ], [ -64.37557, -9.18793 ] ] } },
{ "type": "Feature", "properties": { "name": "Rio Palha" }, "geometry": { "type": "LineString", "coordinates": [ [ -61.91306, -11.58497 ], [ -61.91354, -11.58285 ], [ -61.91232, -11.58259 ], [ -61.91236, -11.58166 ], [ -61.90878, -11.57948 ], [ -61.90906, -11.57884 ], [ -61.9082, -11.57903 ], [ -61.908, -11.5782 ], [ -61.90689, -11.57824 ], [ -61.90463, -11.57519 ], [ -61.90448, -11.57322 ], [ -61.90274, -11.57292 ], [ -61.90166, -11.57036 ], [ -61.90102, -11.56983 ], [ -61.8994, -11.56995 ], [ -61.90001, -11.56839 ], [ -61.9018, -11.56702 ], [ -61.9014, -11.56605 ], [ -61.89807, -11.56573 ], [ -61.89643, -11.56296 ], [ -61.89407, -11.56183 ], [ -61.89334, -11.56214 ], [ -61.89322, -11.561 ], [ -61.89251, -11.5611 ], [ -61.89287, -11.56027 ], [ -61.89076, -11.55817 ], [ -61.88877, -11.55749 ], [ -61.88638, -11.55841 ], [ -61.88551, -11.55811 ], [ -61.88585, -11.55353 ], [ -61.88488, -11.55231 ], [ -61.88246, -11.55183 ], [ -61.88141, -11.54835 ], [ -61.87872, -11.54593 ], [ -61.87834, -11.54466 ], [ -61.87456, -11.54485 ], [ -61.87358, -11.54402 ], [ -61.87339, -11.54203 ], [ -61.86973, -11.54046 ], [ -61.87008, -11.53925 ], [ -61.86901, -11.53823 ], [ -61.86998, -11.53808 ], [ -61.86943, -11.5371 ], [ -61.86878, -11.53716 ], [ -61.869, -11.53619 ], [ -61.86812, -11.5359 ], [ -61.86863, -11.53503 ], [ -61.86783, -11.53499 ], [ -61.86797, -11.53419 ], [ -61.86648, -11.53393 ], [ -61.86702, -11.53284 ], [ -61.87012, -11.53229 ], [ -61.87053, -11.53122 ], [ -61.86938, -11.52965 ], [ -61.86914, -11.52815 ], [ -61.87186, -11.52517 ], [ -61.87087, -11.52461 ], [ -61.86399, -11.52414 ], [ -61.86262, -11.52168 ], [ -61.86083, -11.52045 ], [ -61.86081, -11.51971 ], [ -61.85936, -11.5191 ], [ -61.8592, -11.51715 ], [ -61.86063, -11.51408 ], [ -61.86041, -11.51307 ], [ -61.85702, -11.51339 ], [ -61.8553, -11.51499 ], [ -61.85482, -11.51416 ], [ -61.85274, -11.51414 ], [ -61.85106, -11.51325 ], [ -61.84933, -11.50968 ], [ -61.8496, -11.50701 ], [ -61.84895, -11.50638 ], [ -61.85065, -11.5044 ], [ -61.84944, -11.50127 ], [ -61.84714, -11.50137 ], [ -61.84408, -11.50037 ], [ -61.83932, -11.50137 ], [ -61.83822, -11.50108 ], [ -61.8356, -11.4981 ], [ -61.83205, -11.4988 ], [ -61.82742, -11.49717 ], [ -61.82796, -11.49525 ], [ -61.82659, -11.49426 ], [ -61.82747, -11.49178 ], [ -61.82662, -11.48854 ], [ -61.82781, -11.4867 ], [ -61.82695, -11.48508 ], [ -61.82965, -11.48224 ], [ -61.82984, -11.48125 ], [ -61.83175, -11.47983 ], [ -61.83173, -11.47793 ], [ -61.8264, -11.475 ], [ -61.82238, -11.47411 ], [ -61.82192, -11.47456 ], [ -61.82107, -11.47394 ], [ -61.82116, -11.47188 ], [ -61.82018, -11.47122 ], [ -61.81888, -11.4683 ], [ -61.82102, -11.46619 ], [ -61.82625, -11.46382 ], [ -61.82228, -11.46096 ], [ -61.82122, -11.45832 ], [ -61.82001, -11.45757 ], [ -61.8192, -11.45601 ], [ -61.82014, -11.45556 ], [ -61.81904, -11.45456 ], [ -61.81977, -11.45368 ], [ -61.81874, -11.45336 ], [ -61.81934, -11.45294 ], [ -61.81905, -11.45233 ], [ -61.82003, -11.45231 ], [ -61.81979, -11.45167 ], [ -61.82071, -11.4506 ], [ -61.8242, -11.44808 ], [ -61.82365, -11.44657 ], [ -61.82151, -11.44482 ], [ -61.82152, -11.44311 ], [ -61.82302, -11.44224 ], [ -61.82701, -11.44207 ], [ -61.82791, -11.44081 ], [ -61.82678, -11.43817 ], [ -61.82708, -11.43677 ], [ -61.82807, -11.436 ], [ -61.82912, -11.43657 ], [ -61.83033, -11.43509 ], [ -61.82883, -11.43006 ], [ -61.82987, -11.42857 ], [ -61.82964, -11.42765 ], [ -61.8288, -11.42755 ], [ -61.82982, -11.42504 ], [ -61.83063, -11.425 ], [ -61.82911, -11.42342 ], [ -61.82982, -11.42283 ], [ -61.8281, -11.41687 ], [ -61.82856, -11.4162 ], [ -61.83095, -11.41605 ], [ -61.83146, -11.41538 ], [ -61.83315, -11.41165 ], [ -61.83159, -11.40927 ], [ -61.83196, -11.40839 ], [ -61.83298, -11.40811 ], [ -61.83297, -11.40689 ], [ -61.83503, -11.40554 ], [ -61.83448, -11.40266 ], [ -61.83616, -11.40169 ], [ -61.83606, -11.40083 ], [ -61.83698, -11.40073 ], [ -61.83715, -11.39934 ], [ -61.83775, -11.39885 ], [ -61.84149, -11.3997 ], [ -61.84312, -11.3986 ], [ -61.84439, -11.39589 ], [ -61.84316, -11.39446 ], [ -61.84406, -11.39355 ], [ -61.84339, -11.39301 ], [ -61.84421, -11.39264 ], [ -61.84384, -11.39128 ], [ -61.84827, -11.38979 ], [ -61.85102, -11.39261 ], [ -61.85181, -11.39227 ], [ -61.85205, -11.39091 ], [ -61.8541, -11.39239 ], [ -61.85589, -11.39269 ], [ -61.85913, -11.38868 ], [ -61.8579, -11.3877 ], [ -61.85802, -11.38687 ], [ -61.85917, -11.38566 ], [ -61.86185, -11.38611 ], [ -61.86398, -11.38198 ], [ -61.86342, -11.38195 ], [ -61.86347, -11.38087 ], [ -61.86776, -11.37905 ], [ -61.86952, -11.37985 ], [ -61.87107, -11.38186 ], [ -61.87186, -11.3818 ], [ -61.87195, -11.38127 ], [ -61.87045, -11.38011 ], [ -61.8716, -11.37811 ], [ -61.87296, -11.37671 ], [ -61.87371, -11.37693 ], [ -61.87429, -11.37591 ], [ -61.87366, -11.37454 ], [ -61.87242, -11.37382 ], [ -61.87276, -11.37304 ], [ -61.87673, -11.37107 ], [ -61.87422, -11.3682 ], [ -61.87464, -11.36592 ], [ -61.87788, -11.36452 ], [ -61.88282, -11.36448 ], [ -61.88467, -11.36517 ], [ -61.88563, -11.36689 ], [ -61.88731, -11.36689 ], [ -61.88786, -11.36616 ], [ -61.88719, -11.36457 ], [ -61.88756, -11.36376 ], [ -61.89245, -11.35617 ], [ -61.89626, -11.35571 ], [ -61.89688, -11.35452 ], [ -61.89835, -11.35417 ], [ -61.89793, -11.35319 ], [ -61.90068, -11.35049 ], [ -61.90122, -11.34876 ], [ -61.90295, -11.35031 ], [ -61.90579, -11.34779 ], [ -61.90703, -11.34763 ], [ -61.90819, -11.34842 ], [ -61.90915, -11.34729 ], [ -61.90855, -11.34684 ], [ -61.9088, -11.34619 ], [ -61.90942, -11.34613 ], [ -61.9096, -11.34677 ], [ -61.91033, -11.3464 ], [ -61.91001, -11.34349 ], [ -61.91339, -11.34064 ], [ -61.91454, -11.34091 ], [ -61.91554, -11.33869 ], [ -61.91723, -11.34019 ], [ -61.91842, -11.33967 ], [ -61.91788, -11.33509 ], [ -61.91933, -11.3321 ], [ -61.91849, -11.3317 ], [ -61.91926, -11.33083 ], [ -61.9186, -11.33009 ], [ -61.9191, -11.32898 ], [ -61.92106, -11.32837 ], [ -61.92423, -11.32987 ], [ -61.92663, -11.32767 ], [ -61.92708, -11.32838 ], [ -61.92773, -11.32818 ], [ -61.92773, -11.32741 ], [ -61.92875, -11.32826 ], [ -61.9308, -11.32818 ], [ -61.93165, -11.32737 ], [ -61.93124, -11.32302 ], [ -61.93209, -11.32306 ], [ -61.9322, -11.32188 ], [ -61.93138, -11.32134 ], [ -61.93141, -11.31892 ], [ -61.92993, -11.3204 ], [ -61.92908, -11.32024 ], [ -61.92649, -11.3173 ], [ -61.92724, -11.31592 ], [ -61.92583, -11.31596 ], [ -61.92541, -11.31534 ], [ -61.92584, -11.31106 ], [ -61.92704, -11.3098 ], [ -61.92595, -11.30952 ], [ -61.92594, -11.30823 ], [ -61.92814, -11.30764 ], [ -61.92824, -11.30548 ], [ -61.92716, -11.3044 ], [ -61.92957, -11.30238 ], [ -61.93001, -11.30116 ], [ -61.92963, -11.29904 ], [ -61.92853, -11.29804 ] ] } },
{ "type": "Feature", "properties": { "name": "Rio Branco" }, "geometry": { "type": "LineString", "coordinates": [ [ -64.05743, -9.99341 ], [ -64.06023, -9.99271 ], [ -64.06103, -9.99166 ], [ -64.06478, -9.99137 ], [ -64.06601, -9.98978 ], [ -64.07109, -9.99068 ], [ -64.07129, -9.98988 ], [ -64.07293, -9.99003 ], [ -64.0758, -9.9884 ], [ -64.07742, -9.98793 ], [ -64.07942, -9.98856 ], [ -64.08203, -9.98738 ], [ -64.08253, -9.98455 ], [ -64.08117, -9.98417 ], [ -64.08225, -9.98316 ], [ -64.08224, -9.98205 ], [ -64.08043, -9.98114 ], [ -64.08218, -9.97913 ], [ -64.08342, -9.97969 ], [ -64.08471, -9.97941 ], [ -64.08725, -9.97377 ], [ -64.08833, -9.97396 ], [ -64.08863, -9.97323 ], [ -64.08637, -9.96842 ], [ -64.08714, -9.96635 ], [ -64.08589, -9.96603 ], [ -64.08599, -9.96421 ], [ -64.08711, -9.96214 ], [ -64.08739, -9.95822 ], [ -64.08843, -9.95735 ], [ -64.0879, -9.95677 ], [ -64.08849, -9.95579 ], [ -64.08737, -9.95527 ], [ -64.08458, -9.95042 ], [ -64.08577, -9.94402 ], [ -64.08458, -9.94298 ], [ -64.0855, -9.94177 ], [ -64.08457, -9.9397 ], [ -64.08482, -9.93788 ], [ -64.084, -9.93701 ], [ -64.08274, -9.9378 ], [ -64.08206, -9.93461 ], [ -64.08103, -9.93358 ], [ -64.08222, -9.92976 ], [ -64.08073, -9.9279 ], [ -64.08086, -9.92589 ], [ -64.08177, -9.92419 ], [ -64.0803, -9.92208 ], [ -64.08091, -9.91987 ], [ -64.07887, -9.91206 ], [ -64.08132, -9.90669 ], [ -64.08096, -9.9058 ], [ -64.0801, -9.90601 ], [ -64.07942, -9.9028 ], [ -64.07885, -9.90321 ], [ -64.07845, -9.90261 ], [ -64.07975, -9.90025 ], [ -64.07927, -9.89725 ], [ -64.08041, -9.89408 ], [ -64.08037, -9.89167 ], [ -64.08093, -9.89162 ], [ -64.08129, -9.89024 ], [ -64.07998, -9.88676 ], [ -64.08088, -9.8831 ], [ -64.08021, -9.87905 ], [ -64.08032, -9.87767 ], [ -64.0809, -9.87741 ], [ -64.08022, -9.87595 ], [ -64.08099, -9.87465 ], [ -64.08073, -9.87172 ], [ -64.07965, -9.87058 ], [ -64.0794, -9.86738 ], [ -64.08306, -9.86425 ], [ -64.08306, -9.85866 ], [ -64.08157, -9.85818 ], [ -64.08305, -9.85586 ], [ -64.08306, -9.85396 ], [ -64.08368, -9.85437 ], [ -64.08364, -9.8535 ], [ -64.08458, -9.85326 ], [ -64.08426, -9.8515 ], [ -64.08471, -9.85054 ], [ -64.08361, -9.84923 ], [ -64.08437, -9.84877 ], [ -64.08383, -9.84776 ], [ -64.08471, -9.84596 ], [ -64.08415, -9.84279 ], [ -64.08306, -9.84187 ], [ -64.08278, -9.84058 ], [ -64.08148, -9.84045 ], [ -64.08108, -9.83896 ], [ -64.08437, -9.8365 ], [ -64.08555, -9.83668 ], [ -64.08597, -9.83233 ], [ -64.08329, -9.82977 ], [ -64.08451, -9.82717 ], [ -64.08432, -9.82586 ], [ -64.08503, -9.82567 ], [ -64.0835, -9.82364 ], [ -64.08451, -9.82355 ], [ -64.08458, -9.82275 ], [ -64.08316, -9.82036 ], [ -64.08215, -9.82116 ], [ -64.08037, -9.82072 ], [ -64.08009, -9.81854 ], [ -64.07874, -9.81865 ], [ -64.07698, -9.81704 ], [ -64.07604, -9.81795 ], [ -64.07365, -9.81334 ], [ -64.07295, -9.80939 ], [ -64.07147, -9.80865 ], [ -64.07155, -9.80736 ], [ -64.07005, -9.8075 ], [ -64.06998, -9.80581 ], [ -64.06885, -9.80657 ], [ -64.06674, -9.80378 ], [ -64.06662, -9.80319 ], [ -64.06741, -9.80272 ], [ -64.06687, -9.79993 ], [ -64.06438, -9.79867 ], [ -64.0629, -9.79606 ], [ -64.0625, -9.79192 ], [ -64.0611, -9.78833 ], [ -64.06031, -9.78788 ], [ -64.06056, -9.78697 ], [ -64.05825, -9.78486 ], [ -64.05702, -9.7845 ], [ -64.05636, -9.78147 ], [ -64.05758, -9.77644 ], [ -64.05642, -9.77589 ], [ -64.05391, -9.77249 ], [ -64.05344, -9.76919 ], [ -64.05117, -9.76893 ], [ -64.04988, -9.77029 ], [ -64.04988, -9.76836 ], [ -64.0475, -9.76585 ], [ -64.0476, -9.76409 ], [ -64.04608, -9.76396 ], [ -64.04623, -9.76259 ], [ -64.04449, -9.75861 ], [ -64.04275, -9.75603 ], [ -64.04087, -9.75557 ], [ -64.04209, -9.75458 ], [ -64.04005, -9.75269 ], [ -64.04108, -9.75024 ], [ -64.04044, -9.74908 ], [ -64.0411, -9.74559 ], [ -64.0399, -9.74326 ], [ -64.03791, -9.74146 ], [ -64.03374, -9.74011 ], [ -64.03346, -9.7392 ], [ -64.03228, -9.74036 ], [ -64.03211, -9.73907 ], [ -64.03108, -9.73795 ], [ -64.03233, -9.73764 ], [ -64.03226, -9.73626 ], [ -64.03102, -9.73687 ], [ -64.03057, -9.73548 ], [ -64.02887, -9.73573 ], [ -64.0258, -9.73366 ], [ -64.02544, -9.73184 ], [ -64.02602, -9.73114 ], [ -64.02531, -9.7307 ], [ -64.02591, -9.72958 ], [ -64.02492, -9.72884 ], [ -64.02535, -9.72795 ], [ -64.02437, -9.72767 ], [ -64.02355, -9.72863 ], [ -64.02209, -9.72732 ], [ -64.02095, -9.72328 ], [ -64.02037, -9.72448 ], [ -64.0196, -9.7237 ], [ -64.01797, -9.72412 ], [ -64.01814, -9.72218 ], [ -64.01589, -9.71996 ], [ -64.01533, -9.71731 ], [ -64.01282, -9.71659 ], [ -64.01164, -9.71547 ], [ -64.01231, -9.71494 ], [ -64.0113, -9.71334 ], [ -64.01123, -9.71128 ], [ -64.01179, -9.71092 ], [ -64.01119, -9.70963 ], [ -64.00742, -9.70675 ] ] } },
{ "type": "Feature", "properties": { "name": "Rio Jaci Paraná" }, "geometry": { "type": "LineString", "coordinates": [ [ -64.31067, -9.7613 ], [ -64.3134, -9.76537 ], [ -64.31541, -9.76633 ], [ -64.31749, -9.76527 ], [ -64.3197, -9.76073 ], [ -64.31873, -9.75711 ], [ -64.3161, -9.75541 ], [ -64.31444, -9.75038 ], [ -64.31177, -9.74744 ], [ -64.31161, -9.74356 ], [ -64.30882, -9.74388 ], [ -64.308, -9.74164 ], [ -64.30862, -9.7402 ], [ -64.30986, -9.73969 ], [ -64.3121, -9.73696 ], [ -64.31252, -9.73498 ], [ -64.31262, -9.73165 ], [ -64.31132, -9.72415 ], [ -64.31541, -9.72191 ], [ -64.31574, -9.72092 ], [ -64.32035, -9.7164 ], [ -64.32259, -9.71627 ], [ -64.32285, -9.71531 ], [ -64.32224, -9.7149 ], [ -64.31915, -9.71576 ], [ -64.3184, -9.71528 ], [ -64.32224, -9.71051 ], [ -64.32162, -9.70945 ], [ -64.32227, -9.70798 ], [ -64.32107, -9.70679 ], [ -64.3223, -9.70619 ], [ -64.32373, -9.7067 ], [ -64.32399, -9.70571 ], [ -64.32175, -9.7041 ], [ -64.32077, -9.70183 ], [ -64.31606, -9.70084 ], [ -64.31229, -9.70273 ], [ -64.31174, -9.70468 ], [ -64.3107, -9.70503 ], [ -64.30956, -9.70289 ], [ -64.30615, -9.69962 ], [ -64.30898, -9.69315 ], [ -64.31402, -9.68979 ], [ -64.31411, -9.68662 ], [ -64.31931, -9.68694 ], [ -64.32354, -9.68553 ], [ -64.3276, -9.68566 ], [ -64.33062, -9.68783 ], [ -64.33241, -9.68553 ], [ -64.33283, -9.68309 ], [ -64.33423, -9.68226 ], [ -64.33361, -9.67989 ], [ -64.33813, -9.67851 ], [ -64.3398, -9.67877 ], [ -64.3367, -9.67441 ], [ -64.33335, -9.67198 ], [ -64.32526, -9.67147 ], [ -64.32107, -9.67031 ], [ -64.31912, -9.67054 ], [ -64.3174, -9.66868 ], [ -64.31551, -9.66993 ], [ -64.31489, -9.66961 ], [ -64.31691, -9.66644 ], [ -64.31616, -9.66576 ], [ -64.31314, -9.6656 ], [ -64.31324, -9.66471 ], [ -64.31561, -9.66432 ], [ -64.31835, -9.66523 ], [ -64.3199, -9.66333 ], [ -64.32331, -9.66387 ], [ -64.32471, -9.66333 ], [ -64.32633, -9.66362 ], [ -64.32874, -9.66608 ], [ -64.32945, -9.66608 ], [ -64.33095, -9.66355 ], [ -64.33114, -9.66189 ], [ -64.33403, -9.66189 ], [ -64.33689, -9.66054 ], [ -64.34108, -9.66022 ], [ -64.34547, -9.65423 ], [ -64.34547, -9.65237 ], [ -64.34248, -9.64898 ], [ -64.34355, -9.64837 ], [ -64.34521, -9.64962 ], [ -64.34576, -9.64914 ], [ -64.34576, -9.64783 ], [ -64.34401, -9.64763 ], [ -64.34329, -9.64593 ], [ -64.34628, -9.64334 ], [ -64.34684, -9.6412 ] ] } },
{ "type": "Feature", "properties": { "name": "Rio Jiparaná" }, "geometry": { "type": "LineString", "coordinates": [ [ -61.68373, -9.00291 ], [ -61.68815, -9.00374 ], [ -61.69394, -9.00613 ], [ -61.69699, -9.00873 ], [ -61.69888, -9.0132 ], [ -61.70183, -9.01569 ], [ -61.71971, -9.02753 ], [ -61.72728, -9.03325 ], [ -61.73433, -9.03678 ], [ -61.74138, -9.03875 ], [ -61.74843, -9.03844 ], [ -61.76232, -9.03356 ], [ -61.76884, -9.03366 ], [ -61.77242, -9.03221 ], [ -61.77957, -9.02712 ], [ -61.78515, -9.02473 ], [ -61.7903, -9.02442 ], [ -61.8126, -9.03387 ], [ -61.81934, -9.03533 ], [ -61.82523, -9.03564 ], [ -61.84101, -9.03917 ], [ -61.84595, -9.03927 ], [ -61.85227, -9.03824 ], [ -61.85952, -9.03491 ], [ -61.87004, -9.02805 ], [ -61.87815, -9.02369 ], [ -61.88951, -9.02005 ], [ -61.89224, -9.01808 ], [ -61.89403, -9.01465 ], [ -61.89582, -9.0054 ], [ -61.89782, -9.00156 ], [ -61.90129, -8.99906 ], [ -61.90466, -8.99803 ], [ -61.90939, -8.99782 ], [ -61.91402, -8.99605 ], [ -61.91812, -8.99325 ], [ -61.9217, -8.98847 ], [ -61.92812, -8.97485 ], [ -61.93212, -8.97055 ], [ -61.93866, -8.96725 ], [ -61.94767, -8.95878 ], [ -61.95218, -8.9582 ], [ -61.95698, -8.95921 ], [ -61.96091, -8.96237 ], [ -61.96483, -8.96395 ], [ -61.97472, -8.96294 ], [ -61.98432, -8.9582 ], [ -61.98592, -8.95518 ], [ -61.99755, -8.94671 ], [ -62.00031, -8.94283 ], [ -62.00278, -8.94068 ], [ -62.01267, -8.93996 ], [ -62.01616, -8.94025 ], [ -62.02009, -8.94168 ], [ -62.02459, -8.94197 ], [ -62.02837, -8.93967 ], [ -62.03245, -8.93608 ], [ -62.0371, -8.93407 ], [ -62.04553, -8.93393 ], [ -62.05164, -8.93278 ], [ -62.06065, -8.9289 ], [ -62.06522, -8.92584 ], [ -62.0722, -8.92421 ], [ -62.07471, -8.91989 ], [ -62.07466, -8.9189 ], [ -62.0721, -8.91597 ], [ -62.07215, -8.91453 ], [ -62.07446, -8.91458 ], [ -62.07873, -8.91175 ], [ -62.0814, -8.91527 ], [ -62.08265, -8.91408 ], [ -62.08089, -8.90812 ], [ -62.08235, -8.90331 ], [ -62.08361, -8.90351 ], [ -62.08536, -8.90619 ], [ -62.08672, -8.90614 ], [ -62.08873, -8.90475 ], [ -62.09044, -8.89894 ], [ -62.09175, -8.89676 ], [ -62.09441, -8.89577 ], [ -62.11335, -8.89279 ], [ -62.11667, -8.89442 ], [ -62.11943, -8.89735 ], [ -62.12149, -8.90862 ], [ -62.12465, -8.91363 ], [ -62.12471, -8.91959 ], [ -62.12636, -8.92073 ], [ -62.12882, -8.92088 ], [ -62.13686, -8.92014 ], [ -62.14581, -8.92277 ], [ -62.15661, -8.92287 ], [ -62.15947, -8.92098 ], [ -62.16956, -8.91133 ], [ -62.17536, -8.90791 ], [ -62.17649, -8.90628 ], [ -62.17537, -8.90283 ], [ -62.17843, -8.8965 ], [ -62.17898, -8.89286 ], [ -62.18409, -8.89167 ], [ -62.18765, -8.88556 ], [ -62.18896, -8.88483 ], [ -62.19554, -8.87468 ], [ -62.19568, -8.87271 ], [ -62.19476, -8.87215 ], [ -62.19454, -8.87103 ], [ -62.19689, -8.86766 ], [ -62.19746, -8.86064 ], [ -62.1993, -8.85334 ], [ -62.20998, -8.82508 ], [ -62.2172, -8.81362 ], [ -62.22602, -8.80628 ], [ -62.23491, -8.80045 ], [ -62.24033, -8.79468 ], [ -62.24324, -8.78878 ], [ -62.24526, -8.78645 ], [ -62.24936, -8.78411 ], [ -62.26366, -8.77808 ], [ -62.2681, -8.77382 ], [ -62.27026, -8.7708 ], [ -62.27158, -8.76634 ], [ -62.27005, -8.75762 ], [ -62.26734, -8.74795 ], [ -62.26533, -8.74589 ], [ -62.26047, -8.74321 ], [ -62.25581, -8.73889 ], [ -62.2538, -8.73429 ], [ -62.25373, -8.73017 ], [ -62.25456, -8.72708 ], [ -62.25949, -8.715 ], [ -62.26359, -8.70841 ], [ -62.26741, -8.70511 ], [ -62.27199, -8.70299 ], [ -62.28623, -8.70251 ], [ -62.29859, -8.70285 ], [ -62.30776, -8.70505 ], [ -62.31373, -8.70491 ], [ -62.31928, -8.70566 ], [ -62.33165, -8.70999 ], [ -62.33602, -8.70937 ], [ -62.34046, -8.70628 ], [ -62.34373, -8.70292 ], [ -62.34533, -8.69873 ], [ -62.34363, -8.68593 ], [ -62.34393, -8.68209 ], [ -62.34569, -8.6786 ], [ -62.34835, -8.67709 ], [ -62.36745, -8.67369 ], [ -62.37241, -8.6684 ], [ -62.37761, -8.65598 ], [ -62.38017, -8.65335 ], [ -62.39264, -8.64578 ], [ -62.39488, -8.64296 ] ] } },
{ "type": "Feature", "properties": { "name": "Rio Preto" }, "geometry": { "type": "LineString", "coordinates": [ [ -62.56468, -9.11621 ], [ -62.56602, -9.11501 ], [ -62.56611, -9.11268 ], [ -62.56705, -9.11255 ], [ -62.5652, -9.10899 ], [ -62.56555, -9.10791 ], [ -62.56306, -9.1063 ], [ -62.56505, -9.1006 ], [ -62.56366, -9.09986 ], [ -62.56347, -9.09909 ], [ -62.564, -9.0977 ], [ -62.56514, -9.09753 ], [ -62.56518, -9.09653 ], [ -62.56407, -9.09536 ], [ -62.5628, -9.09602 ], [ -62.56302, -9.09361 ], [ -62.56209, -9.09149 ], [ -62.55988, -9.08933 ], [ -62.55662, -9.09018 ], [ -62.55369, -9.08904 ], [ -62.55107, -9.08967 ], [ -62.55146, -9.08853 ], [ -62.54901, -9.08651 ], [ -62.54751, -9.08426 ], [ -62.542, -9.08265 ], [ -62.54166, -9.0817 ], [ -62.54245, -9.08023 ], [ -62.54698, -9.07769 ], [ -62.54841, -9.07477 ], [ -62.54637, -9.07474 ], [ -62.54567, -9.07324 ], [ -62.54343, -9.073 ], [ -62.54192, -9.07067 ], [ -62.5432, -9.06956 ], [ -62.54291, -9.06791 ], [ -62.54494, -9.06539 ], [ -62.54566, -9.06542 ], [ -62.54571, -9.06728 ], [ -62.5464, -9.06711 ], [ -62.54694, -9.06465 ], [ -62.54548, -9.06218 ], [ -62.55608, -9.05767 ], [ -62.5547, -9.05485 ], [ -62.55408, -9.05179 ], [ -62.55291, -9.05135 ], [ -62.55309, -9.05086 ], [ -62.55891, -9.0462 ], [ -62.56281, -9.04663 ], [ -62.56799, -9.04271 ], [ -62.56989, -9.04233 ], [ -62.56979, -9.04075 ], [ -62.57309, -9.039 ], [ -62.57296, -9.0365 ], [ -62.57584, -9.03195 ] ] } },
{ "type": "Feature", "properties": { "name": "Rio Jaci Paraná" }, "geometry": { "type": "LineString", "coordinates": [ [ -64.31095, -9.81149 ], [ -64.30998, -9.80986 ], [ -64.31198, -9.80856 ], [ -64.31197, -9.80752 ], [ -64.3101, -9.80473 ], [ -64.30889, -9.80454 ], [ -64.30656, -9.80671 ], [ -64.30543, -9.80688 ], [ -64.30521, -9.80585 ], [ -64.3068, -9.80353 ], [ -64.3067, -9.80211 ], [ -64.30428, -9.80208 ], [ -64.30229, -9.80109 ], [ -64.3037, -9.79933 ], [ -64.30454, -9.79618 ], [ -64.30771, -9.79561 ], [ -64.30853, -9.7949 ], [ -64.30832, -9.79425 ], [ -64.30606, -9.79136 ], [ -64.30257, -9.7911 ], [ -64.30093, -9.7897 ], [ -64.29997, -9.7897 ], [ -64.29926, -9.79214 ], [ -64.29837, -9.79238 ], [ -64.29545, -9.78662 ], [ -64.29334, -9.78692 ], [ -64.29411, -9.78532 ], [ -64.29318, -9.78303 ], [ -64.2955, -9.78314 ], [ -64.29553, -9.78202 ], [ -64.29299, -9.78016 ], [ -64.29335, -9.77946 ], [ -64.29709, -9.77971 ], [ -64.299, -9.77891 ], [ -64.29894, -9.77703 ], [ -64.29761, -9.77475 ], [ -64.29985, -9.77283 ], [ -64.303, -9.76783 ], [ -64.3043, -9.76687 ], [ -64.30817, -9.76607 ], [ -64.30982, -9.7613 ], [ -64.31067, -9.7613 ] ] } },
{ "type": "Feature", "properties": { "name": "Rio Jaciparaná" }, "geometry": { "type": "LineString", "coordinates": [ [ -64.37743, -9.57801 ], [ -64.37778, -9.57487 ], [ -64.37914, -9.57137 ], [ -64.38115, -9.5686 ], [ -64.38118, -9.56752 ], [ -64.3792, -9.5659 ], [ -64.37939, -9.56518 ], [ -64.38048, -9.56482 ], [ -64.38341, -9.56638 ], [ -64.38526, -9.56557 ], [ -64.38363, -9.56215 ], [ -64.38445, -9.55586 ], [ -64.38384, -9.55521 ], [ -64.38125, -9.55583 ], [ -64.38034, -9.55528 ], [ -64.3819, -9.55129 ], [ -64.38036, -9.54903 ], [ -64.37861, -9.54988 ], [ -64.37828, -9.5493 ], [ -64.37926, -9.54456 ], [ -64.38124, -9.54151 ], [ -64.38196, -9.54151 ], [ -64.383, -9.54335 ], [ -64.38437, -9.54418 ], [ -64.38373, -9.54077 ], [ -64.37921, -9.53754 ], [ -64.37854, -9.53573 ], [ -64.3776, -9.53534 ], [ -64.38003, -9.53212 ], [ -64.37325, -9.53058 ], [ -64.37189, -9.52942 ], [ -64.37108, -9.52547 ], [ -64.37148, -9.52245 ], [ -64.36707, -9.52115 ], [ -64.36638, -9.52274 ], [ -64.36522, -9.52146 ], [ -64.36547, -9.51976 ], [ -64.36723, -9.51726 ], [ -64.3661, -9.5143 ], [ -64.35625, -9.5083 ], [ -64.35562, -9.50578 ], [ -64.35644, -9.5047 ], [ -64.35878, -9.50745 ], [ -64.36375, -9.50933 ], [ -64.36608, -9.50938 ], [ -64.37167, -9.50698 ], [ -64.37747, -9.50563 ], [ -64.38114, -9.50138 ], [ -64.38963, -9.49853 ], [ -64.39226, -9.49667 ], [ -64.39481, -9.4921 ], [ -64.39797, -9.49065 ], [ -64.40694, -9.48961 ], [ -64.41331, -9.49073 ], [ -64.4147, -9.48996 ], [ -64.41394, -9.48324 ], [ -64.41551, -9.47894 ], [ -64.41496, -9.47659 ], [ -64.407, -9.47109 ], [ -64.40497, -9.46902 ], [ -64.40241, -9.46255 ], [ -64.40429, -9.4599 ], [ -64.40386, -9.45924 ], [ -64.40073, -9.45944 ], [ -64.39871, -9.46032 ], [ -64.39831, -9.45897 ], [ -64.39941, -9.45786 ], [ -64.4, -9.45469 ], [ -64.40087, -9.45413 ], [ -64.40369, -9.45509 ], [ -64.40521, -9.4537 ], [ -64.40595, -9.45383 ], [ -64.40627, -9.4544 ], [ -64.40532, -9.45632 ], [ -64.40597, -9.45764 ], [ -64.40873, -9.4561 ], [ -64.40863, -9.45416 ], [ -64.40948, -9.45328 ], [ -64.41226, -9.45248 ], [ -64.41318, -9.45266 ], [ -64.41431, -9.45447 ], [ -64.41513, -9.45466 ], [ -64.41683, -9.45304 ], [ -64.4178, -9.45335 ], [ -64.41772, -9.45517 ], [ -64.41832, -9.45561 ], [ -64.42126, -9.45447 ], [ -64.4228, -9.45485 ], [ -64.42303, -9.45804 ], [ -64.42409, -9.4592 ], [ -64.42517, -9.45695 ], [ -64.42656, -9.45638 ], [ -64.42669, -9.45265 ], [ -64.42832, -9.44622 ] ] } },
{ "type": "Feature", "properties": { "name": "Igarapé Verde" }, "geometry": { "type": "LineString", "coordinates": [ [ -63.00812, -9.02333 ], [ -63.00637, -9.02128 ], [ -63.00713, -9.01791 ], [ -63.00499, -9.0163 ], [ -63.00248, -9.01536 ], [ -63.00122, -9.01552 ], [ -62.99899, -9.01369 ], [ -62.9916, -9.01558 ], [ -62.98612, -9.01201 ], [ -62.98727, -9.00646 ], [ -62.98884, -9.00553 ], [ -62.99039, -9.00294 ], [ -62.98992, -9.0 ] ] } },
{ "type": "Feature", "properties": { "name": "Rio Curica" }, "geometry": { "type": "LineString", "coordinates": [ [ -62.49961, -8.87623 ], [ -62.50388, -8.87294 ], [ -62.50727, -8.87286 ], [ -62.50798, -8.87144 ], [ -62.50931, -8.87125 ], [ -62.50995, -8.86705 ], [ -62.51163, -8.86408 ], [ -62.51225, -8.86343 ], [ -62.51326, -8.86387 ], [ -62.51429, -8.86169 ], [ -62.51869, -8.85899 ], [ -62.51867, -8.85577 ], [ -62.52287, -8.85429 ], [ -62.52349, -8.85138 ], [ -62.5242, -8.85081 ], [ -62.52508, -8.85051 ], [ -62.52757, -8.85157 ], [ -62.52973, -8.85433 ], [ -62.53029, -8.85427 ], [ -62.53152, -8.8528 ], [ -62.5363, -8.85138 ], [ -62.53845, -8.85143 ], [ -62.53969, -8.85045 ], [ -62.54038, -8.84863 ], [ -62.54418, -8.84708 ], [ -62.54545, -8.8446 ], [ -62.54961, -8.84497 ], [ -62.55025, -8.8444 ], [ -62.55627, -8.84413 ], [ -62.56295, -8.85125 ], [ -62.56674, -8.84988 ], [ -62.5674, -8.85289 ], [ -62.56912, -8.85465 ], [ -62.5704, -8.85489 ], [ -62.57127, -8.85425 ], [ -62.57188, -8.85302 ], [ -62.57044, -8.85122 ], [ -62.57114, -8.85077 ], [ -62.57202, -8.85112 ], [ -62.5737, -8.85275 ], [ -62.57381, -8.85549 ], [ -62.5743, -8.85555 ], [ -62.57572, -8.85464 ], [ -62.57656, -8.85264 ], [ -62.57859, -8.85192 ], [ -62.58042, -8.84898 ], [ -62.58331, -8.84726 ], [ -62.58381, -8.84584 ], [ -62.58211, -8.84348 ], [ -62.58222, -8.84166 ], [ -62.58447, -8.84024 ], [ -62.58668, -8.8434 ], [ -62.58924, -8.83931 ], [ -62.59112, -8.84039 ], [ -62.59381, -8.8399 ], [ -62.59743, -8.84376 ], [ -62.59801, -8.84336 ], [ -62.59748, -8.84018 ], [ -62.59874, -8.84086 ], [ -62.59904, -8.84264 ], [ -62.60602, -8.8434 ], [ -62.60604, -8.84433 ], [ -62.60361, -8.84616 ], [ -62.60282, -8.84975 ], [ -62.60344, -8.85068 ], [ -62.60494, -8.85002 ], [ -62.60561, -8.84773 ], [ -62.60745, -8.84703 ], [ -62.61018, -8.84779 ], [ -62.61131, -8.8497 ], [ -62.61219, -8.84574 ], [ -62.61449, -8.84393 ], [ -62.61584, -8.84376 ], [ -62.61629, -8.84495 ], [ -62.61417, -8.84665 ], [ -62.61425, -8.84786 ], [ -62.61531, -8.84851 ], [ -62.61608, -8.84807 ], [ -62.61659, -8.8454 ], [ -62.61747, -8.8448 ], [ -62.61906, -8.84499 ], [ -62.61943, -8.84813 ], [ -62.61861, -8.85191 ], [ -62.61891, -8.8542 ], [ -62.61975, -8.85524 ], [ -62.62391, -8.85479 ], [ -62.62582, -8.85852 ], [ -62.62634, -8.86102 ], [ -62.62706, -8.86155 ], [ -62.62951, -8.86115 ], [ -62.63, -8.86026 ], [ -62.62786, -8.8554 ], [ -62.62824, -8.85352 ], [ -62.63322, -8.8532 ], [ -62.63522, -8.8493 ], [ -62.63818, -8.84964 ], [ -62.63829, -8.84851 ], [ -62.63674, -8.84845 ], [ -62.63668, -8.84801 ], [ -62.63764, -8.84576 ], [ -62.6397, -8.84385 ], [ -62.63857, -8.84107 ], [ -62.63964, -8.8401 ], [ -62.6408, -8.84014 ], [ -62.6426, -8.84205 ], [ -62.64369, -8.84203 ], [ -62.64511, -8.84056 ], [ -62.64638, -8.83728 ], [ -62.64837, -8.83999 ], [ -62.65103, -8.83908 ], [ -62.6523, -8.83993 ], [ -62.65363, -8.8423 ], [ -62.65245, -8.84521 ], [ -62.65419, -8.84754 ], [ -62.65474, -8.84694 ], [ -62.65457, -8.84311 ], [ -62.65507, -8.84234 ], [ -62.65582, -8.84239 ], [ -62.65657, -8.84504 ], [ -62.65816, -8.84716 ], [ -62.65886, -8.84724 ], [ -62.66058, -8.84586 ], [ -62.66135, -8.84345 ], [ -62.65972, -8.83942 ], [ -62.66442, -8.83991 ], [ -62.66635, -8.84173 ], [ -62.66777, -8.84453 ], [ -62.67095, -8.84461 ], [ -62.66953, -8.84671 ], [ -62.66725, -8.84845 ], [ -62.66725, -8.84915 ], [ -62.67068, -8.85024 ], [ -62.67246, -8.85015 ], [ -62.67311, -8.84908 ], [ -62.67329, -8.84595 ], [ -62.67388, -8.84574 ], [ -62.67622, -8.84832 ], [ -62.67889, -8.85334 ], [ -62.68012, -8.85395 ], [ -62.68225, -8.85167 ], [ -62.68212, -8.85462 ], [ -62.687, -8.85602 ] ] } },
{ "type": "Feature", "properties": { "name": "Rio Jacundá" }, "geometry": { "type": "LineString", "coordinates": [ [ -62.94632, -9.18161 ], [ -62.94789, -9.18008 ], [ -62.94974, -9.18231 ], [ -62.94978, -9.18457 ], [ -62.95062, -9.18459 ], [ -62.95235, -9.18127 ], [ -62.95332, -9.17536 ], [ -62.95422, -9.17464 ], [ -62.95785, -9.17485 ], [ -62.9598, -9.16691 ], [ -62.95864, -9.1632 ], [ -62.95961, -9.16318 ], [ -62.96083, -9.16589 ], [ -62.96201, -9.16604 ], [ -62.96394, -9.16451 ], [ -62.9639, -9.16379 ], [ -62.96246, -9.1628 ], [ -62.963, -9.16047 ], [ -62.96023, -9.15818 ], [ -62.96446, -9.15651 ], [ -62.96529, -9.15521 ], [ -62.96579, -9.15333 ], [ -62.96332, -9.15125 ], [ -62.96677, -9.14962 ], [ -62.9693, -9.14752 ], [ -62.96924, -9.1467 ], [ -62.96634, -9.14612 ], [ -62.96688, -9.14479 ], [ -62.97458, -9.14043 ], [ -62.97491, -9.13691 ], [ -62.97349, -9.13746 ], [ -62.97218, -9.13716 ], [ -62.97184, -9.135 ], [ -62.97428, -9.13301 ], [ -62.97467, -9.13202 ], [ -62.97235, -9.13229 ], [ -62.97046, -9.13087 ], [ -62.96958, -9.12505 ], [ -62.96579, -9.12555 ], [ -62.96424, -9.125 ], [ -62.96671, -9.12301 ], [ -62.96858, -9.1186 ], [ -62.96836, -9.11634 ], [ -62.96667, -9.11646 ], [ -62.96574, -9.11452 ], [ -62.96667, -9.11223 ], [ -62.96913, -9.11172 ], [ -62.96885, -9.10988 ], [ -62.96789, -9.11005 ], [ -62.96744, -9.10725 ], [ -62.96626, -9.1064 ], [ -62.96686, -9.10229 ], [ -62.96604, -9.10176 ], [ -62.96379, -9.10307 ], [ -62.96325, -9.1025 ], [ -62.96104, -9.10407 ], [ -62.95973, -9.10286 ], [ -62.95752, -9.10475 ], [ -62.95596, -9.10509 ], [ -62.95192, -9.10437 ], [ -62.95175, -9.10521 ], [ -62.95426, -9.10579 ], [ -62.956, -9.10752 ], [ -62.95512, -9.11026 ], [ -62.95349, -9.11104 ], [ -62.94791, -9.10856 ], [ -62.94673, -9.10977 ], [ -62.94598, -9.11432 ], [ -62.94298, -9.11481 ], [ -62.94192, -9.11585 ], [ -62.94036, -9.11314 ], [ -62.93662, -9.11259 ], [ -62.93675, -9.11119 ], [ -62.93828, -9.1093 ], [ -62.9378, -9.10848 ], [ -62.93677, -9.10852 ], [ -62.93253, -9.11261 ], [ -62.92957, -9.10966 ], [ -62.92909, -9.1064 ], [ -62.92572, -9.10454 ], [ -62.92602, -9.10399 ], [ -62.92854, -9.10413 ], [ -62.93027, -9.10176 ], [ -62.92828, -9.10072 ], [ -62.92375, -9.10318 ], [ -62.92248, -9.10125 ], [ -62.92244, -9.09956 ], [ -62.92641, -9.09979 ], [ -62.92566, -9.09701 ], [ -62.92377, -9.09428 ], [ -62.92203, -9.09462 ], [ -62.91944, -9.09816 ], [ -62.91583, -9.09564 ], [ -62.91545, -9.08888 ], [ -62.91706, -9.0878 ], [ -62.91718, -9.08657 ], [ -62.913, -9.08165 ], [ -62.91135, -9.08509 ], [ -62.91083, -9.0853 ], [ -62.91055, -9.0847 ], [ -62.91255, -9.08053 ], [ -62.91253, -9.07771 ], [ -62.91163, -9.07691 ], [ -62.90779, -9.07708 ], [ -62.90549, -9.07636 ], [ -62.90682, -9.0704 ], [ -62.9003, -9.06352 ], [ -62.90339, -9.06275 ], [ -62.90279, -9.05896 ], [ -62.90324, -9.05847 ], [ -62.90603, -9.05729 ], [ -62.90961, -9.0576 ], [ -62.90959, -9.05688 ], [ -62.90633, -9.05347 ], [ -62.90871, -9.05205 ], [ -62.9127, -9.05262 ], [ -62.91321, -9.05224 ], [ -62.91053, -9.04794 ], [ -62.90712, -9.04608 ], [ -62.90824, -9.0455 ], [ -62.91382, -9.04542 ], [ -62.91354, -9.04264 ], [ -62.91047, -9.04239 ], [ -62.91045, -9.04184 ], [ -62.91199, -9.0397 ], [ -62.9148, -9.04069 ], [ -62.91525, -9.03675 ], [ -62.91772, -9.03514 ], [ -62.91695, -9.03349 ], [ -62.91718, -9.03152 ], [ -62.92098, -9.02885 ], [ -62.92118, -9.02775 ], [ -62.91989, -9.0234 ], [ -62.91452, -9.02478 ], [ -62.91392, -9.02433 ], [ -62.91289, -9.02115 ], [ -62.90987, -9.01793 ], [ -62.90909, -9.01605 ], [ -62.91107, -9.01478 ], [ -62.91173, -9.01723 ], [ -62.91328, -9.01715 ], [ -62.91354, -9.01552 ], [ -62.91178, -9.01306 ], [ -62.91019, -9.01297 ], [ -62.90736, -9.01418 ], [ -62.90504, -9.01206 ], [ -62.9051, -9.01147 ], [ -62.90768, -9.01024 ], [ -62.90916, -9.00797 ], [ -62.90886, -9.00539 ], [ -62.91148, -9.0053 ], [ -62.91195, -9.00475 ], [ -62.90937, -9.00136 ], [ -62.91032, -8.99676 ], [ -62.9083, -8.99513 ], [ -62.90813, -8.9922 ], [ -62.90605, -8.99371 ], [ -62.90487, -8.99316 ], [ -62.90622, -8.98778 ], [ -62.90135, -8.98657 ], [ -62.89798, -8.98076 ], [ -62.89723, -8.98186 ], [ -62.89712, -8.98553 ], [ -62.89603, -8.9857 ], [ -62.89309, -8.97841 ], [ -62.89394, -8.97546 ], [ -62.88944, -8.97493 ], [ -62.88716, -8.97237 ], [ -62.88768, -8.97137 ], [ -62.891, -8.97046 ], [ -62.89077, -8.96802 ], [ -62.89386, -8.9697 ], [ -62.89334, -8.96688 ], [ -62.89225, -8.96609 ], [ -62.88867, -8.96785 ], [ -62.88794, -8.96435 ], [ -62.88519, -8.96279 ], [ -62.88137, -8.96332 ], [ -62.87648, -8.96192 ], [ -62.87605, -8.95971 ], [ -62.87212, -8.95768 ], [ -62.87045, -8.95997 ], [ -62.86856, -8.95885 ], [ -62.86852, -8.95536 ], [ -62.86918, -8.95443 ], [ -62.87336, -8.95336 ], [ -62.87299, -8.95221 ], [ -62.86965, -8.95044 ], [ -62.87113, -8.94739 ], [ -62.87358, -8.94532 ], [ -62.87107, -8.94338 ], [ -62.87324, -8.9424 ], [ -62.87711, -8.94336 ], [ -62.87832, -8.94192 ], [ -62.87775, -8.94077 ], [ -62.87315, -8.93998 ], [ -62.87043, -8.94036 ], [ -62.86996, -8.93982 ], [ -62.87138, -8.93572 ], [ -62.87128, -8.93349 ], [ -62.87402, -8.93456 ], [ -62.87527, -8.93408 ], [ -62.87746, -8.9312 ], [ -62.87686, -8.93015 ] ] } },
{ "type": "Feature", "properties": { "name": "Rio Capivari" }, "geometry": { "type": "LineString", "coordinates": [ [ -64.28821, -10.52573 ], [ -64.28583, -10.5237 ], [ -64.28421, -10.525 ], [ -64.28342, -10.52488 ], [ -64.283, -10.52297 ], [ -64.28425, -10.52102 ], [ -64.28192, -10.51899 ], [ -64.2794, -10.51898 ], [ -64.27651, -10.51459 ], [ -64.27481, -10.50948 ], [ -64.27201, -10.50849 ], [ -64.27014, -10.50482 ], [ -64.27326, -10.49374 ], [ -64.27115, -10.49388 ], [ -64.26896, -10.49245 ], [ -64.26875, -10.49039 ], [ -64.26968, -10.48725 ], [ -64.26911, -10.48669 ], [ -64.26795, -10.48747 ], [ -64.26747, -10.48556 ], [ -64.26848, -10.48223 ], [ -64.26781, -10.48141 ], [ -64.26725, -10.47801 ], [ -64.26806, -10.47654 ], [ -64.26844, -10.47354 ], [ -64.26689, -10.46929 ], [ -64.27144, -10.46559 ], [ -64.27452, -10.46214 ], [ -64.27292, -10.45942 ], [ -64.27156, -10.45899 ], [ -64.27215, -10.4579 ], [ -64.27376, -10.45737 ], [ -64.27366, -10.45525 ], [ -64.27528, -10.45028 ], [ -64.27785, -10.44587 ], [ -64.279, -10.44151 ], [ -64.28156, -10.43741 ], [ -64.28269, -10.43675 ], [ -64.28284, -10.43549 ], [ -64.28422, -10.43521 ], [ -64.2849, -10.43286 ], [ -64.28585, -10.43224 ], [ -64.28552, -10.43071 ], [ -64.28471, -10.43079 ], [ -64.28523, -10.42975 ], [ -64.28375, -10.4302 ], [ -64.28235, -10.42767 ], [ -64.27767, -10.42916 ], [ -64.27414, -10.4273 ], [ -64.27496, -10.42506 ], [ -64.27411, -10.42552 ], [ -64.27353, -10.42505 ], [ -64.27386, -10.42216 ], [ -64.27203, -10.42285 ], [ -64.27262, -10.42137 ], [ -64.27186, -10.42083 ], [ -64.27262, -10.42002 ], [ -64.27139, -10.41897 ], [ -64.27198, -10.41796 ], [ -64.27296, -10.41836 ], [ -64.2725, -10.41725 ], [ -64.27366, -10.41695 ], [ -64.27365, -10.41816 ], [ -64.2744, -10.41726 ], [ -64.27288, -10.41479 ], [ -64.27299, -10.41337 ], [ -64.27224, -10.4131 ], [ -64.27194, -10.41162 ], [ -64.271, -10.41138 ], [ -64.27134, -10.41074 ], [ -64.27072, -10.41056 ], [ -64.27408, -10.40933 ], [ -64.27421, -10.40842 ], [ -64.2734, -10.40789 ], [ -64.27355, -10.40605 ], [ -64.27151, -10.40532 ], [ -64.2733, -10.40514 ], [ -64.27346, -10.40464 ], [ -64.27207, -10.40335 ], [ -64.27149, -10.40406 ], [ -64.27128, -10.40308 ], [ -64.27047, -10.40276 ], [ -64.27104, -10.40135 ], [ -64.26947, -10.40173 ], [ -64.26814, -10.40012 ], [ -64.26645, -10.40073 ], [ -64.26199, -10.40013 ], [ -64.2615, -10.39889 ], [ -64.26307, -10.39802 ], [ -64.26347, -10.39667 ], [ -64.26281, -10.3939 ], [ -64.26128, -10.39288 ], [ -64.25885, -10.39298 ], [ -64.25722, -10.39216 ], [ -64.25794, -10.39191 ], [ -64.25813, -10.39099 ], [ -64.25703, -10.39025 ], [ -64.25772, -10.38941 ], [ -64.25739, -10.38875 ], [ -64.2586, -10.38706 ], [ -64.25926, -10.38758 ], [ -64.25919, -10.38694 ], [ -64.25825, -10.38662 ], [ -64.25899, -10.38563 ], [ -64.25982, -10.38614 ], [ -64.25998, -10.38461 ], [ -64.25956, -10.38393 ], [ -64.25898, -10.3847 ], [ -64.25831, -10.38302 ], [ -64.25773, -10.37964 ], [ -64.25847, -10.37773 ], [ -64.25765, -10.37696 ], [ -64.25688, -10.37779 ], [ -64.25613, -10.37651 ], [ -64.25691, -10.37596 ], [ -64.25618, -10.3757 ], [ -64.25658, -10.37184 ], [ -64.25548, -10.37184 ], [ -64.25535, -10.36989 ], [ -64.25293, -10.36779 ], [ -64.25355, -10.3669 ], [ -64.25307, -10.36504 ], [ -64.24989, -10.36464 ], [ -64.24964, -10.36295 ], [ -64.25077, -10.36003 ], [ -64.25016, -10.35828 ], [ -64.24854, -10.35658 ], [ -64.2459, -10.35641 ], [ -64.24448, -10.35746 ], [ -64.2443, -10.35439 ], [ -64.24297, -10.35374 ], [ -64.24033, -10.35389 ], [ -64.23955, -10.35109 ], [ -64.23686, -10.35229 ], [ -64.23492, -10.35238 ], [ -64.23205, -10.34872 ], [ -64.23135, -10.34867 ], [ -64.23062, -10.3505 ], [ -64.22885, -10.34907 ], [ -64.22782, -10.34946 ], [ -64.22771, -10.34792 ], [ -64.22672, -10.34927 ], [ -64.22549, -10.349 ], [ -64.22498, -10.3483 ], [ -64.22553, -10.34769 ], [ -64.22459, -10.34745 ], [ -64.22483, -10.3467 ], [ -64.22392, -10.34725 ], [ -64.22298, -10.34577 ] ] } },
{ "type": "Feature", "properties": { "name": "Rio Candeias" }, "geometry": { "type": "LineString", "coordinates": [ [ -63.64582, -10.57652 ], [ -63.64475, -10.57568 ], [ -63.64606, -10.57477 ], [ -63.64608, -10.57165 ], [ -63.64473, -10.57243 ], [ -63.64381, -10.57199 ], [ -63.6445, -10.56956 ], [ -63.64379, -10.57007 ], [ -63.64317, -10.56966 ], [ -63.64072, -10.56441 ], [ -63.63885, -10.56502 ], [ -63.63767, -10.56456 ], [ -63.63673, -10.5618 ], [ -63.63546, -10.56112 ], [ -63.63471, -10.5583 ], [ -63.63784, -10.55209 ], [ -63.63965, -10.55121 ], [ -63.63965, -10.54716 ], [ -63.63879, -10.5461 ], [ -63.64078, -10.5419 ], [ -63.64048, -10.54007 ], [ -63.63945, -10.53904 ], [ -63.64044, -10.53836 ], [ -63.64038, -10.53513 ], [ -63.64246, -10.53359 ], [ -63.64199, -10.53172 ], [ -63.64535, -10.52366 ], [ -63.64482, -10.52199 ], [ -63.64136, -10.5215 ], [ -63.64149, -10.51568 ], [ -63.6372, -10.51237 ], [ -63.63684, -10.51083 ], [ -63.64001, -10.50855 ], [ -63.63988, -10.50703 ], [ -63.64098, -10.506 ], [ -63.64495, -10.50769 ], [ -63.64589, -10.50739 ], [ -63.6436, -10.50549 ], [ -63.64351, -10.50427 ], [ -63.64759, -10.49859 ], [ -63.64797, -10.49693 ], [ -63.65111, -10.49507 ], [ -63.65417, -10.48994 ], [ -63.65898, -10.48705 ], [ -63.66087, -10.48711 ], [ -63.66338, -10.48484 ], [ -63.66456, -10.48612 ], [ -63.66707, -10.48595 ], [ -63.66728, -10.48707 ], [ -63.66956, -10.48604 ], [ -63.67158, -10.48414 ], [ -63.67181, -10.48144 ], [ -63.67449, -10.47965 ], [ -63.67728, -10.47956 ], [ -63.67846, -10.47891 ], [ -63.67885, -10.47743 ], [ -63.68505, -10.46992 ], [ -63.68654, -10.46638 ], [ -63.68581, -10.46474 ], [ -63.68611, -10.46281 ], [ -63.68477, -10.46252 ], [ -63.68484, -10.45987 ], [ -63.68323, -10.45912 ], [ -63.68394, -10.45545 ], [ -63.6852, -10.45723 ], [ -63.68568, -10.45714 ], [ -63.68729, -10.44788 ], [ -63.68938, -10.44881 ], [ -63.69041, -10.446 ], [ -63.69222, -10.44606 ], [ -63.69515, -10.44283 ], [ -63.69556, -10.44336 ], [ -63.6947, -10.44497 ], [ -63.69547, -10.44497 ], [ -63.69674, -10.44652 ], [ -63.69784, -10.44475 ], [ -63.69977, -10.44382 ], [ -63.70027, -10.44281 ], [ -63.70208, -10.44231 ], [ -63.70765, -10.44444 ], [ -63.71286, -10.43965 ], [ -63.71432, -10.44001 ], [ -63.71712, -10.43844 ], [ -63.71942, -10.43836 ], [ -63.71921, -10.43693 ], [ -63.71994, -10.437 ], [ -63.72044, -10.43531 ], [ -63.72355, -10.43542 ], [ -63.72444, -10.43647 ], [ -63.72855, -10.43505 ], [ -63.72823, -10.43744 ], [ -63.73031, -10.43844 ], [ -63.73317, -10.43731 ], [ -63.73453, -10.43456 ], [ -63.73554, -10.43474 ], [ -63.7358, -10.43676 ], [ -63.73677, -10.43687 ], [ -63.73759, -10.43614 ], [ -63.7378, -10.43371 ], [ -63.74023, -10.42864 ], [ -63.74251, -10.42635 ], [ -63.7429, -10.4239 ], [ -63.74357, -10.42493 ], [ -63.74456, -10.4248 ], [ -63.74516, -10.42175 ], [ -63.74848, -10.42128 ], [ -63.7496, -10.42021 ], [ -63.74835, -10.41836 ], [ -63.74936, -10.4158 ], [ -63.7497, -10.40807 ], [ -63.74783, -10.40682 ], [ -63.74562, -10.40665 ], [ -63.74385, -10.40485 ], [ -63.74127, -10.40386 ], [ -63.74032, -10.40248 ], [ -63.74152, -10.39912 ], [ -63.74058, -10.39838 ], [ -63.74075, -10.39662 ], [ -63.74256, -10.39438 ], [ -63.74193, -10.39348 ], [ -63.7423, -10.39129 ], [ -63.74133, -10.38938 ], [ -63.74202, -10.38778 ], [ -63.74163, -10.38604 ], [ -63.74383, -10.38106 ], [ -63.74398, -10.37839 ], [ -63.7414, -10.37578 ], [ -63.74407, -10.37404 ], [ -63.74355, -10.37193 ], [ -63.74394, -10.37011 ], [ -63.74624, -10.36979 ], [ -63.74695, -10.36878 ], [ -63.7457, -10.36796 ], [ -63.74602, -10.36595 ], [ -63.74412, -10.36416 ], [ -63.7446, -10.35952 ], [ -63.74256, -10.35974 ], [ -63.74265, -10.35759 ], [ -63.74015, -10.353 ], [ -63.73967, -10.35052 ], [ -63.74153, -10.34921 ], [ -63.74525, -10.34861 ], [ -63.74594, -10.3457 ], [ -63.74742, -10.34445 ], [ -63.74732, -10.34313 ], [ -63.74484, -10.33944 ], [ -63.74484, -10.33705 ], [ -63.74639, -10.33692 ], [ -63.74631, -10.33549 ] ] } },
{ "type": "Feature", "properties": { "name": "Rio Preto do Candeias" }, "geometry": { "type": "LineString", "coordinates": [ [ -63.2123, -9.58102 ], [ -63.21234, -9.57586 ], [ -63.21794, -9.56365 ], [ -63.21912, -9.55819 ], [ -63.2206, -9.55616 ], [ -63.22537, -9.55709 ], [ -63.22962, -9.55658 ], [ -63.23322, -9.55912 ], [ -63.23775, -9.55546 ], [ -63.23775, -9.55322 ], [ -63.23659, -9.55028 ], [ -63.23929, -9.54446 ], [ -63.23706, -9.53936 ], [ -63.23416, -9.5353 ], [ -63.23459, -9.53197 ], [ -63.23725, -9.527 ], [ -63.24369, -9.52755 ], [ -63.25019, -9.5295 ], [ -63.25562, -9.52668 ], [ -63.26167, -9.52484 ], [ -63.26451, -9.5219 ], [ -63.26966, -9.52091 ], [ -63.2753, -9.51797 ], [ -63.27884, -9.51845 ], [ -63.2833, -9.5211 ], [ -63.28669, -9.52099 ], [ -63.28854, -9.51907 ], [ -63.29201, -9.5193 ], [ -63.29425, -9.51579 ], [ -63.29588, -9.51039 ], [ -63.29586, -9.50772 ], [ -63.29751, -9.50228 ], [ -63.29749, -9.49968 ], [ -63.29418, -9.49581 ], [ -63.29062, -9.49342 ], [ -63.28983, -9.4855 ], [ -63.29195, -9.48063 ], [ -63.29716, -9.47784 ], [ -63.30294, -9.47293 ], [ -63.29686, -9.46326 ], [ -63.30013, -9.45542 ], [ -63.30128, -9.44905 ], [ -63.29927, -9.44372 ], [ -63.29854, -9.43944 ], [ -63.30092, -9.43648 ], [ -63.30626, -9.43733 ], [ -63.31161, -9.44004 ], [ -63.31291, -9.44167 ], [ -63.31733, -9.44033 ], [ -63.31905, -9.43665 ], [ -63.3206, -9.4358 ], [ -63.32641, -9.4296 ], [ -63.32645, -9.42833 ], [ -63.32469, -9.42655 ], [ -63.32433, -9.42412 ], [ -63.32113, -9.42251 ], [ -63.31922, -9.42071 ], [ -63.31736, -9.4206 ], [ -63.31703, -9.41766 ], [ -63.31386, -9.4155 ], [ -63.31358, -9.41366 ], [ -63.31236, -9.41226 ], [ -63.31193, -9.40845 ], [ -63.30837, -9.40513 ], [ -63.30669, -9.40242 ], [ -63.31019, -9.39105 ], [ -63.31252, -9.38685 ], [ -63.3116, -9.37771 ], [ -63.30815, -9.37603 ], [ -63.3089, -9.3729 ], [ -63.30724, -9.37038 ], [ -63.30326, -9.37132 ], [ -63.29776, -9.37084 ], [ -63.29265, -9.36758 ], [ -63.29388, -9.36453 ], [ -63.29175, -9.36141 ], [ -63.29401, -9.35909 ], [ -63.30148, -9.35486 ], [ -63.30222, -9.35285 ], [ -63.3014, -9.3491 ], [ -63.30182, -9.34667 ], [ -63.29941, -9.34586 ], [ -63.29901, -9.34516 ], [ -63.30022, -9.34378 ], [ -63.30437, -9.34363 ], [ -63.30564, -9.34245 ], [ -63.30664, -9.34252 ], [ -63.30841, -9.34411 ], [ -63.31021, -9.34397 ], [ -63.31064, -9.34149 ], [ -63.31011, -9.33967 ], [ -63.31158, -9.3336 ], [ -63.31033, -9.33205 ], [ -63.30847, -9.33206 ], [ -63.3071, -9.33045 ], [ -63.30902, -9.32736 ], [ -63.31017, -9.32127 ], [ -63.30884, -9.3212 ], [ -63.30816, -9.3194 ], [ -63.3096, -9.3155 ], [ -63.31151, -9.31358 ], [ -63.31206, -9.31114 ], [ -63.31108, -9.30886 ], [ -63.31051, -9.30878 ], [ -63.31035, -9.30518 ], [ -63.30431, -9.2991 ], [ -63.30279, -9.2943 ], [ -63.30587, -9.28831 ], [ -63.3119, -9.29061 ], [ -63.31392, -9.29273 ], [ -63.31225, -9.29556 ], [ -63.31807, -9.2985 ], [ -63.31872, -9.29967 ], [ -63.32112, -9.29804 ], [ -63.32153, -9.29569 ], [ -63.3207, -9.29408 ], [ -63.31878, -9.29332 ], [ -63.32084, -9.28877 ], [ -63.32595, -9.28763 ], [ -63.3287, -9.28805 ], [ -63.33114, -9.28607 ], [ -63.33183, -9.28084 ], [ -63.34434, -9.2816 ], [ -63.34551, -9.27652 ], [ -63.34497, -9.27037 ], [ -63.34774, -9.26569 ], [ -63.34742, -9.26313 ], [ -63.35287, -9.26438 ], [ -63.35265, -9.26857 ], [ -63.35467, -9.27065 ], [ -63.35473, -9.2729 ], [ -63.36111, -9.27299 ], [ -63.37144, -9.27429 ], [ -63.37187, -9.27575 ], [ -63.37464, -9.27448 ], [ -63.37917, -9.27652 ], [ -63.38433, -9.28004 ], [ -63.38548, -9.2796 ], [ -63.38794, -9.28025 ], [ -63.39274, -9.2788 ], [ -63.3909, -9.27412 ], [ -63.39111, -9.27229 ], [ -63.39329, -9.27355 ], [ -63.39498, -9.2764 ], [ -63.39643, -9.27596 ], [ -63.39784, -9.27404 ], [ -63.39993, -9.26882 ], [ -63.40309, -9.26711 ], [ -63.40458, -9.26142 ], [ -63.40268, -9.25835 ], [ -63.40268, -9.25717 ], [ -63.40554, -9.25452 ], [ -63.39671, -9.23885 ], [ -63.38998, -9.23348 ], [ -63.39022, -9.23251 ], [ -63.39489, -9.22895 ], [ -63.39664, -9.23051 ], [ -63.39752, -9.22933 ], [ -63.39884, -9.23181 ], [ -63.40309, -9.22857 ], [ -63.4068, -9.22897 ], [ -63.40718, -9.22838 ], [ -63.40136, -9.22513 ], [ -63.40012, -9.22202 ], [ -63.40332, -9.22147 ], [ -63.40358, -9.21751 ], [ -63.40255, -9.21688 ], [ -63.40059, -9.21749 ], [ -63.39792, -9.21418 ], [ -63.39598, -9.21349 ], [ -63.39611, -9.20938 ], [ -63.39363, -9.20734 ], [ -63.39634, -9.20696 ], [ -63.39683, -9.2051 ], [ -63.39438, -9.19973 ], [ -63.39543, -9.19758 ], [ -63.39912, -9.1956 ], [ -63.39852, -9.19404 ], [ -63.39274, -9.19063 ], [ -63.39472, -9.18844 ], [ -63.39942, -9.18914 ], [ -63.40138, -9.19286 ], [ -63.40573, -9.19331 ], [ -63.40618, -9.19206 ], [ -63.40846, -9.19381 ], [ -63.4107, -9.19259 ], [ -63.40987, -9.19158 ], [ -63.41346, -9.18905 ], [ -63.41612, -9.18467 ], [ -63.41783, -9.18435 ], [ -63.41841, -9.18539 ], [ -63.4174, -9.18821 ], [ -63.41886, -9.19019 ], [ -63.425, -9.1908 ], [ -63.4276, -9.18933 ], [ -63.42925, -9.19061 ], [ -63.43078, -9.18884 ], [ -63.43407, -9.18958 ], [ -63.43904, -9.19699 ], [ -63.44523, -9.19872 ], [ -63.44675, -9.20217 ], [ -63.44786, -9.20276 ], [ -63.4536, -9.20249 ], [ -63.45182, -9.19925 ], [ -63.45321, -9.19621 ], [ -63.45722, -9.19567 ], [ -63.45716, -9.19312 ], [ -63.45859, -9.19154 ], [ -63.45628, -9.19086 ], [ -63.45859, -9.1885 ], [ -63.45575, -9.1857 ], [ -63.45643, -9.18501 ], [ -63.4585, -9.18528 ], [ -63.45966, -9.18187 ], [ -63.46151, -9.18014 ], [ -63.46066, -9.17883 ], [ -63.45669, -9.17877 ], [ -63.4559, -9.17435 ], [ -63.4569, -9.17262 ], [ -63.45635, -9.17104 ], [ -63.44922, -9.17597 ], [ -63.44649, -9.1742 ], [ -63.44602, -9.17066 ], [ -63.45462, -9.16693 ], [ -63.45163, -9.16341 ], [ -63.45116, -9.16156 ], [ -63.45291, -9.16028 ], [ -63.45059, -9.1561 ], [ -63.4514, -9.1549 ], [ -63.45498, -9.15507 ], [ -63.45443, -9.15126 ], [ -63.45573, -9.15042 ], [ -63.45682, -9.15292 ], [ -63.46271, -9.14852 ], [ -63.46552, -9.14745 ], [ -63.46653, -9.14983 ], [ -63.46817, -9.14568 ], [ -63.47058, -9.14458 ], [ -63.47075, -9.14296 ], [ -63.4754, -9.14357 ], [ -63.47756, -9.14203 ], [ -63.47818, -9.14412 ], [ -63.48111, -9.14272 ], [ -63.48149, -9.14611 ], [ -63.48344, -9.14362 ], [ -63.48595, -9.13669 ], [ -63.49303, -9.1383 ], [ -63.49419, -9.13815 ], [ -63.49548, -9.1365 ], [ -63.49625, -9.1394 ], [ -63.49882, -9.14148 ], [ -63.49764, -9.14233 ], [ -63.4935, -9.14201 ], [ -63.4934, -9.1433 ], [ -63.49552, -9.14504 ], [ -63.49363, -9.14629 ], [ -63.49425, -9.14779 ], [ -63.4991, -9.14631 ], [ -63.50065, -9.15019 ], [ -63.50099, -9.15392 ], [ -63.5032, -9.15473 ], [ -63.50567, -9.15316 ], [ -63.5067, -9.15435 ], [ -63.50831, -9.15452 ], [ -63.50889, -9.15566 ], [ -63.50977, -9.1521 ], [ -63.5108, -9.15204 ], [ -63.51301, -9.15341 ], [ -63.51378, -9.15299 ], [ -63.51385, -9.15043 ], [ -63.51322, -9.14971 ], [ -63.512, -9.14988 ], [ -63.51249, -9.14914 ], [ -63.51123, -9.14892 ], [ -63.51015, -9.1475 ], [ -63.50953, -9.14511 ], [ -63.51033, -9.14346 ], [ -63.51348, -9.1427 ], [ -63.51412, -9.14153 ], [ -63.51404, -9.13816 ], [ -63.51316, -9.13767 ], [ -63.51024, -9.1385 ], [ -63.51005, -9.1377 ], [ -63.51054, -9.13664 ], [ -63.51483, -9.13365 ], [ -63.51279, -9.12867 ], [ -63.51511, -9.12248 ], [ -63.51256, -9.11979 ], [ -63.5105, -9.12053 ], [ -63.51033, -9.11941 ], [ -63.51071, -9.11871 ], [ -63.51434, -9.11719 ], [ -63.51558, -9.11541 ], [ -63.51586, -9.11337 ], [ -63.51462, -9.10994 ], [ -63.5156, -9.10962 ], [ -63.51666, -9.11085 ], [ -63.51784, -9.11094 ], [ -63.51678, -9.10664 ], [ -63.51726, -9.1053 ], [ -63.51848, -9.10475 ], [ -63.5203, -9.10522 ], [ -63.5209, -9.10464 ], [ -63.51932, -9.10191 ], [ -63.51591, -9.0996 ], [ -63.51586, -9.09907 ], [ -63.51743, -9.09895 ], [ -63.51623, -9.0978 ], [ -63.51713, -9.09661 ], [ -63.52159, -9.09827 ], [ -63.52524, -9.09865 ], [ -63.52657, -9.09947 ], [ -63.52878, -9.10339 ], [ -63.52966, -9.10267 ], [ -63.53065, -9.09969 ], [ -63.53245, -9.09825 ], [ -63.53125, -9.09261 ], [ -63.52749, -9.0918 ], [ -63.52807, -9.08767 ], [ -63.52636, -9.08335 ], [ -63.52715, -9.08272 ], [ -63.5314, -9.08216 ], [ -63.5312, -9.07977 ], [ -63.52897, -9.07932 ], [ -63.52801, -9.07818 ], [ -63.5296, -9.0757 ], [ -63.53245, -9.07524 ], [ -63.53266, -9.07242 ], [ -63.5306, -9.0725 ], [ -63.52854, -9.07047 ], [ -63.52852, -9.06977 ], [ -63.53069, -9.06958 ], [ -63.53249, -9.06684 ], [ -63.53588, -9.06352 ], [ -63.53432, -9.06212 ], [ -63.5314, -9.06375 ], [ -63.5282, -9.06233 ], [ -63.52784, -9.06076 ], [ -63.53099, -9.06089 ], [ -63.53228, -9.05814 ], [ -63.53249, -9.05682 ], [ -63.53105, -9.05114 ], [ -63.53301, -9.04981 ], [ -63.5338, -9.04856 ], [ -63.53397, -9.04657 ], [ -63.5332, -9.04553 ], [ -63.52854, -9.04739 ], [ -63.52728, -9.04718 ], [ -63.52726, -9.0465 ], [ -63.53026, -9.0457 ], [ -63.53378, -9.04089 ], [ -63.53708, -9.04248 ], [ -63.53803, -9.04233 ], [ -63.53833, -9.04103 ], [ -63.53749, -9.03614 ], [ -63.53835, -9.03504 ], [ -63.5391, -9.03512 ], [ -63.54026, -9.03678 ], [ -63.54416, -9.03716 ], [ -63.54432, -9.03584 ], [ -63.54298, -9.03398 ], [ -63.54326, -9.03292 ], [ -63.54472, -9.03235 ], [ -63.54747, -9.03271 ], [ -63.54801, -9.03207 ], [ -63.54794, -9.02817 ], [ -63.54889, -9.02658 ], [ -63.54762, -9.02472 ], [ -63.54841, -9.02236 ], [ -63.54998, -9.0234 ], [ -63.55213, -9.02378 ], [ -63.5559, -9.0219 ], [ -63.55659, -9.02039 ], [ -63.55629, -9.01972 ], [ -63.5547, -9.01942 ], [ -63.55489, -9.01781 ], [ -63.55371, -9.01823 ], [ -63.55337, -9.01539 ], [ -63.54949, -9.0141 ], [ -63.54768, -9.01283 ], [ -63.55054, -9.00925 ], [ -63.54981, -9.00384 ], [ -63.55024, -9.00185 ], [ -63.55152, -9.00121 ], [ -63.5524, -9.0023 ], [ -63.55358, -8.9999 ], [ -63.55243, -8.99657 ], [ -63.55152, -8.99602 ], [ -63.54856, -8.99598 ], [ -63.54507, -8.99662 ], [ -63.54479, -8.99604 ], [ -63.5482, -8.99301 ], [ -63.55065, -8.99496 ], [ -63.55434, -8.99265 ], [ -63.55627, -8.98797 ], [ -63.55279, -8.98763 ], [ -63.55193, -8.98523 ], [ -63.55423, -8.98335 ], [ -63.55927, -8.98311 ], [ -63.5583, -8.98188 ], [ -63.55566, -8.98124 ], [ -63.55504, -8.97997 ], [ -63.55545, -8.97866 ], [ -63.55839, -8.97789 ], [ -63.55914, -8.97669 ], [ -63.55884, -8.97552 ], [ -63.55448, -8.97588 ], [ -63.55223, -8.97448 ], [ -63.55214, -8.97378 ], [ -63.55478, -8.97327 ], [ -63.55727, -8.97113 ], [ -63.55708, -8.9692 ], [ -63.55442, -8.96719 ], [ -63.55461, -8.9656 ], [ -63.55555, -8.96543 ], [ -63.56175, -8.9681 ], [ -63.56242, -8.96766 ], [ -63.56188, -8.96558 ], [ -63.56461, -8.96418 ], [ -63.56469, -8.96361 ], [ -63.56276, -8.961 ], [ -63.55871, -8.95865 ], [ -63.55935, -8.95808 ], [ -63.56351, -8.95865 ], [ -63.56186, -8.95466 ], [ -63.55718, -8.95578 ], [ -63.55547, -8.95485 ], [ -63.55418, -8.95303 ], [ -63.55738, -8.94824 ], [ -63.55918, -8.94718 ], [ -63.55959, -8.94756 ], [ -63.55778, -8.95008 ], [ -63.55873, -8.95201 ], [ -63.55999, -8.95174 ], [ -63.56184, -8.94875 ], [ -63.56092, -8.94137 ], [ -63.56268, -8.9415 ], [ -63.56645, -8.94025 ], [ -63.5662, -8.93931 ], [ -63.56478, -8.93859 ], [ -63.56497, -8.93734 ], [ -63.57004, -8.93539 ], [ -63.56997, -8.93399 ], [ -63.56532, -8.92848 ], [ -63.56552, -8.92794 ], [ -63.56729, -8.92831 ], [ -63.57059, -8.9271 ], [ -63.57012, -8.92337 ], [ -63.57062, -8.92098 ], [ -63.5728, -8.92036 ], [ -63.573, -8.91793 ], [ -63.57542, -8.92017 ], [ -63.5774, -8.92002 ], [ -63.57984, -8.91852 ], [ -63.57873, -8.92594 ], [ -63.57909, -8.92634 ], [ -63.58006, -8.92604 ], [ -63.58115, -8.92316 ], [ -63.58435, -8.92149 ], [ -63.58999, -8.92041 ], [ -63.5913, -8.92255 ], [ -63.59308, -8.9227 ], [ -63.59272, -8.91729 ], [ -63.59435, -8.91581 ], [ -63.59553, -8.91572 ], [ -63.59604, -8.91873 ], [ -63.59752, -8.92077 ], [ -63.59825, -8.92068 ], [ -63.59667, -8.91472 ], [ -63.59782, -8.91068 ], [ -63.60102, -8.90673 ], [ -63.60411, -8.90972 ], [ -63.60544, -8.90993 ], [ -63.60744, -8.90873 ], [ -63.60806, -8.90781 ], [ -63.60718, -8.90686 ], [ -63.60503, -8.90614 ], [ -63.60531, -8.90474 ], [ -63.60806, -8.90173 ], [ -63.61134, -8.89972 ], [ -63.61467, -8.9002 ], [ -63.61508, -8.89976 ], [ -63.61224, -8.89469 ], [ -63.61284, -8.8941 ], [ -63.61501, -8.89469 ], [ -63.61628, -8.89399 ], [ -63.6163, -8.89175 ], [ -63.61724, -8.88979 ], [ -63.61832, -8.89035 ], [ -63.62108, -8.89399 ], [ -63.62177, -8.89406 ], [ -63.62443, -8.89117 ], [ -63.62737, -8.89052 ], [ -63.6297, -8.88817 ], [ -63.63237, -8.88768 ], [ -63.63027, -8.88479 ], [ -63.63016, -8.882 ], [ -63.63119, -8.88222 ], [ -63.63165, -8.8817 ], [ -63.63184, -8.87996 ], [ -63.63388, -8.88 ], [ -63.63466, -8.87871 ], [ -63.63412, -8.87727 ], [ -63.6359, -8.87697 ], [ -63.63693, -8.87177 ], [ -63.63785, -8.87148 ], [ -63.63976, -8.87254 ], [ -63.6406, -8.87233 ], [ -63.64064, -8.87148 ], [ -63.64034, -8.86976 ], [ -63.63923, -8.86825 ], [ -63.63841, -8.86806 ], [ -63.63463, -8.86972 ], [ -63.63227, -8.86881 ], [ -63.63219, -8.86719 ], [ -63.63311, -8.86688 ], [ -63.63706, -8.86781 ], [ -63.63884, -8.86709 ], [ -63.63976, -8.86507 ], [ -63.64039, -8.8651 ], [ -63.64107, -8.87004 ], [ -63.64283, -8.87213 ], [ -63.64566, -8.86965 ], [ -63.64674, -8.86709 ], [ -63.648, -8.86987 ], [ -63.65111, -8.86948 ], [ -63.65266, -8.86772 ], [ -63.65343, -8.86806 ], [ -63.65476, -8.86887 ], [ -63.65579, -8.87158 ], [ -63.66002, -8.86984 ], [ -63.66405, -8.87004 ], [ -63.66828, -8.87139 ], [ -63.66931, -8.87095 ], [ -63.66976, -8.869 ], [ -63.66849, -8.86582 ], [ -63.66607, -8.86404 ], [ -63.66736, -8.86103 ], [ -63.66536, -8.85869 ], [ -63.66403, -8.85572 ], [ -63.66457, -8.85513 ], [ -63.668, -8.85592 ], [ -63.67098, -8.85386 ], [ -63.67137, -8.85223 ], [ -63.6765, -8.84822 ], [ -63.67738, -8.84807 ], [ -63.67791, -8.84945 ], [ -63.67575, -8.85212 ], [ -63.67598, -8.85339 ], [ -63.67751, -8.85341 ], [ -63.67961, -8.85157 ], [ -63.67995, -8.84841 ], [ -63.67796, -8.84754 ], [ -63.676, -8.84343 ], [ -63.67515, -8.84345 ], [ -63.67315, -8.84527 ], [ -63.67281, -8.84481 ], [ -63.67304, -8.83961 ], [ -63.67787, -8.83974 ], [ -63.67918, -8.83719 ], [ -63.68154, -8.8401 ], [ -63.68416, -8.83864 ], [ -63.68485, -8.8377 ], [ -63.68476, -8.83558 ], [ -63.68319, -8.8328 ], [ -63.68796, -8.83153 ], [ -63.68929, -8.82952 ], [ -63.68733, -8.8235 ], [ -63.68935, -8.82328 ], [ -63.69103, -8.8267 ], [ -63.69394, -8.82634 ], [ -63.69424, -8.82566 ], [ -63.69332, -8.82324 ], [ -63.69392, -8.8189 ], [ -63.69098, -8.81629 ], [ -63.69092, -8.81525 ], [ -63.69173, -8.81455 ], [ -63.69407, -8.81468 ], [ -63.69607, -8.81349 ], [ -63.69716, -8.81351 ], [ -63.70077, -8.81546 ], [ -63.70156, -8.81472 ] ] } },
{ "type": "Feature", "properties": { "name": "Rio Candeias" }, "geometry": { "type": "LineString", "coordinates": [ [ -63.72903, -10.24557 ], [ -63.72898, -10.24325 ], [ -63.73048, -10.24108 ], [ -63.73033, -10.23734 ], [ -63.73155, -10.23654 ], [ -63.73033, -10.23428 ], [ -63.73194, -10.23218 ], [ -63.73102, -10.2302 ], [ -63.73169, -10.22964 ], [ -63.73321, -10.23002 ], [ -63.73339, -10.22956 ], [ -63.73258, -10.22794 ], [ -63.73377, -10.22617 ], [ -63.73243, -10.22161 ], [ -63.73312, -10.21924 ], [ -63.73211, -10.21823 ], [ -63.73258, -10.21709 ], [ -63.7335, -10.21671 ], [ -63.73326, -10.21539 ], [ -63.73411, -10.21273 ], [ -63.73161, -10.21275 ], [ -63.73168, -10.21044 ], [ -63.72972, -10.21068 ], [ -63.7294, -10.20859 ], [ -63.72835, -10.20746 ], [ -63.73003, -10.20634 ], [ -63.72994, -10.20414 ], [ -63.73442, -10.19646 ], [ -63.73424, -10.19549 ], [ -63.73308, -10.19515 ], [ -63.73327, -10.19371 ], [ -63.7325, -10.19248 ], [ -63.73341, -10.1901 ], [ -63.73545, -10.18785 ], [ -63.73322, -10.18295 ], [ -63.73243, -10.17694 ], [ -63.73075, -10.17509 ], [ -63.7284, -10.17398 ], [ -63.7284, -10.17202 ], [ -63.72649, -10.17137 ], [ -63.72699, -10.16978 ], [ -63.72595, -10.16451 ], [ -63.72431, -10.16345 ], [ -63.72588, -10.16176 ], [ -63.72524, -10.15747 ], [ -63.72366, -10.1572 ], [ -63.72316, -10.15578 ], [ -63.72462, -10.15482 ], [ -63.72149, -10.14921 ], [ -63.7209, -10.14665 ], [ -63.72227, -10.14381 ], [ -63.72345, -10.14305 ], [ -63.73081, -10.14263 ], [ -63.733, -10.1416 ], [ -63.73589, -10.13796 ], [ -63.73523, -10.13529 ], [ -63.73555, -10.13254 ], [ -63.73343, -10.12612 ], [ -63.73518, -10.12465 ], [ -63.73235, -10.12198 ], [ -63.73225, -10.12029 ], [ -63.74017, -10.11607 ], [ -63.74472, -10.11468 ], [ -63.74844, -10.11715 ], [ -63.75037, -10.11576 ], [ -63.75331, -10.11597 ], [ -63.75403, -10.11704 ], [ -63.75505, -10.11535 ], [ -63.75709, -10.116 ], [ -63.75659, -10.11429 ], [ -63.75707, -10.11319 ], [ -63.75948, -10.11328 ], [ -63.75944, -10.11471 ], [ -63.76094, -10.11373 ], [ -63.76159, -10.11086 ], [ -63.76091, -10.10863 ], [ -63.76313, -10.10671 ], [ -63.76354, -10.10411 ], [ -63.76452, -10.10253 ], [ -63.76284, -10.1002 ], [ -63.76517, -10.10072 ], [ -63.76327, -10.0966 ], [ -63.76328, -10.09297 ], [ -63.76436, -10.09179 ], [ -63.76648, -10.09162 ], [ -63.76641, -10.0872 ], [ -63.76779, -10.08586 ], [ -63.77511, -10.08421 ], [ -63.77293, -10.07954 ], [ -63.77611, -10.07667 ], [ -63.77769, -10.07386 ], [ -63.77521, -10.07213 ], [ -63.77604, -10.07142 ], [ -63.77601, -10.07044 ], [ -63.77188, -10.07158 ], [ -63.76939, -10.07135 ], [ -63.7711, -10.06233 ], [ -63.76711, -10.05656 ], [ -63.7666, -10.05098 ], [ -63.76466, -10.04988 ], [ -63.76602, -10.048 ], [ -63.76939, -10.04531 ], [ -63.77034, -10.04239 ], [ -63.77483, -10.04278 ], [ -63.77724, -10.04153 ], [ -63.77838, -10.03798 ], [ -63.77729, -10.03501 ], [ -63.77904, -10.03119 ], [ -63.77722, -10.03026 ], [ -63.7761, -10.03117 ], [ -63.77524, -10.03107 ], [ -63.7752, -10.03019 ], [ -63.77731, -10.0281 ], [ -63.7769, -10.02734 ], [ -63.77505, -10.02708 ], [ -63.77545, -10.0251 ], [ -63.77389, -10.02291 ], [ -63.77353, -10.0205 ], [ -63.77084, -10.02078 ], [ -63.76969, -10.01907 ], [ -63.76809, -10.01831 ], [ -63.76899, -10.01368 ], [ -63.77113, -10.01111 ], [ -63.77185, -10.00806 ], [ -63.77108, -10.00763 ], [ -63.76985, -10.00807 ], [ -63.76949, -10.00932 ], [ -63.76699, -10.01094 ], [ -63.7653, -10.00866 ], [ -63.76279, -10.00219 ], [ -63.76282, -10.00077 ], [ -63.76386, -9.9999 ] ] } },
{ "type": "Feature", "properties": { "name": "Igarapé Itapoana" }, "geometry": { "type": "LineString", "coordinates": [ [ -63.15128, -9.94508 ], [ -63.14992, -9.94655 ], [ -63.1483, -9.94647 ], [ -63.14669, -9.94532 ], [ -63.14528, -9.94578 ], [ -63.14509, -9.94373 ], [ -63.14417, -9.94323 ], [ -63.14521, -9.94296 ], [ -63.14513, -9.94233 ], [ -63.14281, -9.94034 ], [ -63.14118, -9.9412 ], [ -63.14124, -9.94176 ], [ -63.14028, -9.94089 ], [ -63.13885, -9.94304 ], [ -63.13806, -9.94238 ], [ -63.13632, -9.9425 ], [ -63.13518, -9.94373 ], [ -63.1328, -9.94471 ], [ -63.13169, -9.94488 ], [ -63.13169, -9.9439 ], [ -63.13005, -9.94461 ], [ -63.12921, -9.94409 ], [ -63.12592, -9.94574 ], [ -63.12302, -9.94574 ], [ -63.12047, -9.94719 ], [ -63.11871, -9.94629 ], [ -63.11736, -9.94659 ], [ -63.11651, -9.9474 ], [ -63.117, -9.94951 ], [ -63.11466, -9.95162 ], [ -63.11538, -9.95272 ], [ -63.11445, -9.95391 ], [ -63.11026, -9.95565 ], [ -63.10873, -9.95887 ], [ -63.1066, -9.95935 ], [ -63.10361, -9.96112 ], [ -63.10146, -9.95992 ], [ -63.10087, -9.95801 ], [ -63.0988, -9.95841 ], [ -63.09841, -9.95738 ], [ -63.09629, -9.95676 ], [ -63.09682, -9.95623 ], [ -63.09618, -9.95525 ], [ -63.09452, -9.95515 ], [ -63.09618, -9.95367 ], [ -63.09554, -9.95208 ] ] } },
{ "type": "Feature", "properties": { "name": "Rio Preto" }, "geometry": { "type": "LineString", "coordinates": [ [ -62.6113, -9.44044 ], [ -62.61433, -9.43756 ], [ -62.61608, -9.4324 ], [ -62.61619, -9.43106 ], [ -62.61548, -9.43045 ], [ -62.616, -9.42984 ], [ -62.6148, -9.42867 ], [ -62.61602, -9.4255 ], [ -62.61598, -9.42366 ], [ -62.61508, -9.42239 ], [ -62.614, -9.42268 ], [ -62.6131, -9.42143 ], [ -62.61315, -9.41968 ], [ -62.61046, -9.41775 ], [ -62.6083, -9.41356 ], [ -62.60853, -9.41163 ], [ -62.60752, -9.41134 ], [ -62.60705, -9.40981 ], [ -62.6089, -9.40526 ], [ -62.60797, -9.40329 ], [ -62.60669, -9.40272 ], [ -62.60634, -9.40088 ], [ -62.60789, -9.39789 ], [ -62.60765, -9.39425 ], [ -62.60875, -9.39334 ], [ -62.60804, -9.39203 ], [ -62.608, -9.3889 ], [ -62.60632, -9.38646 ], [ -62.60488, -9.38674 ], [ -62.60388, -9.38621 ], [ -62.6042, -9.38498 ], [ -62.60274, -9.38299 ], [ -62.60315, -9.38106 ], [ -62.60169, -9.38098 ], [ -62.60136, -9.37865 ], [ -62.60083, -9.37958 ], [ -62.60036, -9.37873 ], [ -62.60018, -9.37713 ], [ -62.60076, -9.37609 ], [ -62.60029, -9.37499 ], [ -62.60104, -9.3737 ], [ -62.59971, -9.37115 ], [ -62.59712, -9.37027 ], [ -62.59441, -9.36402 ], [ -62.59467, -9.36258 ], [ -62.596, -9.36139 ], [ -62.59611, -9.35894 ], [ -62.59735, -9.359 ], [ -62.59652, -9.35682 ], [ -62.59716, -9.35411 ], [ -62.59632, -9.35119 ], [ -62.59669, -9.34903 ], [ -62.59493, -9.34698 ], [ -62.59564, -9.34554 ], [ -62.59519, -9.34215 ], [ -62.59302, -9.34113 ], [ -62.59317, -9.33986 ], [ -62.59184, -9.33938 ], [ -62.59159, -9.33623 ], [ -62.59058, -9.33499 ], [ -62.59156, -9.33376 ], [ -62.59071, -9.33035 ], [ -62.59141, -9.3291 ], [ -62.59292, -9.32861 ], [ -62.59467, -9.32397 ], [ -62.59637, -9.3232 ], [ -62.59631, -9.32038 ], [ -62.59736, -9.32011 ], [ -62.59876, -9.31613 ], [ -62.59429, -9.30892 ], [ -62.59528, -9.30727 ], [ -62.59644, -9.30712 ], [ -62.59683, -9.30568 ], [ -62.59603, -9.30197 ], [ -62.59688, -9.30054 ], [ -62.59397, -9.29769 ], [ -62.59517, -9.29108 ], [ -62.59514, -9.28958 ], [ -62.59401, -9.28865 ], [ -62.59514, -9.28697 ], [ -62.59424, -9.28661 ], [ -62.59413, -9.28474 ], [ -62.59301, -9.28426 ], [ -62.59135, -9.28087 ], [ -62.58945, -9.27992 ], [ -62.58941, -9.27785 ], [ -62.58697, -9.27331 ], [ -62.58753, -9.26975 ], [ -62.58715, -9.26822 ], [ -62.58644, -9.26801 ], [ -62.58733, -9.26639 ], [ -62.58535, -9.26344 ], [ -62.58689, -9.26358 ], [ -62.58634, -9.25989 ], [ -62.58727, -9.25991 ], [ -62.58762, -9.25864 ], [ -62.58593, -9.25533 ], [ -62.58635, -9.25433 ], [ -62.58395, -9.24927 ], [ -62.58178, -9.2479 ], [ -62.5809, -9.24618 ], [ -62.57796, -9.24366 ], [ -62.57766, -9.24148 ], [ -62.57938, -9.24218 ], [ -62.5797, -9.2415 ], [ -62.57903, -9.24097 ], [ -62.57994, -9.24054 ], [ -62.58019, -9.23919 ], [ -62.57788, -9.23421 ], [ -62.57799, -9.23302 ], [ -62.57705, -9.23224 ], [ -62.57827, -9.22997 ], [ -62.57768, -9.22914 ], [ -62.57617, -9.22888 ], [ -62.57603, -9.22761 ], [ -62.57544, -9.22803 ], [ -62.57402, -9.22695 ], [ -62.57357, -9.22282 ], [ -62.57531, -9.21886 ], [ -62.57635, -9.21919 ], [ -62.57585, -9.21766 ], [ -62.57773, -9.21486 ], [ -62.57809, -9.21044 ], [ -62.57932, -9.21069 ], [ -62.57942, -9.20766 ], [ -62.57901, -9.20729 ], [ -62.57856, -9.20812 ], [ -62.57729, -9.20788 ], [ -62.57776, -9.20503 ], [ -62.57637, -9.20043 ], [ -62.57564, -9.20047 ], [ -62.57689, -9.19698 ], [ -62.57591, -9.19681 ], [ -62.57583, -9.19544 ], [ -62.57329, -9.19102 ], [ -62.57088, -9.18929 ], [ -62.56956, -9.18733 ], [ -62.56966, -9.18326 ], [ -62.57061, -9.18029 ], [ -62.56965, -9.17956 ], [ -62.56917, -9.18015 ], [ -62.56838, -9.17854 ], [ -62.56859, -9.17712 ], [ -62.56965, -9.17627 ], [ -62.56967, -9.17498 ], [ -62.57338, -9.17267 ], [ -62.57441, -9.16941 ], [ -62.57409, -9.16587 ], [ -62.57576, -9.16435 ], [ -62.57527, -9.16274 ], [ -62.57387, -9.16132 ], [ -62.57362, -9.15858 ], [ -62.57499, -9.15742 ], [ -62.57535, -9.15615 ], [ -62.57417, -9.15214 ], [ -62.5748, -9.14924 ], [ -62.57638, -9.14606 ], [ -62.5754, -9.14363 ], [ -62.57611, -9.14323 ], [ -62.5766, -9.14378 ], [ -62.57713, -9.14164 ], [ -62.5758, -9.1396 ], [ -62.57594, -9.13814 ], [ -62.57675, -9.13761 ], [ -62.57603, -9.13649 ], [ -62.57685, -9.13431 ], [ -62.57694, -9.131 ], [ -62.57638, -9.13004 ], [ -62.57512, -9.12991 ], [ -62.57492, -9.12814 ], [ -62.57279, -9.12695 ], [ -62.5715, -9.12486 ], [ -62.56959, -9.12506 ], [ -62.56789, -9.12421 ], [ -62.56493, -9.12495 ], [ -62.56412, -9.12435 ], [ -62.56504, -9.11798 ], [ -62.56468, -9.11621 ] ] } },
{ "type": "Feature", "properties": { "name": "Rio Jaru" }, "geometry": { "type": "LineString", "coordinates": [ [ -62.57179, -10.51639 ], [ -62.56848, -10.51502 ], [ -62.56451, -10.50886 ], [ -62.56041, -10.50697 ], [ -62.55925, -10.50443 ], [ -62.55809, -10.505 ], [ -62.55782, -10.50796 ], [ -62.55578, -10.50678 ], [ -62.55301, -10.50756 ], [ -62.55393, -10.50992 ], [ -62.55286, -10.51186 ], [ -62.55144, -10.51051 ], [ -62.55041, -10.51169 ], [ -62.54932, -10.51186 ], [ -62.54561, -10.51061 ], [ -62.54382, -10.51091 ], [ -62.54273, -10.50775 ], [ -62.54284, -10.50066 ], [ -62.54164, -10.49519 ], [ -62.5429, -10.49194 ], [ -62.54314, -10.48865 ], [ -62.54256, -10.48715 ], [ -62.53855, -10.48597 ], [ -62.53372, -10.48114 ], [ -62.52458, -10.48049 ], [ -62.52031, -10.47844 ], [ -62.51857, -10.47627 ], [ -62.51593, -10.47643 ], [ -62.51501, -10.47487 ], [ -62.51202, -10.47521 ], [ -62.51057, -10.47422 ], [ -62.50718, -10.47409 ], [ -62.50509, -10.47297 ], [ -62.50241, -10.47274 ], [ -62.50119, -10.47179 ], [ -62.499, -10.47139 ], [ -62.49898, -10.46941 ], [ -62.4963, -10.46732 ], [ -62.49518, -10.46517 ], [ -62.49692, -10.46012 ], [ -62.49533, -10.45884 ], [ -62.49269, -10.45842 ], [ -62.49112, -10.45709 ], [ -62.48992, -10.45702 ], [ -62.48825, -10.45917 ], [ -62.48529, -10.46126 ], [ -62.48351, -10.46386 ], [ -62.4804, -10.46544 ], [ -62.47338, -10.46588 ], [ -62.46868, -10.4646 ], [ -62.46526, -10.46029 ], [ -62.46526, -10.45743 ], [ -62.46776, -10.45097 ], [ -62.46616, -10.44723 ], [ -62.46482, -10.44643 ], [ -62.45893, -10.44529 ], [ -62.45692, -10.44544 ], [ -62.45424, -10.44449 ], [ -62.45251, -10.44499 ], [ -62.4504, -10.44703 ], [ -62.44683, -10.44603 ], [ -62.44304, -10.44248 ], [ -62.44253, -10.44124 ], [ -62.4402, -10.4403 ], [ -62.43893, -10.43691 ], [ -62.44039, -10.43577 ], [ -62.44056, -10.4349 ], [ -62.4372, -10.43131 ], [ -62.43616, -10.42868 ], [ -62.43801, -10.42561 ], [ -62.4344, -10.42242 ], [ -62.43366, -10.41724 ], [ -62.43449, -10.41587 ], [ -62.43396, -10.41331 ], [ -62.42853, -10.4115 ], [ -62.42344, -10.41251 ], [ -62.42385, -10.40985 ], [ -62.42307, -10.40845 ], [ -62.42094, -10.40672 ], [ -62.41883, -10.40757 ], [ -62.4179, -10.40711 ], [ -62.41853, -10.40343 ], [ -62.418, -10.39813 ], [ -62.41601, -10.39774 ], [ -62.41177, -10.3946 ], [ -62.41021, -10.39186 ], [ -62.40829, -10.39094 ], [ -62.40608, -10.38648 ], [ -62.4038, -10.38469 ], [ -62.40231, -10.38397 ], [ -62.40091, -10.38429 ], [ -62.39851, -10.38762 ], [ -62.39667, -10.38832 ], [ -62.39264, -10.38635 ], [ -62.39204, -10.38526 ], [ -62.39206, -10.38198 ], [ -62.38544, -10.37529 ], [ -62.38586, -10.36989 ], [ -62.38108, -10.36696 ], [ -62.37922, -10.36272 ], [ -62.37181, -10.35943 ], [ -62.37213, -10.35624 ], [ -62.37154, -10.35515 ], [ -62.37105, -10.35503 ], [ -62.3695, -10.35677 ], [ -62.36714, -10.35671 ], [ -62.36612, -10.35268 ], [ -62.3645, -10.3511 ], [ -62.3616, -10.35165 ], [ -62.35925, -10.35309 ], [ -62.35747, -10.35316 ], [ -62.35423, -10.35934 ], [ -62.35395, -10.36101 ], [ -62.35203, -10.36295 ], [ -62.34816, -10.36344 ], [ -62.34803, -10.36442 ], [ -62.34722, -10.36483 ] ] } },
{ "type": "Feature", "properties": { "name": "Rio Mucuim" }, "geometry": { "type": "LineString", "coordinates": [ [ -64.20016, -8.75078 ], [ -64.20256, -8.74972 ], [ -64.20432, -8.75078 ], [ -64.20464, -8.74821 ], [ -64.2058, -8.74906 ], [ -64.20666, -8.74639 ], [ -64.20833, -8.74719 ], [ -64.20992, -8.74715 ], [ -64.21069, -8.74635 ], [ -64.21166, -8.74671 ], [ -64.21264, -8.74868 ], [ -64.2147, -8.74976 ], [ -64.22475, -8.75141 ], [ -64.22488, -8.75046 ], [ -64.22397, -8.74999 ], [ -64.22507, -8.74683 ], [ -64.22314, -8.7448 ], [ -64.22318, -8.74374 ], [ -64.22412, -8.74191 ], [ -64.22627, -8.74037 ], [ -64.22683, -8.73867 ], [ -64.22812, -8.73873 ], [ -64.22779, -8.73663 ], [ -64.22634, -8.73661 ], [ -64.22625, -8.73617 ], [ -64.22721, -8.73566 ], [ -64.22962, -8.73593 ], [ -64.22962, -8.73436 ], [ -64.22822, -8.73371 ], [ -64.22794, -8.73445 ], [ -64.22704, -8.73434 ], [ -64.227, -8.73328 ], [ -64.22606, -8.73235 ], [ -64.22764, -8.73063 ], [ -64.22773, -8.72946 ], [ -64.22885, -8.72925 ], [ -64.22927, -8.73019 ], [ -64.22977, -8.73006 ], [ -64.2303, -8.72891 ], [ -64.22936, -8.72845 ], [ -64.22962, -8.72766 ], [ -64.23159, -8.72785 ], [ -64.23048, -8.72669 ], [ -64.23114, -8.72603 ], [ -64.22988, -8.72552 ], [ -64.22977, -8.7249 ], [ -64.23269, -8.72463 ], [ -64.23369, -8.72526 ], [ -64.23415, -8.72484 ], [ -64.23342, -8.72384 ], [ -64.23762, -8.72476 ], [ -64.23676, -8.72189 ], [ -64.23835, -8.7227 ], [ -64.23947, -8.722 ], [ -64.23895, -8.72007 ], [ -64.23812, -8.71975 ], [ -64.24095, -8.71907 ], [ -64.24151, -8.71746 ], [ -64.24241, -8.71733 ], [ -64.24299, -8.71801 ], [ -64.24271, -8.71631 ], [ -64.24335, -8.71511 ], [ -64.24425, -8.71674 ], [ -64.24528, -8.71617 ], [ -64.24481, -8.71462 ], [ -64.24335, -8.71385 ], [ -64.24427, -8.71279 ], [ -64.24271, -8.71245 ], [ -64.24374, -8.71097 ], [ -64.24215, -8.71035 ], [ -64.24176, -8.7111 ], [ -64.24133, -8.71082 ], [ -64.24159, -8.70999 ], [ -64.24296, -8.70955 ], [ -64.24202, -8.70772 ], [ -64.24331, -8.70679 ], [ -64.24142, -8.70607 ], [ -64.2429, -8.7045 ], [ -64.23936, -8.70081 ], [ -64.23975, -8.69996 ], [ -64.23902, -8.69926 ], [ -64.23878, -8.69722 ], [ -64.23642, -8.69665 ], [ -64.23638, -8.69406 ], [ -64.23468, -8.693 ], [ -64.23425, -8.69182 ], [ -64.23292, -8.69296 ], [ -64.23045, -8.69311 ], [ -64.22676, -8.69495 ], [ -64.22513, -8.6929 ], [ -64.2194, -8.68889 ], [ -64.21297, -8.6888 ], [ -64.20698, -8.68772 ], [ -64.20522, -8.68418 ], [ -64.20541, -8.67973 ], [ -64.20494, -8.67945 ], [ -64.20426, -8.68043 ], [ -64.20342, -8.68017 ], [ -64.20199, -8.67786 ], [ -64.20116, -8.67753 ], [ -64.20036, -8.67447 ], [ -64.19835, -8.67464 ], [ -64.19416, -8.67655 ], [ -64.19171, -8.67666 ], [ -64.18919, -8.67608 ], [ -64.18876, -8.67495 ], [ -64.18721, -8.67563 ], [ -64.18691, -8.67445 ], [ -64.18369, -8.67391 ], [ -64.18533, -8.67009 ], [ -64.18853, -8.66947 ], [ -64.18781, -8.66846 ], [ -64.18483, -8.668 ], [ -64.1823, -8.66379 ], [ -64.18095, -8.66476 ], [ -64.17925, -8.66402 ], [ -64.17813, -8.66024 ], [ -64.17573, -8.6602 ], [ -64.17376, -8.66139 ], [ -64.17015, -8.65971 ], [ -64.16854, -8.65793 ], [ -64.16897, -8.65613 ], [ -64.16846, -8.65456 ], [ -64.1676, -8.65397 ], [ -64.16747, -8.65119 ], [ -64.15972, -8.64544 ], [ -64.1597, -8.64487 ], [ -64.16187, -8.64472 ], [ -64.16193, -8.6441 ], [ -64.15715, -8.63946 ], [ -64.15586, -8.63689 ], [ -64.15554, -8.6378 ], [ -64.15507, -8.63748 ], [ -64.1561, -8.63536 ], [ -64.15736, -8.63587 ], [ -64.1597, -8.63502 ], [ -64.15975, -8.63405 ], [ -64.15846, -8.6322 ], [ -64.16123, -8.62849 ], [ -64.16277, -8.6284 ], [ -64.1623, -8.62647 ], [ -64.16389, -8.62554 ], [ -64.16307, -8.62439 ], [ -64.16213, -8.62558 ], [ -64.16084, -8.62541 ], [ -64.16067, -8.62477 ], [ -64.16202, -8.62403 ], [ -64.16189, -8.62354 ], [ -64.16086, -8.6231 ], [ -64.15957, -8.62365 ], [ -64.15672, -8.62151 ], [ -64.15661, -8.62032 ], [ -64.15784, -8.62094 ], [ -64.1579, -8.61973 ], [ -64.15586, -8.6196 ], [ -64.15492, -8.62026 ], [ -64.15404, -8.61909 ], [ -64.15292, -8.61924 ], [ -64.15155, -8.61843 ], [ -64.15118, -8.61724 ], [ -64.15183, -8.61586 ], [ -64.1523, -8.61712 ], [ -64.15316, -8.61746 ], [ -64.1555, -8.61637 ], [ -64.15475, -8.61578 ], [ -64.15543, -8.61497 ], [ -64.15891, -8.61466 ], [ -64.15921, -8.61383 ], [ -64.15839, -8.61268 ], [ -64.15769, -8.60908 ], [ -64.1602, -8.60753 ], [ -64.1617, -8.60538 ], [ -64.16363, -8.60473 ], [ -64.16635, -8.60498 ], [ -64.16524, -8.60685 ], [ -64.16578, -8.60742 ], [ -64.1705, -8.60207 ], [ -64.17146, -8.60299 ], [ -64.17138, -8.6046 ], [ -64.17241, -8.60689 ], [ -64.17374, -8.60848 ], [ -64.17451, -8.60874 ], [ -64.17492, -8.60808 ], [ -64.17539, -8.60884 ], [ -64.17541, -8.60683 ], [ -64.17741, -8.606 ], [ -64.17685, -8.60426 ], [ -64.17886, -8.6026 ], [ -64.18028, -8.60386 ], [ -64.182, -8.60299 ], [ -64.18142, -8.59832 ], [ -64.1832, -8.59811 ], [ -64.18734, -8.59613 ], [ -64.18833, -8.59342 ], [ -64.19208, -8.59323 ], [ -64.19391, -8.5917 ], [ -64.20268, -8.58854 ], [ -64.20547, -8.5876 ], [ -64.20942, -8.58733 ], [ -64.20873, -8.58572 ], [ -64.20678, -8.5848 ], [ -64.20459, -8.58181 ], [ -64.20609, -8.57776 ], [ -64.20764, -8.57649 ], [ -64.20549, -8.57551 ], [ -64.20438, -8.57301 ], [ -64.20101, -8.57023 ], [ -64.20496, -8.56883 ], [ -64.20571, -8.56961 ], [ -64.2044, -8.57091 ], [ -64.20547, -8.57101 ], [ -64.20654, -8.56842 ], [ -64.20927, -8.56874 ], [ -64.21006, -8.56617 ], [ -64.20955, -8.55832 ], [ -64.20717, -8.55716 ], [ -64.20558, -8.55493 ], [ -64.20427, -8.55501 ], [ -64.20369, -8.5544 ], [ -64.205, -8.55291 ], [ -64.20637, -8.55342 ], [ -64.20719, -8.55266 ], [ -64.20875, -8.55285 ], [ -64.20785, -8.55134 ], [ -64.20936, -8.55115 ], [ -64.2086, -8.55001 ], [ -64.20635, -8.55001 ], [ -64.20519, -8.5492 ], [ -64.20498, -8.54718 ], [ -64.20629, -8.54718 ], [ -64.20732, -8.54827 ], [ -64.20672, -8.54956 ], [ -64.20833, -8.54831 ], [ -64.20777, -8.54667 ], [ -64.20803, -8.5436 ], [ -64.21056, -8.54237 ], [ -64.20959, -8.54099 ], [ -64.2083, -8.54122 ], [ -64.20738, -8.53863 ], [ -64.20813, -8.53772 ], [ -64.21028, -8.53804 ], [ -64.21013, -8.53698 ], [ -64.20931, -8.53674 ], [ -64.21034, -8.53545 ], [ -64.20963, -8.53496 ], [ -64.21075, -8.53452 ], [ -64.21094, -8.53343 ], [ -64.20528, -8.53148 ], [ -64.20423, -8.52942 ], [ -64.20292, -8.52955 ], [ -64.20305, -8.52717 ], [ -64.20006, -8.5286 ], [ -64.19916, -8.52539 ], [ -64.19663, -8.52399 ], [ -64.19255, -8.52318 ], [ -64.17856, -8.52849 ], [ -64.1752, -8.52851 ], [ -64.1732, -8.52775 ], [ -64.17382, -8.52582 ], [ -64.1764, -8.52594 ], [ -64.17723, -8.52724 ], [ -64.1812, -8.52601 ], [ -64.1817, -8.52524 ], [ -64.18049, -8.5242 ], [ -64.18039, -8.5228 ], [ -64.18445, -8.51942 ], [ -64.18184, -8.51657 ], [ -64.18501, -8.50868 ], [ -64.18293, -8.5035 ], [ -64.18359, -8.49249 ], [ -64.1825, -8.48338 ], [ -64.18372, -8.48124 ], [ -64.18396, -8.47929 ], [ -64.18332, -8.47869 ], [ -64.18151, -8.47975 ], [ -64.1792, -8.47931 ], [ -64.17514, -8.47729 ], [ -64.17396, -8.47956 ], [ -64.17179, -8.47954 ], [ -64.16885, -8.47797 ], [ -64.16896, -8.47716 ], [ -64.17166, -8.47459 ], [ -64.1681, -8.47341 ], [ -64.16703, -8.47392 ], [ -64.16782, -8.47105 ], [ -64.16641, -8.46999 ], [ -64.16688, -8.4691 ], [ -64.16622, -8.4691 ], [ -64.16518, -8.46776 ], [ -64.16514, -8.4671 ], [ -64.16611, -8.46649 ], [ -64.16561, -8.46526 ], [ -64.16068, -8.46201 ], [ -64.1613, -8.46148 ], [ -64.16349, -8.4615 ], [ -64.15954, -8.45938 ], [ -64.15746, -8.45528 ], [ -64.15559, -8.45309 ], [ -64.15458, -8.45282 ], [ -64.15512, -8.45169 ], [ -64.15752, -8.45091 ], [ -64.15915, -8.4511 ], [ -64.1591, -8.44939 ], [ -64.15786, -8.44866 ], [ -64.15688, -8.44935 ], [ -64.15466, -8.44743 ], [ -64.15069, -8.44558 ], [ -64.14745, -8.447 ], [ -64.14513, -8.44371 ], [ -64.1444, -8.44348 ], [ -64.14382, -8.44435 ], [ -64.14236, -8.4432 ], [ -64.14264, -8.44085 ], [ -64.14166, -8.44064 ], [ -64.14144, -8.44168 ], [ -64.14078, -8.44187 ], [ -64.14142, -8.4393 ], [ -64.14099, -8.43883 ], [ -64.1396, -8.43987 ], [ -64.1394, -8.44168 ], [ -64.14033, -8.44286 ], [ -64.13895, -8.44403 ], [ -64.13696, -8.4411 ], [ -64.13597, -8.44414 ], [ -64.13273, -8.44295 ], [ -64.13215, -8.44333 ], [ -64.13301, -8.44429 ], [ -64.13136, -8.44401 ], [ -64.13163, -8.44225 ], [ -64.13026, -8.44093 ], [ -64.12842, -8.44242 ], [ -64.12979, -8.44291 ], [ -64.1299, -8.44348 ], [ -64.1273, -8.44325 ], [ -64.12571, -8.44197 ], [ -64.12636, -8.44076 ], [ -64.12509, -8.44036 ], [ -64.12494, -8.43921 ], [ -64.12382, -8.43843 ], [ -64.12831, -8.43777 ], [ -64.12945, -8.43616 ], [ -64.12983, -8.43395 ], [ -64.12852, -8.4335 ], [ -64.12848, -8.43516 ], [ -64.1267, -8.43469 ], [ -64.12588, -8.43387 ], [ -64.12638, -8.43285 ], [ -64.12473, -8.43174 ], [ -64.12402, -8.43263 ], [ -64.12185, -8.43244 ], [ -64.12194, -8.43121 ], [ -64.12071, -8.43147 ], [ -64.12022, -8.42953 ], [ -64.11861, -8.43053 ], [ -64.11962, -8.432 ], [ -64.11773, -8.43106 ], [ -64.11503, -8.43166 ], [ -64.11494, -8.42762 ], [ -64.12103, -8.41994 ], [ -64.1179, -8.41644 ], [ -64.11466, -8.41612 ], [ -64.11485, -8.41533 ], [ -64.11698, -8.41391 ], [ -64.11522, -8.41362 ], [ -64.11249, -8.41003 ], [ -64.11164, -8.41043 ], [ -64.11037, -8.40992 ], [ -64.10943, -8.41179 ], [ -64.10831, -8.41066 ], [ -64.10857, -8.41001 ], [ -64.10951, -8.41001 ], [ -64.10855, -8.40791 ], [ -64.109, -8.4068 ], [ -64.10828, -8.40383 ], [ -64.10996, -8.40264 ], [ -64.11086, -8.40468 ], [ -64.11146, -8.40241 ], [ -64.11204, -8.40211 ], [ -64.11271, -8.40268 ], [ -64.11213, -8.40092 ], [ -64.11385, -8.40048 ], [ -64.11269, -8.39871 ], [ -64.11144, -8.39859 ], [ -64.11144, -8.39795 ], [ -64.11307, -8.39795 ], [ -64.11215, -8.39663 ], [ -64.11024, -8.39615 ], [ -64.10988, -8.39366 ], [ -64.11031, -8.39254 ], [ -64.11415, -8.39073 ], [ -64.11724, -8.3881 ], [ -64.12264, -8.38855 ], [ -64.12299, -8.3877 ], [ -64.12221, -8.38687 ], [ -64.11964, -8.3864 ], [ -64.11874, -8.38417 ], [ -64.11895, -8.38315 ], [ -64.12185, -8.38056 ], [ -64.12312, -8.37789 ], [ -64.12397, -8.37783 ], [ -64.12481, -8.37923 ], [ -64.12698, -8.37952 ], [ -64.12803, -8.37806 ], [ -64.1282, -8.37515 ], [ -64.12972, -8.37477 ], [ -64.1311, -8.37532 ], [ -64.13264, -8.37383 ], [ -64.13505, -8.37341 ], [ -64.13524, -8.37173 ], [ -64.13436, -8.37046 ], [ -64.13037, -8.37014 ], [ -64.12945, -8.37131 ], [ -64.12964, -8.3733 ], [ -64.12874, -8.37345 ], [ -64.12756, -8.3695 ], [ -64.12915, -8.36566 ], [ -64.12713, -8.36379 ], [ -64.12816, -8.36023 ], [ -64.13071, -8.35906 ], [ -64.12771, -8.35887 ], [ -64.12548, -8.35528 ], [ -64.12215, -8.35407 ], [ -64.12183, -8.35316 ], [ -64.1241, -8.35244 ], [ -64.1211, -8.35078 ], [ -64.12041, -8.34942 ], [ -64.11867, -8.3508 ], [ -64.11915, -8.34855 ], [ -64.11863, -8.34789 ], [ -64.11537, -8.34842 ] ] } },
{ "type": "Feature", "properties": { "name": "Rio Madeira" }, "geometry": { "type": "LineString", "coordinates": [ [ -63.95007, -8.80142 ], [ -63.94515, -8.80039 ], [ -63.94098, -8.79787 ], [ -63.92369, -8.78202 ], [ -63.91751, -8.77083 ], [ -63.92347, -8.71609 ], [ -63.91871, -8.67233 ], [ -63.91678, -8.66121 ], [ -63.91322, -8.65074 ], [ -63.90851, -8.64265 ], [ -63.90245, -8.6369 ], [ -63.89873, -8.63493 ], [ -63.89449, -8.63432 ], [ -63.88464, -8.63699 ], [ -63.86936, -8.63898 ], [ -63.85842, -8.63881 ], [ -63.85061, -8.63695 ], [ -63.8417, -8.63107 ], [ -63.82855, -8.62025 ], [ -63.78648, -8.60578 ], [ -63.73165, -8.57754 ], [ -63.71422, -8.56927 ], [ -63.70328, -8.5657 ], [ -63.69658, -8.5649 ], [ -63.6795, -8.5649 ], [ -63.67358, -8.56422 ], [ -63.65474, -8.55972 ], [ -63.64981, -8.55929 ], [ -63.645, -8.55985 ], [ -63.64032, -8.56146 ], [ -63.6353, -8.5646 ], [ -63.6044, -8.59698 ], [ -63.58054, -8.61174 ], [ -63.57531, -8.61348 ], [ -63.56127, -8.61401 ], [ -63.55839, -8.61312 ], [ -63.53877, -8.60049 ], [ -63.53002, -8.59004 ], [ -63.52912, -8.58111 ], [ -63.53951, -8.5641 ], [ -63.54887, -8.55113 ], [ -63.55813, -8.54254 ], [ -63.5827, -8.5243 ], [ -63.58993, -8.51823 ], [ -63.59237, -8.51284 ], [ -63.59397, -8.49884 ], [ -63.59337, -8.49351 ], [ -63.59197, -8.48956 ], [ -63.58415, -8.48018 ], [ -63.57743, -8.47766 ], [ -63.57074, -8.477 ], [ -63.56526, -8.47823 ], [ -63.55462, -8.47844 ], [ -63.54969, -8.4764 ], [ -63.53551, -8.46881 ], [ -63.5094, -8.45077 ], [ -63.49921, -8.44447 ] ] } },
{ "type": "Feature", "properties": { "name": "Rio São Fransisco" }, "geometry": { "type": "LineString", "coordinates": [ [ -64.53657, -9.57755 ], [ -64.53521, -9.5782 ], [ -64.53457, -9.57765 ], [ -64.53453, -9.57852 ], [ -64.53305, -9.57723 ], [ -64.53272, -9.57799 ], [ -64.53017, -9.57659 ], [ -64.52981, -9.57545 ], [ -64.52689, -9.57486 ], [ -64.52273, -9.57492 ], [ -64.52058, -9.57613 ], [ -64.51622, -9.5746 ], [ -64.51543, -9.57505 ], [ -64.5165, -9.57907 ], [ -64.515, -9.58135 ], [ -64.51378, -9.58074 ], [ -64.51386, -9.5771 ], [ -64.51122, -9.57651 ], [ -64.50878, -9.57763 ], [ -64.50792, -9.57691 ], [ -64.50238, -9.57875 ], [ -64.50062, -9.58011 ], [ -64.49758, -9.57886 ], [ -64.49642, -9.57913 ], [ -64.49573, -9.58032 ], [ -64.49962, -9.58436 ], [ -64.49891, -9.58533 ], [ -64.49676, -9.58332 ], [ -64.49535, -9.58281 ], [ -64.49292, -9.58265 ], [ -64.49178, -9.58377 ], [ -64.49105, -9.58267 ], [ -64.48732, -9.58146 ], [ -64.4867, -9.57826 ], [ -64.48112, -9.57849 ], [ -64.47367, -9.5761 ], [ -64.47164, -9.57384 ], [ -64.47073, -9.57456 ], [ -64.46859, -9.57039 ], [ -64.46782, -9.56451 ], [ -64.46679, -9.56542 ], [ -64.46747, -9.56218 ], [ -64.46541, -9.56129 ], [ -64.46552, -9.55928 ], [ -64.46406, -9.55822 ], [ -64.46913, -9.55564 ], [ -64.46977, -9.55397 ], [ -64.46868, -9.5541 ], [ -64.46717, -9.55539 ], [ -64.46483, -9.55353 ], [ -64.464, -9.55469 ], [ -64.46402, -9.55348 ], [ -64.46252, -9.55285 ], [ -64.46217, -9.5497 ], [ -64.46312, -9.5469 ], [ -64.46269, -9.54576 ], [ -64.45994, -9.54144 ], [ -64.45685, -9.54093 ], [ -64.45668, -9.53628 ], [ -64.45378, -9.53554 ], [ -64.45091, -9.5322 ], [ -64.44977, -9.53014 ], [ -64.45035, -9.52595 ], [ -64.44786, -9.52494 ], [ -64.44237, -9.52068 ], [ -64.43928, -9.51905 ], [ -64.43896, -9.51808 ], [ -64.43913, -9.51474 ], [ -64.44172, -9.51518 ], [ -64.44308, -9.51812 ], [ -64.44361, -9.51814 ], [ -64.44421, -9.51679 ], [ -64.44314, -9.51609 ], [ -64.44402, -9.51402 ], [ -64.44572, -9.51347 ], [ -64.44625, -9.51086 ], [ -64.44619, -9.50915 ], [ -64.44451, -9.50545 ], [ -64.44662, -9.50422 ], [ -64.442, -9.49726 ], [ -64.44157, -9.49527 ], [ -64.44368, -9.49404 ], [ -64.44805, -9.49434 ], [ -64.44857, -9.49283 ], [ -64.44649, -9.4915 ], [ -64.4509, -9.48821 ], [ -64.45243, -9.48517 ], [ -64.4522, -9.48331 ], [ -64.45106, -9.48155 ], [ -64.45076, -9.48439 ], [ -64.44971, -9.48507 ], [ -64.44861, -9.48054 ], [ -64.44923, -9.47827 ], [ -64.45056, -9.47952 ], [ -64.45174, -9.47948 ], [ -64.45271, -9.47677 ], [ -64.4522, -9.47554 ], [ -64.44981, -9.47362 ], [ -64.44958, -9.46923 ], [ -64.44752, -9.46587 ], [ -64.4484, -9.4654 ], [ -64.44938, -9.46614 ], [ -64.45065, -9.46534 ], [ -64.44973, -9.45935 ], [ -64.44597, -9.45723 ], [ -64.44629, -9.45558 ], [ -64.44711, -9.45552 ], [ -64.44775, -9.45664 ], [ -64.4493, -9.45594 ], [ -64.44805, -9.45448 ], [ -64.44715, -9.45076 ], [ -64.44765, -9.45012 ], [ -64.4499, -9.44983 ], [ -64.44883, -9.44887 ], [ -64.44896, -9.44817 ], [ -64.44984, -9.44729 ], [ -64.45067, -9.44851 ], [ -64.45239, -9.44403 ], [ -64.45411, -9.44312 ], [ -64.4543, -9.44212 ], [ -64.45552, -9.44201 ], [ -64.45664, -9.44276 ], [ -64.45752, -9.44127 ], [ -64.45623, -9.44132 ], [ -64.45696, -9.43924 ], [ -64.45902, -9.4399 ], [ -64.45958, -9.43954 ], [ -64.46016, -9.43746 ], [ -64.45859, -9.43668 ], [ -64.45868, -9.43615 ], [ -64.46307, -9.43645 ], [ -64.46556, -9.43514 ], [ -64.46387, -9.42898 ], [ -64.46119, -9.4255 ], [ -64.46157, -9.42466 ], [ -64.46357, -9.42459 ], [ -64.46488, -9.42116 ], [ -64.46591, -9.42248 ], [ -64.46722, -9.42157 ], [ -64.4644, -9.41716 ], [ -64.46383, -9.41255 ], [ -64.4649, -9.41111 ], [ -64.46702, -9.41092 ], [ -64.46859, -9.40965 ], [ -64.4696, -9.4055 ], [ -64.46822, -9.40573 ], [ -64.46775, -9.40514 ], [ -64.46908, -9.40262 ], [ -64.46859, -9.40038 ], [ -64.4699, -9.39771 ], [ -64.46925, -9.39697 ], [ -64.47009, -9.39561 ], [ -64.47337, -9.39536 ], [ -64.47533, -9.39439 ], [ -64.4749, -9.39343 ], [ -64.47183, -9.39301 ], [ -64.47222, -9.39132 ], [ -64.47531, -9.38863 ], [ -64.4773, -9.3848 ], [ -64.48097, -9.38107 ], [ -64.48003, -9.37982 ], [ -64.48078, -9.37999 ], [ -64.48387, -9.37844 ], [ -64.48397, -9.37048 ], [ -64.48127, -9.36816 ], [ -64.48043, -9.36515 ], [ -64.47932, -9.36375 ], [ -64.48204, -9.3618 ], [ -64.48234, -9.36007 ], [ -64.48138, -9.3584 ], [ -64.47889, -9.35708 ], [ -64.47784, -9.35727 ], [ -64.47788, -9.36144 ], [ -64.47687, -9.3631 ], [ -64.47619, -9.36312 ], [ -64.47711, -9.36193 ], [ -64.47642, -9.36127 ], [ -64.47676, -9.35958 ], [ -64.47548, -9.35791 ], [ -64.47567, -9.35664 ], [ -64.4746, -9.35566 ], [ -64.475, -9.35374 ], [ -64.47155, -9.35499 ], [ -64.46966, -9.35679 ], [ -64.46887, -9.35437 ], [ -64.46629, -9.35376 ], [ -64.46402, -9.35079 ], [ -64.46402, -9.34957 ], [ -64.467, -9.34561 ], [ -64.46677, -9.34438 ], [ -64.46432, -9.34487 ], [ -64.46062, -9.34791 ], [ -64.45828, -9.34538 ], [ -64.45838, -9.34426 ], [ -64.46004, -9.34212 ], [ -64.45994, -9.34094 ], [ -64.45361, -9.34038 ], [ -64.45607, -9.33924 ], [ -64.456, -9.33807 ], [ -64.45445, -9.33761 ], [ -64.45731, -9.33614 ], [ -64.45732, -9.33557 ], [ -64.45607, -9.33555 ], [ -64.45797, -9.33361 ], [ -64.45524, -9.33206 ], [ -64.454, -9.33282 ], [ -64.45326, -9.33126 ], [ -64.45436, -9.33058 ], [ -64.45429, -9.32983 ], [ -64.45226, -9.32982 ], [ -64.45261, -9.32772 ], [ -64.45021, -9.32714 ], [ -64.44905, -9.32549 ], [ -64.45169, -9.32431 ], [ -64.45146, -9.32291 ], [ -64.45303, -9.32344 ], [ -64.45423, -9.32286 ], [ -64.45247, -9.32165 ], [ -64.45428, -9.32091 ], [ -64.45442, -9.32012 ], [ -64.45348, -9.31883 ], [ -64.45218, -9.31885 ], [ -64.45211, -9.31795 ], [ -64.45391, -9.31673 ], [ -64.4572, -9.31636 ], [ -64.45972, -9.31127 ], [ -64.45705, -9.30882 ], [ -64.45666, -9.30747 ], [ -64.45795, -9.30546 ], [ -64.45523, -9.30546 ], [ -64.45336, -9.30655 ] ] } },
{ "type": "Feature", "properties": { "name": "Rio Candeias" }, "geometry": { "type": "LineString", "coordinates": [ [ -63.74631, -10.33549 ], [ -63.74631, -10.33542 ] ] } },
{ "type": "Feature", "properties": { "name": "Rio Candeias" }, "geometry": { "type": "LineString", "coordinates": [ [ -63.74631, -10.33542 ], [ -63.74475, -10.3292 ], [ -63.74299, -10.33038 ], [ -63.74249, -10.32902 ], [ -63.7417, -10.33027 ], [ -63.74019, -10.32771 ], [ -63.74146, -10.32578 ], [ -63.74032, -10.3254 ], [ -63.74077, -10.32367 ], [ -63.74028, -10.32038 ], [ -63.74131, -10.3199 ], [ -63.74015, -10.31726 ], [ -63.7414, -10.31689 ], [ -63.74039, -10.31443 ], [ -63.73905, -10.31406 ], [ -63.738, -10.31481 ], [ -63.73727, -10.31204 ], [ -63.73473, -10.31149 ], [ -63.73425, -10.31073 ], [ -63.73591, -10.31 ], [ -63.73617, -10.30774 ], [ -63.73894, -10.3027 ], [ -63.73991, -10.3025 ], [ -63.74088, -10.30388 ], [ -63.74181, -10.3032 ], [ -63.74107, -10.30233 ], [ -63.74148, -10.30042 ], [ -63.7406, -10.29831 ], [ -63.73855, -10.2975 ], [ -63.74002, -10.29117 ], [ -63.73978, -10.28879 ], [ -63.74124, -10.28665 ], [ -63.73942, -10.28494 ], [ -63.73766, -10.28499 ], [ -63.73693, -10.28292 ], [ -63.7353, -10.28328 ], [ -63.73383, -10.28213 ], [ -63.73299, -10.28361 ], [ -63.73251, -10.28222 ], [ -63.73145, -10.28195 ], [ -63.73099, -10.28076 ] ] } },
{ "type": "Feature", "properties": { "name": "Rio Candeias" }, "geometry": { "type": "LineString", "coordinates": [ [ -63.73094, -10.28063 ], [ -63.73092, -10.27634 ], [ -63.73336, -10.26983 ], [ -63.73333, -10.26849 ], [ -63.73238, -10.26751 ], [ -63.73367, -10.26691 ], [ -63.73381, -10.26624 ], [ -63.73247, -10.26448 ], [ -63.73299, -10.263 ], [ -63.73124, -10.26305 ], [ -63.73151, -10.25853 ], [ -63.73005, -10.25665 ], [ -63.72879, -10.25613 ], [ -63.73014, -10.2542 ], [ -63.72832, -10.25129 ], [ -63.72941, -10.24825 ], [ -63.72903, -10.24557 ] ] } },
{ "type": "Feature", "properties": { "name": "Rio Candeias" }, "geometry": { "type": "LineString", "coordinates": [ [ -63.73099, -10.28076 ], [ -63.73094, -10.28063 ] ] } },
{ "type": "Feature", "properties": { "name": "Rio Maici" }, "geometry": { "type": "LineString", "coordinates": [ [ -62.18944, -8.53581 ], [ -62.19092, -8.53277 ], [ -62.19495, -8.53038 ], [ -62.19862, -8.52628 ], [ -62.20553, -8.52233 ], [ -62.20628, -8.52032 ], [ -62.20489, -8.51701 ], [ -62.20532, -8.5138 ], [ -62.20905, -8.51223 ], [ -62.21272, -8.50656 ], [ -62.21901, -8.50472 ], [ -62.21978, -8.50393 ], [ -62.2201, -8.50122 ], [ -62.2212, -8.49954 ], [ -62.22317, -8.49922 ], [ -62.22491, -8.49757 ], [ -62.22641, -8.49718 ], [ -62.22896, -8.49464 ], [ -62.22929, -8.49279 ], [ -62.22853, -8.4898 ], [ -62.22669, -8.48827 ], [ -62.22426, -8.48483 ], [ -62.22126, -8.48394 ], [ -62.21718, -8.48466 ], [ -62.21517, -8.48413 ], [ -62.21193, -8.47418 ], [ -62.21205, -8.47155 ], [ -62.22092, -8.46875 ], [ -62.22731, -8.46809 ], [ -62.22991, -8.46694 ], [ -62.23201, -8.46469 ], [ -62.2325, -8.46352 ], [ -62.23185, -8.46026 ], [ -62.23342, -8.45549 ], [ -62.2364, -8.45476 ], [ -62.23751, -8.45022 ], [ -62.23906, -8.44895 ], [ -62.24131, -8.44417 ], [ -62.23902, -8.44084 ], [ -62.23904, -8.43577 ], [ -62.23968, -8.43248 ], [ -62.24258, -8.42715 ], [ -62.24251, -8.42384 ], [ -62.24384, -8.41724 ], [ -62.24781, -8.41346 ], [ -62.25992, -8.41115 ], [ -62.25936, -8.40892 ], [ -62.25966, -8.40724 ], [ -62.26095, -8.40703 ], [ -62.2626, -8.40444 ], [ -62.26378, -8.40427 ], [ -62.26519, -8.40138 ], [ -62.26519, -8.39839 ], [ -62.26683, -8.39705 ], [ -62.26595, -8.39397 ], [ -62.26702, -8.39075 ], [ -62.26294, -8.38669 ], [ -62.2605, -8.38724 ], [ -62.25867, -8.38667 ], [ -62.25453, -8.38818 ], [ -62.25325, -8.38621 ], [ -62.25085, -8.38556 ], [ -62.25079, -8.38441 ], [ -62.24937, -8.38378 ], [ -62.24899, -8.3828 ], [ -62.24948, -8.37809 ], [ -62.2519, -8.37783 ], [ -62.25199, -8.37616 ], [ -62.25431, -8.37261 ], [ -62.25663, -8.37295 ], [ -62.25652, -8.37176 ], [ -62.25484, -8.37064 ], [ -62.25356, -8.36839 ], [ -62.2574, -8.36792 ], [ -62.25815, -8.36679 ], [ -62.25936, -8.36716 ] ] } },
{ "type": "Feature", "properties": { "name": "Rio Punicici" }, "geometry": { "type": "LineString", "coordinates": [ [ -64.57232, -8.5754 ], [ -64.57316, -8.57487 ], [ -64.57378, -8.57525 ], [ -64.57434, -8.57217 ], [ -64.57979, -8.57073 ], [ -64.58082, -8.56901 ], [ -64.58067, -8.56354 ], [ -64.582, -8.56118 ], [ -64.58234, -8.55742 ], [ -64.58417, -8.55465 ], [ -64.58526, -8.55509 ], [ -64.58456, -8.55704 ], [ -64.58756, -8.55895 ], [ -64.58928, -8.55838 ], [ -64.58992, -8.55974 ], [ -64.59106, -8.55817 ], [ -64.59031, -8.55626 ], [ -64.59048, -8.55479 ], [ -64.59189, -8.55365 ], [ -64.59136, -8.55305 ], [ -64.59037, -8.5538 ], [ -64.59037, -8.55229 ], [ -64.59181, -8.55182 ], [ -64.59421, -8.55271 ], [ -64.59438, -8.55388 ], [ -64.59595, -8.55484 ], [ -64.59591, -8.55653 ], [ -64.59661, -8.55681 ], [ -64.59928, -8.55664 ], [ -64.59982, -8.55469 ], [ -64.60222, -8.55254 ], [ -64.60445, -8.55269 ], [ -64.6075, -8.55486 ], [ -64.6087, -8.55424 ], [ -64.61003, -8.55214 ], [ -64.61035, -8.55509 ], [ -64.60958, -8.55664 ], [ -64.61057, -8.557 ], [ -64.61153, -8.55447 ], [ -64.61128, -8.5511 ], [ -64.61458, -8.55021 ], [ -64.61649, -8.549 ], [ -64.61677, -8.54792 ], [ -64.6155, -8.54692 ], [ -64.61851, -8.54614 ], [ -64.62042, -8.54781 ], [ -64.62164, -8.54771 ], [ -64.62177, -8.54658 ], [ -64.62033, -8.54418 ], [ -64.62261, -8.5428 ], [ -64.62417, -8.54259 ], [ -64.62492, -8.54094 ], [ -64.62456, -8.53803 ], [ -64.62602, -8.53786 ], [ -64.62606, -8.53695 ], [ -64.62833, -8.53584 ], [ -64.62988, -8.53671 ], [ -64.6305, -8.53381 ], [ -64.63722, -8.53372 ], [ -64.6443, -8.53674 ], [ -64.64853, -8.5355 ], [ -64.6485, -8.53474 ], [ -64.64683, -8.53421 ], [ -64.64479, -8.53224 ], [ -64.64477, -8.53028 ], [ -64.64576, -8.52738 ], [ -64.64426, -8.52409 ], [ -64.64312, -8.52375 ], [ -64.64181, -8.52534 ], [ -64.64205, -8.526 ], [ -64.64368, -8.52553 ], [ -64.64378, -8.52619 ], [ -64.64228, -8.5278 ], [ -64.64134, -8.52797 ], [ -64.63896, -8.52761 ], [ -64.6387, -8.52579 ], [ -64.63711, -8.52523 ], [ -64.63756, -8.52224 ], [ -64.6419, -8.51959 ], [ -64.63936, -8.51908 ], [ -64.63908, -8.5166 ], [ -64.63825, -8.51605 ], [ -64.63709, -8.51655 ], [ -64.63715, -8.51566 ], [ -64.64001, -8.5146 ], [ -64.64145, -8.51159 ], [ -64.64398, -8.51063 ], [ -64.64492, -8.50917 ], [ -64.64572, -8.5093 ], [ -64.64423, -8.5065 ], [ -64.64368, -8.50641 ], [ -64.64278, -8.50817 ], [ -64.64181, -8.50635 ], [ -64.64121, -8.50692 ], [ -64.64024, -8.50308 ], [ -64.64076, -8.5021 ], [ -64.64378, -8.50144 ], [ -64.64351, -8.49956 ], [ -64.64258, -8.4992 ], [ -64.64333, -8.49856 ], [ -64.64396, -8.49605 ], [ -64.64728, -8.49459 ], [ -64.64936, -8.49438 ], [ -64.65447, -8.49535 ], [ -64.66273, -8.49336 ], [ -64.66318, -8.49179 ], [ -64.66209, -8.49077 ], [ -64.66183, -8.48905 ], [ -64.65842, -8.48663 ], [ -64.66297, -8.48544 ], [ -64.66464, -8.48302 ], [ -64.66462, -8.48542 ], [ -64.66649, -8.48307 ], [ -64.66837, -8.48358 ], [ -64.66795, -8.48519 ], [ -64.66681, -8.48587 ], [ -64.66704, -8.4865 ], [ -64.66934, -8.48574 ], [ -64.67176, -8.48661 ], [ -64.67174, -8.48485 ], [ -64.67511, -8.48672 ], [ -64.67739, -8.48449 ], [ -64.67788, -8.4851 ], [ -64.677, -8.48672 ], [ -64.67777, -8.48731 ], [ -64.67878, -8.48525 ], [ -64.68108, -8.48428 ], [ -64.68179, -8.48326 ], [ -64.6826, -8.485 ], [ -64.68636, -8.48341 ], [ -64.68743, -8.48012 ], [ -64.69073, -8.47797 ], [ -64.69927, -8.47678 ], [ -64.70093, -8.47852 ], [ -64.70296, -8.47937 ], [ -64.70515, -8.48175 ], [ -64.70681, -8.4819 ], [ -64.70891, -8.47863 ], [ -64.70805, -8.47672 ], [ -64.70824, -8.47574 ], [ -64.71028, -8.47371 ], [ -64.70899, -8.47271 ], [ -64.70861, -8.47103 ], [ -64.7091, -8.46923 ], [ -64.71065, -8.46953 ], [ -64.70955, -8.46774 ], [ -64.71168, -8.46757 ], [ -64.71286, -8.46624 ], [ -64.7147, -8.46621 ], [ -64.71522, -8.4656 ], [ -64.71404, -8.46356 ], [ -64.71489, -8.46172 ], [ -64.71474, -8.46017 ], [ -64.71695, -8.45896 ], [ -64.72183, -8.45446 ], [ -64.72828, -8.45117 ], [ -64.72771, -8.44843 ], [ -64.72477, -8.44694 ], [ -64.72395, -8.44376 ], [ -64.72215, -8.44121 ], [ -64.72316, -8.44036 ], [ -64.72637, -8.44019 ], [ -64.72914, -8.43758 ], [ -64.7308, -8.43695 ], [ -64.73024, -8.43616 ], [ -64.72854, -8.4358 ], [ -64.72951, -8.4338 ], [ -64.72792, -8.43058 ], [ -64.72831, -8.42824 ], [ -64.72738, -8.4288 ], [ -64.72749, -8.42744 ], [ -64.72655, -8.42722 ], [ -64.72691, -8.42071 ], [ -64.72957, -8.41986 ], [ -64.7315, -8.42071 ], [ -64.73376, -8.42079 ], [ -64.73573, -8.41833 ], [ -64.73957, -8.41876 ], [ -64.74058, -8.41782 ], [ -64.74049, -8.41653 ], [ -64.73796, -8.41542 ], [ -64.73796, -8.41493 ], [ -64.74461, -8.41309 ], [ -64.74637, -8.41192 ], [ -64.74852, -8.41345 ], [ -64.75206, -8.41315 ], [ -64.75242, -8.41375 ], [ -64.75127, -8.41536 ], [ -64.75238, -8.41572 ], [ -64.75541, -8.41381 ], [ -64.75599, -8.41048 ], [ -64.75893, -8.40961 ], [ -64.75787, -8.40787 ], [ -64.75993, -8.40721 ], [ -64.7638, -8.40876 ], [ -64.76659, -8.41173 ], [ -64.77099, -8.41041 ], [ -64.77184, -8.40918 ], [ -64.77332, -8.40347 ], [ -64.778, -8.39916 ], [ -64.778, -8.39827 ], [ -64.77712, -8.39778 ], [ -64.77564, -8.39872 ], [ -64.77508, -8.39536 ], [ -64.77605, -8.39241 ], [ -64.77779, -8.39156 ], [ -64.78049, -8.39154 ], [ -64.7788, -8.38815 ], [ -64.7795, -8.38638 ], [ -64.78103, -8.38628 ], [ -64.78373, -8.38753 ], [ -64.78594, -8.38587 ], [ -64.78699, -8.38842 ], [ -64.78929, -8.38891 ], [ -64.78892, -8.39437 ], [ -64.79307, -8.39318 ], [ -64.79592, -8.39078 ], [ -64.79626, -8.38976 ], [ -64.79176, -8.37898 ], [ -64.79189, -8.37762 ], [ -64.79407, -8.37647 ], [ -64.7953, -8.37675 ], [ -64.79626, -8.3781 ], [ -64.79661, -8.38125 ], [ -64.79832, -8.38178 ], [ -64.80004, -8.38059 ], [ -64.79972, -8.37789 ], [ -64.80212, -8.37382 ], [ -64.80573, -8.37469 ], [ -64.80733, -8.37645 ], [ -64.80819, -8.37609 ], [ -64.80865, -8.3711 ], [ -64.80948, -8.3711 ], [ -64.81023, -8.37207 ], [ -64.81056, -8.37358 ], [ -64.81137, -8.37352 ], [ -64.81206, -8.37218 ], [ -64.8115, -8.36972 ], [ -64.81251, -8.36753 ], [ -64.81274, -8.36384 ], [ -64.81485, -8.36084 ], [ -64.81352, -8.35982 ], [ -64.81137, -8.36135 ], [ -64.81116, -8.36035 ], [ -64.81206, -8.35885 ], [ -64.81047, -8.35819 ], [ -64.81053, -8.35759 ], [ -64.81661, -8.35713 ], [ -64.81867, -8.35634 ], [ -64.8251, -8.35738 ], [ -64.82661, -8.35844 ], [ -64.82661, -8.36269 ], [ -64.82787, -8.36258 ], [ -64.82894, -8.36014 ], [ -64.83006, -8.35972 ], [ -64.83373, -8.36263 ], [ -64.83369, -8.3646 ], [ -64.83534, -8.36381 ], [ -64.83654, -8.36441 ], [ -64.83613, -8.36267 ], [ -64.837, -8.36204 ], [ -64.84008, -8.36271 ], [ -64.84197, -8.36863 ], [ -64.84525, -8.37116 ], [ -64.84783, -8.37097 ], [ -64.85109, -8.36878 ], [ -64.85336, -8.36812 ], [ -64.85832, -8.36785 ], [ -64.8592, -8.36681 ], [ -64.85924, -8.36398 ], [ -64.86414, -8.36751 ], [ -64.86441, -8.36965 ], [ -64.86506, -8.3702 ], [ -64.86631, -8.36806 ], [ -64.86514, -8.36509 ], [ -64.86566, -8.36288 ], [ -64.86699, -8.36227 ], [ -64.86862, -8.36314 ], [ -64.86997, -8.365 ], [ -64.87235, -8.36583 ], [ -64.87441, -8.36528 ], [ -64.87504, -8.3666 ], [ -64.87735, -8.36643 ], [ -64.87909, -8.36761 ], [ -64.88117, -8.36655 ], [ -64.88479, -8.3667 ], [ -64.88961, -8.36987 ], [ -64.89085, -8.36893 ], [ -64.89061, -8.36742 ], [ -64.88964, -8.36616 ], [ -64.88637, -8.36517 ], [ -64.88667, -8.36213 ], [ -64.88506, -8.36048 ], [ -64.8868, -8.35851 ], [ -64.88605, -8.35653 ], [ -64.88497, -8.35602 ], [ -64.88634, -8.35437 ], [ -64.88566, -8.35267 ], [ -64.88658, -8.35182 ], [ -64.89055, -8.3522 ], [ -64.89407, -8.34985 ], [ -64.89495, -8.34768 ], [ -64.8936, -8.34619 ], [ -64.89624, -8.34312 ], [ -64.89725, -8.33941 ], [ -64.89828, -8.33995 ], [ -64.89843, -8.34243 ], [ -64.90075, -8.34265 ], [ -64.90018, -8.34023 ], [ -64.90297, -8.33959 ], [ -64.9043, -8.33651 ], [ -64.90525, -8.33622 ], [ -64.90598, -8.33855 ], [ -64.9069, -8.33849 ], [ -64.90855, -8.33702 ], [ -64.9096, -8.33834 ], [ -64.91173, -8.33861 ], [ -64.91656, -8.34373 ], [ -64.92119, -8.34386 ], [ -64.92319, -8.34278 ], [ -64.92555, -8.33817 ], [ -64.93027, -8.33524 ], [ -64.9328, -8.33571 ], [ -64.93482, -8.3349 ], [ -64.93492, -8.33316 ], [ -64.93703, -8.33152 ], [ -64.93756, -8.32985 ], [ -64.93502, -8.31536 ], [ -64.93014, -8.31469 ], [ -64.92249, -8.31206 ], [ -64.91282, -8.30387 ], [ -64.90887, -8.30144 ] ] } },
{ "type": "Feature", "properties": { "name": "Rio Preto" }, "geometry": { "type": "LineString", "coordinates": [ [ -62.57584, -9.03195 ], [ -62.57645, -9.02919 ], [ -62.57816, -9.03018 ], [ -62.57971, -9.028 ], [ -62.58046, -9.02877 ], [ -62.58153, -9.02638 ], [ -62.5829, -9.02606 ], [ -62.58272, -9.02447 ], [ -62.58626, -9.0222 ], [ -62.58667, -9.02105 ], [ -62.59091, -9.02542 ], [ -62.59532, -9.02691 ], [ -62.59727, -9.02667 ], [ -62.59846, -9.02484 ], [ -62.59709, -9.02465 ], [ -62.59675, -9.02363 ], [ -62.59884, -9.0218 ], [ -62.59988, -9.02206 ], [ -62.60173, -9.01997 ], [ -62.60274, -9.0199 ], [ -62.6038, -9.02153 ], [ -62.60363, -9.02317 ], [ -62.60601, -9.02241 ], [ -62.60883, -9.02322 ], [ -62.60911, -9.02232 ], [ -62.61032, -9.02301 ], [ -62.61159, -9.02289 ], [ -62.61205, -9.02206 ], [ -62.61145, -9.02096 ], [ -62.61207, -9.02032 ], [ -62.61518, -9.02042 ], [ -62.61496, -9.01911 ], [ -62.61722, -9.01895 ], [ -62.61987, -9.01524 ], [ -62.62114, -9.01488 ], [ -62.62225, -9.01296 ], [ -62.62352, -9.01253 ], [ -62.62275, -9.01082 ], [ -62.62477, -9.00899 ], [ -62.62477, -9.00778 ], [ -62.62629, -9.00628 ], [ -62.62723, -9.00645 ], [ -62.62689, -9.00432 ], [ -62.62579, -9.0027 ], [ -62.62794, -8.99992 ] ] } },
{ "type": "Feature", "properties": { "name": "Rio Machadino" }, "geometry": { "type": "LineString", "coordinates": [ [ -62.45009, -9.83707 ], [ -62.45088, -9.83652 ], [ -62.45103, -9.83371 ], [ -62.44971, -9.8323 ], [ -62.45121, -9.83105 ], [ -62.45154, -9.82971 ], [ -62.4505, -9.82832 ], [ -62.45095, -9.82785 ], [ -62.45025, -9.82747 ], [ -62.45004, -9.8259 ], [ -62.44795, -9.82416 ], [ -62.44826, -9.82282 ], [ -62.44635, -9.82288 ], [ -62.4464, -9.82074 ], [ -62.44455, -9.8219 ], [ -62.44442, -9.82051 ], [ -62.44289, -9.81905 ], [ -62.44069, -9.81783 ], [ -62.44017, -9.81897 ], [ -62.43941, -9.81891 ], [ -62.43841, -9.8176 ], [ -62.43837, -9.81637 ], [ -62.43491, -9.81463 ], [ -62.43431, -9.81266 ], [ -62.43316, -9.81274 ], [ -62.43155, -9.81135 ], [ -62.42931, -9.81086 ], [ -62.4298, -9.80995 ], [ -62.42829, -9.80869 ], [ -62.4285, -9.80749 ], [ -62.42676, -9.80663 ], [ -62.42529, -9.80678 ], [ -62.42389, -9.80468 ], [ -62.41768, -9.80498 ], [ -62.41552, -9.79953 ], [ -62.41421, -9.79967 ], [ -62.41271, -9.79856 ], [ -62.41331, -9.79813 ], [ -62.41464, -9.79866 ], [ -62.41472, -9.79821 ], [ -62.4134, -9.79671 ], [ -62.40902, -9.79558 ], [ -62.41091, -9.79519 ], [ -62.40935, -9.79391 ], [ -62.40526, -9.79361 ], [ -62.40493, -9.79245 ], [ -62.40426, -9.79342 ], [ -62.40333, -9.79241 ], [ -62.40054, -9.79226 ], [ -62.39658, -9.79019 ], [ -62.39705, -9.78837 ], [ -62.39403, -9.78722 ], [ -62.39266, -9.78763 ], [ -62.3875, -9.78146 ], [ -62.38477, -9.77602 ], [ -62.38495, -9.77506 ], [ -62.38379, -9.77511 ], [ -62.38377, -9.77443 ], [ -62.38455, -9.77427 ], [ -62.38405, -9.77297 ], [ -62.38226, -9.77259 ], [ -62.38121, -9.77046 ], [ -62.37888, -9.76933 ], [ -62.37733, -9.76965 ], [ -62.37657, -9.76846 ], [ -62.37456, -9.76877 ], [ -62.37341, -9.76673 ], [ -62.37119, -9.76576 ], [ -62.36759, -9.76105 ], [ -62.36491, -9.75958 ], [ -62.3634, -9.76098 ], [ -62.36293, -9.75996 ], [ -62.35919, -9.75963 ], [ -62.35649, -9.75852 ], [ -62.35314, -9.75964 ], [ -62.349, -9.75993 ], [ -62.34858, -9.75973 ], [ -62.34925, -9.75885 ], [ -62.34884, -9.7577 ], [ -62.34697, -9.75665 ], [ -62.34464, -9.7567 ], [ -62.34272, -9.75787 ], [ -62.34181, -9.75761 ], [ -62.34004, -9.75453 ], [ -62.33637, -9.75201 ], [ -62.33732, -9.75155 ], [ -62.33699, -9.75098 ], [ -62.33418, -9.7521 ], [ -62.33068, -9.74873 ], [ -62.32944, -9.74852 ], [ -62.32956, -9.74792 ], [ -62.33085, -9.74772 ], [ -62.33086, -9.74705 ], [ -62.32462, -9.74322 ], [ -62.32441, -9.74191 ], [ -62.32034, -9.74119 ], [ -62.31951, -9.73968 ], [ -62.3176, -9.73905 ], [ -62.31682, -9.73591 ], [ -62.31333, -9.73627 ], [ -62.30934, -9.7351 ], [ -62.30956, -9.73677 ], [ -62.30554, -9.7369 ], [ -62.30427, -9.73747 ], [ -62.30133, -9.73695 ], [ -62.30059, -9.73586 ], [ -62.29873, -9.73596 ], [ -62.2982, -9.73521 ], [ -62.29515, -9.73531 ], [ -62.2951, -9.7339 ], [ -62.29185, -9.73563 ], [ -62.29054, -9.73831 ], [ -62.28899, -9.73853 ], [ -62.28836, -9.73967 ], [ -62.28743, -9.73925 ], [ -62.28759, -9.74078 ], [ -62.28628, -9.74241 ], [ -62.2847, -9.74248 ], [ -62.28301, -9.74083 ], [ -62.27771, -9.74132 ], [ -62.27554, -9.7437 ], [ -62.27207, -9.74396 ], [ -62.27053, -9.74544 ], [ -62.26753, -9.74615 ], [ -62.26745, -9.74678 ], [ -62.26653, -9.74537 ], [ -62.26319, -9.74481 ], [ -62.26058, -9.74733 ], [ -62.26167, -9.74872 ], [ -62.26027, -9.75063 ], [ -62.25857, -9.75118 ], [ -62.25833, -9.75202 ], [ -62.25416, -9.75336 ], [ -62.25282, -9.75287 ], [ -62.25081, -9.7556 ], [ -62.24643, -9.7586 ], [ -62.24362, -9.75639 ], [ -62.24362, -9.75508 ], [ -62.23983, -9.75233 ], [ -62.2384, -9.75264 ], [ -62.23773, -9.75361 ], [ -62.23511, -9.75188 ], [ -62.23304, -9.75192 ], [ -62.23007, -9.74917 ], [ -62.22676, -9.74953 ], [ -62.2258, -9.74787 ], [ -62.225, -9.74824 ], [ -62.22523, -9.74887 ], [ -62.22329, -9.74882 ], [ -62.2189, -9.74265 ], [ -62.21927, -9.74131 ], [ -62.21872, -9.74055 ], [ -62.21662, -9.74077 ], [ -62.21235, -9.74283 ], [ -62.21103, -9.74206 ], [ -62.20915, -9.74412 ], [ -62.20594, -9.74252 ], [ -62.20476, -9.74115 ], [ -62.20313, -9.74079 ], [ -62.20256, -9.73965 ], [ -62.20283, -9.73731 ], [ -62.20159, -9.7369 ], [ -62.2015, -9.73525 ], [ -62.19983, -9.73232 ], [ -62.20007, -9.73147 ], [ -62.19868, -9.73147 ], [ -62.19938, -9.72995 ], [ -62.19822, -9.72928 ], [ -62.19873, -9.72612 ], [ -62.19433, -9.7234 ], [ -62.1936, -9.72154 ], [ -62.19472, -9.72052 ], [ -62.19382, -9.71934 ], [ -62.1939, -9.71828 ], [ -62.19139, -9.71614 ], [ -62.19026, -9.71428 ], [ -62.18979, -9.71248 ], [ -62.19059, -9.71121 ], [ -62.19052, -9.70934 ], [ -62.18696, -9.70958 ], [ -62.18302, -9.70716 ], [ -62.17931, -9.70684 ], [ -62.17594, -9.70858 ], [ -62.17502, -9.70811 ], [ -62.17451, -9.7093 ], [ -62.17319, -9.70813 ], [ -62.17256, -9.71015 ], [ -62.17111, -9.71056 ], [ -62.1698, -9.70961 ], [ -62.16719, -9.7097 ], [ -62.16709, -9.70627 ], [ -62.16574, -9.70784 ], [ -62.16373, -9.70808 ], [ -62.15525, -9.70453 ], [ -62.14865, -9.7049 ], [ -62.14914, -9.70226 ], [ -62.14776, -9.69911 ], [ -62.14104, -9.69522 ], [ -62.13941, -9.6924 ], [ -62.13826, -9.69201 ], [ -62.13771, -9.69102 ], [ -62.13687, -9.69148 ], [ -62.13638, -9.68934 ], [ -62.13527, -9.68957 ], [ -62.1347, -9.68848 ], [ -62.13189, -9.68887 ], [ -62.13074, -9.68686 ], [ -62.12653, -9.68372 ], [ -62.12691, -9.68221 ], [ -62.12559, -9.68081 ], [ -62.12623, -9.67691 ], [ -62.1236, -9.67243 ], [ -62.12315, -9.66809 ], [ -62.11804, -9.66498 ], [ -62.11677, -9.66492 ], [ -62.11406, -9.66138 ], [ -62.1153, -9.66092 ], [ -62.11598, -9.65861 ], [ -62.1171, -9.65748 ], [ -62.11873, -9.65672 ], [ -62.1182, -9.65503 ], [ -62.11703, -9.65633 ], [ -62.11598, -9.65518 ], [ -62.11702, -9.65104 ], [ -62.11812, -9.65123 ], [ -62.11707, -9.64737 ], [ -62.11558, -9.64608 ], [ -62.11704, -9.64533 ], [ -62.11719, -9.64436 ], [ -62.11575, -9.64396 ], [ -62.11419, -9.64079 ], [ -62.10937, -9.63639 ], [ -62.10887, -9.63371 ], [ -62.10828, -9.63334 ], [ -62.10786, -9.63425 ], [ -62.10652, -9.63428 ], [ -62.10635, -9.63336 ], [ -62.10544, -9.63316 ], [ -62.10386, -9.626 ], [ -62.10296, -9.62475 ], [ -62.10067, -9.62361 ], [ -62.10014, -9.62205 ], [ -62.10123, -9.62166 ], [ -62.10035, -9.61998 ], [ -62.09918, -9.6197 ], [ -62.09846, -9.61849 ], [ -62.09732, -9.61903 ], [ -62.09731, -9.61794 ], [ -62.0944, -9.61614 ], [ -62.09239, -9.61692 ], [ -62.09092, -9.6154 ], [ -62.08784, -9.61454 ], [ -62.08586, -9.61277 ], [ -62.08504, -9.61278 ], [ -62.08355, -9.60989 ], [ -62.08036, -9.60665 ], [ -62.07406, -9.60493 ], [ -62.07222, -9.60502 ], [ -62.07162, -9.60379 ], [ -62.07049, -9.60475 ], [ -62.0675, -9.60387 ], [ -62.06693, -9.59996 ], [ -62.06418, -9.59485 ], [ -62.06436, -9.59247 ], [ -62.0671, -9.59001 ], [ -62.06684, -9.58703 ], [ -62.06592, -9.58596 ], [ -62.06107, -9.58432 ], [ -62.05778, -9.58103 ], [ -62.0594, -9.57675 ], [ -62.0535, -9.57043 ], [ -62.05173, -9.56973 ], [ -62.04927, -9.56641 ], [ -62.049, -9.56446 ], [ -62.05055, -9.56372 ], [ -62.05419, -9.55987 ], [ -62.05434, -9.559 ], [ -62.0528, -9.556 ], [ -62.05097, -9.55657 ], [ -62.04941, -9.55534 ], [ -62.04975, -9.55278 ], [ -62.04821, -9.55181 ], [ -62.04741, -9.55198 ], [ -62.04836, -9.54709 ], [ -62.04812, -9.5447 ], [ -62.04698, -9.54222 ], [ -62.04634, -9.54205 ], [ -62.04407, -9.54385 ], [ -62.0431, -9.54309 ], [ -62.04319, -9.54129 ], [ -62.04243, -9.54068 ], [ -62.04029, -9.54163 ], [ -62.03679, -9.54112 ], [ -62.03518, -9.53865 ], [ -62.0337, -9.5377 ], [ -62.02945, -9.53795 ], [ -62.02722, -9.53681 ], [ -62.02357, -9.53327 ], [ -62.02314, -9.53126 ], [ -62.02211, -9.53035 ], [ -62.01977, -9.53213 ], [ -62.01475, -9.53075 ], [ -62.01259, -9.53099 ], [ -62.01169, -9.53131 ], [ -62.01123, -9.53319 ], [ -62.01164, -9.53459 ], [ -62.01342, -9.53725 ], [ -62.0152, -9.53772 ], [ -62.01808, -9.54053 ], [ -62.01754, -9.54203 ], [ -62.01632, -9.54182 ], [ -62.01568, -9.5429 ], [ -62.0169, -9.54474 ], [ -62.01656, -9.55475 ], [ -62.01424, -9.55744 ], [ -62.00802, -9.55763 ], [ -62.00656, -9.55475 ], [ -62.0049, -9.55369 ], [ -62.00355, -9.54986 ], [ -62.00396, -9.54639 ], [ -62.00194, -9.54476 ], [ -62.00342, -9.54409 ], [ -62.00484, -9.54237 ], [ -62.0034, -9.53744 ], [ -62.00209, -9.53516 ], [ -62.00031, -9.53423 ], [ -62.0004, -9.53283 ], [ -61.99909, -9.53171 ], [ -61.99815, -9.52925 ], [ -61.99735, -9.52862 ], [ -61.99525, -9.52853 ], [ -61.996, -9.52714 ], [ -61.99557, -9.52631 ], [ -61.99358, -9.52705 ], [ -61.99295, -9.52563 ], [ -61.99473, -9.51529 ], [ -61.99641, -9.51173 ], [ -61.99465, -9.50845 ], [ -61.99218, -9.50714 ], [ -61.99162, -9.50614 ], [ -61.99261, -9.50377 ], [ -61.99525, -9.50521 ], [ -61.99636, -9.50411 ], [ -61.99312, -9.50147 ], [ -61.99237, -9.49994 ], [ -61.99182, -9.49753 ], [ -61.99291, -9.49721 ], [ -61.99491, -9.49516 ], [ -61.99461, -9.49368 ], [ -61.99231, -9.49122 ], [ -61.99059, -9.49099 ], [ -61.99057, -9.49025 ], [ -61.99132, -9.49027 ], [ -61.99224, -9.48919 ], [ -61.99085, -9.48866 ], [ -61.99057, -9.48773 ], [ -61.99179, -9.48754 ], [ -61.99493, -9.48445 ], [ -61.996, -9.48219 ], [ -61.99679, -9.48356 ], [ -61.99658, -9.48066 ], [ -61.99757, -9.48032 ], [ -61.99634, -9.47823 ], [ -61.99651, -9.47573 ], [ -61.99596, -9.47469 ], [ -61.99834, -9.4748 ], [ -61.99778, -9.47338 ], [ -61.9951, -9.47186 ], [ -61.99478, -9.47038 ], [ -61.99216, -9.47148 ], [ -61.99182, -9.4698 ], [ -61.99278, -9.46722 ], [ -61.98885, -9.46561 ], [ -61.98978, -9.46409 ], [ -61.99083, -9.46492 ], [ -61.99177, -9.46381 ], [ -61.98956, -9.4606 ], [ -61.98746, -9.45893 ], [ -61.98634, -9.45679 ], [ -61.98559, -9.45206 ], [ -61.98797, -9.45111 ], [ -61.98873, -9.44988 ], [ -61.98703, -9.44463 ] ] } },
{ "type": "Feature", "properties": { "name": "Rio Madalena" }, "geometry": { "type": "LineString", "coordinates": [ [ -62.83942, -9.80494 ], [ -62.84036, -9.80595 ], [ -62.84679, -9.80881 ], [ -62.84704, -9.80978 ], [ -62.84912, -9.81167 ], [ -62.85507, -9.81554 ], [ -62.88571, -9.83122 ], [ -62.8891, -9.83145 ], [ -62.89583, -9.82745 ], [ -62.90183, -9.82801 ], [ -62.90661, -9.82987 ], [ -62.91333, -9.83497 ], [ -62.91553, -9.83552 ], [ -62.91698, -9.83507 ], [ -62.92144, -9.83681 ], [ -62.92481, -9.83681 ], [ -62.9285, -9.83976 ] ] } },
{ "type": "Feature", "properties": { "name": "Rio Muqui" }, "geometry": { "type": "LineString", "coordinates": [ [ -61.96487, -11.29622 ], [ -61.96364, -11.29512 ] ] } },
{ "type": "Feature", "properties": { "name": "Rio Jaci Paraná" }, "geometry": { "type": "LineString", "coordinates": [ [ -64.26503, -10.00005 ], [ -64.26773, -9.99912 ], [ -64.26831, -9.99712 ], [ -64.27044, -9.9976 ], [ -64.27147, -9.99507 ], [ -64.27389, -9.99431 ], [ -64.27389, -9.99302 ], [ -64.27215, -9.9893 ], [ -64.26917, -9.98875 ], [ -64.26874, -9.98795 ], [ -64.27134, -9.98562 ], [ -64.27417, -9.9812 ], [ -64.27797, -9.98182 ], [ -64.27872, -9.97968 ], [ -64.27988, -9.98085 ], [ -64.2826, -9.97835 ], [ -64.28275, -9.97518 ], [ -64.28207, -9.97364 ], [ -64.28278, -9.96905 ], [ -64.28327, -9.96793 ], [ -64.28514, -9.9669 ], [ -64.28625, -9.96426 ], [ -64.28518, -9.96037 ], [ -64.28196, -9.96128 ], [ -64.27795, -9.95973 ], [ -64.27634, -9.95732 ], [ -64.27582, -9.958 ], [ -64.27599, -9.95982 ], [ -64.27537, -9.95984 ], [ -64.27421, -9.95777 ], [ -64.27724, -9.95409 ], [ -64.27679, -9.95377 ], [ -64.27359, -9.9562 ], [ -64.27283, -9.95604 ], [ -64.27238, -9.95359 ], [ -64.27108, -9.95237 ], [ -64.26998, -9.94828 ], [ -64.27142, -9.94788 ], [ -64.27107, -9.94561 ], [ -64.27294, -9.94468 ], [ -64.27241, -9.9428 ], [ -64.27449, -9.94051 ], [ -64.27376, -9.93673 ], [ -64.27411, -9.93524 ], [ -64.27591, -9.93288 ], [ -64.27751, -9.93194 ], [ -64.27834, -9.9325 ], [ -64.27838, -9.93377 ], [ -64.27884, -9.93357 ], [ -64.28029, -9.92944 ], [ -64.28171, -9.93057 ], [ -64.28253, -9.93026 ], [ -64.2848, -9.92651 ], [ -64.28456, -9.92595 ], [ -64.28253, -9.92635 ], [ -64.28415, -9.92447 ], [ -64.28317, -9.92199 ], [ -64.28094, -9.92091 ], [ -64.2816, -9.91973 ], [ -64.28343, -9.91938 ], [ -64.28122, -9.9181 ], [ -64.28502, -9.91219 ], [ -64.2841, -9.91065 ], [ -64.28607, -9.90982 ], [ -64.2859, -9.90747 ], [ -64.28945, -9.90775 ], [ -64.29047, -9.90727 ], [ -64.2912, -9.9059 ], [ -64.28896, -9.89822 ], [ -64.28924, -9.89554 ], [ -64.29091, -9.89527 ], [ -64.29439, -9.89643 ], [ -64.30427, -9.89661 ], [ -64.30435, -9.89739 ], [ -64.3022, -9.8982 ], [ -64.30178, -9.89936 ], [ -64.30267, -9.90017 ], [ -64.30494, -9.90011 ], [ -64.30616, -9.90126 ], [ -64.30803, -9.89815 ], [ -64.3086, -9.89869 ], [ -64.30804, -9.9008 ], [ -64.31178, -9.89903 ], [ -64.31053, -9.89713 ], [ -64.31111, -9.89664 ], [ -64.31319, -9.89618 ], [ -64.31639, -9.89661 ], [ -64.3176, -9.89486 ], [ -64.31972, -9.8954 ] ] } },
{ "type": "Feature", "properties": { "name": "Rio Urupá" }, "geometry": { "type": "LineString", "coordinates": [ [ -62.05318, -10.97176 ], [ -62.04757, -10.9728 ], [ -62.04414, -10.97444 ], [ -62.04156, -10.97373 ], [ -62.04218, -10.97069 ], [ -62.04592, -10.96686 ], [ -62.04639, -10.96505 ], [ -62.04427, -10.96144 ], [ -62.04115, -10.96069 ], [ -62.03967, -10.95881 ], [ -62.0397, -10.9577 ], [ -62.04158, -10.95607 ], [ -62.04774, -10.95296 ], [ -62.0501, -10.95293 ], [ -62.05169, -10.95405 ], [ -62.05671, -10.9522 ], [ -62.06502, -10.95234 ], [ -62.06544, -10.95131 ], [ -62.06437, -10.94916 ], [ -62.06688, -10.94792 ], [ -62.06785, -10.94438 ], [ -62.0663, -10.94179 ], [ -62.06366, -10.94109 ], [ -62.06336, -10.93633 ], [ -62.0621, -10.93372 ], [ -62.06111, -10.93368 ], [ -62.06012, -10.93699 ], [ -62.05894, -10.93802 ], [ -62.05684, -10.93669 ], [ -62.05259, -10.9365 ], [ -62.04839, -10.93808 ], [ -62.04678, -10.93789 ], [ -62.04491, -10.93267 ], [ -62.04047, -10.93252 ], [ -62.03955, -10.93056 ], [ -62.03682, -10.92873 ], [ -62.03088, -10.9281 ], [ -62.02671, -10.92496 ], [ -62.02201, -10.92527 ], [ -62.02146, -10.92317 ], [ -62.02309, -10.92205 ], [ -62.02002, -10.91752 ], [ -62.01907, -10.9171 ], [ -62.0177, -10.91733 ], [ -62.01669, -10.9183 ], [ -62.01571, -10.92418 ], [ -62.01176, -10.92643 ], [ -62.00895, -10.92603 ], [ -62.00832, -10.92536 ], [ -62.00824, -10.92327 ], [ -62.00996, -10.9187 ], [ -62.00914, -10.9179 ], [ -62.0053, -10.9167 ], [ -62.00603, -10.91274 ], [ -62.00534, -10.91217 ], [ -62.00105, -10.9121 ], [ -61.99811, -10.91023 ], [ -61.99648, -10.91014 ], [ -61.99489, -10.91101 ], [ -61.99562, -10.91335 ], [ -61.99513, -10.91453 ], [ -61.98957, -10.91421 ], [ -61.98609, -10.9147 ], [ -61.9824, -10.91746 ], [ -61.97811, -10.9164 ], [ -61.97732, -10.91482 ], [ -61.97605, -10.91421 ], [ -61.97379, -10.9139 ], [ -61.97025, -10.91533 ], [ -61.96839, -10.91518 ], [ -61.9645, -10.91139 ], [ -61.96304, -10.90682 ], [ -61.96118, -10.90614 ], [ -61.96004, -10.90462 ], [ -61.9603, -10.90347 ], [ -61.96249, -10.90212 ], [ -61.96296, -10.89801 ], [ -61.96922, -10.89268 ], [ -61.96985, -10.88935 ], [ -61.96715, -10.8895 ], [ -61.9647, -10.88618 ], [ -61.95772, -10.8875 ], [ -61.95334, -10.88973 ], [ -61.94658, -10.88928 ] ] } },
{ "type": "Feature", "properties": { "name": "Rio Muqui" }, "geometry": { "type": "LineString", "coordinates": [ [ -62.35722, -11.28775 ], [ -62.3537, -11.28807 ], [ -62.3522, -11.28927 ], [ -62.34724, -11.30032 ], [ -62.34308, -11.2991 ], [ -62.34276, -11.29811 ], [ -62.33535, -11.29655 ], [ -62.33638, -11.29396 ], [ -62.33589, -11.29184 ], [ -62.33653, -11.29081 ], [ -62.33576, -11.29041 ], [ -62.33205, -11.2919 ], [ -62.32542, -11.29746 ], [ -62.32262, -11.29811 ], [ -62.31862, -11.29691 ], [ -62.31774, -11.29527 ], [ -62.31644, -11.29497 ], [ -62.31611, -11.2958 ], [ -62.31548, -11.29466 ], [ -62.30933, -11.29253 ], [ -62.30847, -11.29318 ], [ -62.30722, -11.29188 ], [ -62.3052, -11.29128 ], [ -62.30405, -11.29246 ], [ -62.30428, -11.29449 ], [ -62.3032, -11.29727 ], [ -62.30101, -11.2983 ], [ -62.29883, -11.30067 ], [ -62.29637, -11.30001 ], [ -62.29566, -11.30126 ], [ -62.29515, -11.30035 ], [ -62.29488, -11.30189 ], [ -62.29373, -11.30179 ], [ -62.29323, -11.30265 ], [ -62.29272, -11.30244 ], [ -62.29286, -11.30153 ], [ -62.28709, -11.3006 ], [ -62.28365, -11.30069 ], [ -62.28332, -11.2996 ], [ -62.28162, -11.29918 ], [ -62.27851, -11.29933 ], [ -62.27461, -11.30309 ], [ -62.2727, -11.30419 ], [ -62.27107, -11.30418 ], [ -62.27096, -11.30518 ], [ -62.26972, -11.30335 ], [ -62.27101, -11.30258 ], [ -62.26946, -11.29961 ], [ -62.26626, -11.30002 ], [ -62.26665, -11.29882 ], [ -62.26583, -11.29826 ], [ -62.26667, -11.29707 ], [ -62.26712, -11.29374 ], [ -62.26585, -11.29225 ], [ -62.26463, -11.29245 ], [ -62.26229, -11.29055 ], [ -62.26221, -11.28937 ], [ -62.26346, -11.28714 ], [ -62.26298, -11.28613 ], [ -62.26123, -11.28518 ], [ -62.25524, -11.28378 ], [ -62.25028, -11.28436 ], [ -62.24837, -11.28313 ], [ -62.24469, -11.28609 ], [ -62.2434, -11.28573 ], [ -62.24369, -11.28708 ], [ -62.24257, -11.28712 ], [ -62.24246, -11.28592 ], [ -62.24128, -11.28584 ], [ -62.24049, -11.28804 ], [ -62.23714, -11.28794 ], [ -62.235, -11.291 ], [ -62.23071, -11.29284 ] ] } },
{ "type": "Feature", "properties": { "name": "Igarapé Santa Rita" }, "geometry": { "type": "LineString", "coordinates": [ [ -62.9319, -10.00492 ], [ -62.93148, -10.00375 ], [ -62.92798, -10.00276 ], [ -62.92659, -10.00149 ], [ -62.92976, -9.98186 ], [ -62.93204, -9.97438 ], [ -62.92815, -9.96433 ], [ -62.92942, -9.95919 ], [ -62.93221, -9.95989 ], [ -62.93458, -9.95762 ], [ -62.93974, -9.95549 ], [ -62.94079, -9.953 ], [ -62.94429, -9.952 ], [ -62.94915, -9.94745 ] ] } },
{ "type": "Feature", "properties": { "name": "Igarapé do Retiro" }, "geometry": { "type": "LineString", "coordinates": [ [ -62.78197, -9.86536 ], [ -62.78165, -9.86989 ], [ -62.78707, -9.86969 ], [ -62.78828, -9.86889 ], [ -62.79136, -9.87054 ], [ -62.79703, -9.87922 ], [ -62.80115, -9.88365 ], [ -62.805, -9.8861 ], [ -62.80816, -9.88974 ], [ -62.81198, -9.88719 ], [ -62.8124, -9.88493 ], [ -62.81691, -9.87998 ], [ -62.81879, -9.88037 ], [ -62.82059, -9.87691 ], [ -62.82406, -9.87567 ], [ -62.82745, -9.87854 ] ] } },
{ "type": "Feature", "properties": { "name": "Rio Jamari" }, "geometry": { "type": "LineString", "coordinates": [ [ -63.11254, -10.00042 ], [ -63.10952, -9.99914 ], [ -63.10858, -9.99619 ], [ -63.10952, -9.9917 ], [ -63.10956, -9.98766 ], [ -63.11144, -9.98381 ], [ -63.11426, -9.98153 ], [ -63.11013, -9.97577 ], [ -63.10444, -9.97496 ], [ -63.10004, -9.97232 ], [ -63.09891, -9.96601 ], [ -63.09719, -9.96336 ], [ -63.09687, -9.96082 ], [ -63.09551, -9.95969 ], [ -63.09275, -9.95927 ], [ -63.09223, -9.95751 ], [ -63.09049, -9.95634 ], [ -63.09107, -9.95464 ], [ -63.09426, -9.95341 ], [ -63.09584, -9.95149 ], [ -63.09421, -9.94004 ], [ -63.09356, -9.9398 ], [ -63.09063, -9.94399 ], [ -63.08728, -9.94453 ], [ -63.08341, -9.9437 ], [ -63.08099, -9.94202 ], [ -63.07959, -9.9396 ], [ -63.07947, -9.93689 ], [ -63.07727, -9.93909 ], [ -63.07627, -9.93845 ], [ -63.07593, -9.9372 ] ] } },
{ "type": "Feature", "properties": { "name": "Igarapé Mapal" }, "geometry": { "type": "LineString", "coordinates": [ [ -62.70352, -9.94104 ], [ -62.71588, -9.94095 ], [ -62.72269, -9.94175 ], [ -62.72412, -9.94382 ], [ -62.72409, -9.94495 ], [ -62.73195, -9.94613 ], [ -62.73457, -9.95096 ], [ -62.73808, -9.95331 ], [ -62.73992, -9.95315 ], [ -62.74075, -9.95432 ], [ -62.74459, -9.95351 ] ] } },
{ "type": "Feature", "properties": { "name": "Igarapé Quatro" }, "geometry": { "type": "LineString", "coordinates": [ [ -62.99371, -9.9587 ], [ -62.99468, -9.95604 ], [ -62.9983, -9.95321 ], [ -63.0014, -9.95219 ], [ -63.00232, -9.94984 ], [ -63.00642, -9.94842 ] ] } },
{ "type": "Feature", "properties": { "name": "Igarapé Vinte e Dois" }, "geometry": { "type": "LineString", "coordinates": [ [ -62.97539, -9.98943 ], [ -62.97296, -9.98942 ], [ -62.97268, -9.98832 ], [ -62.9713, -9.98791 ], [ -62.97153, -9.98678 ], [ -62.96944, -9.9864 ], [ -62.96368, -9.98025 ], [ -62.96402, -9.97812 ], [ -62.96155, -9.97549 ], [ -62.96316, -9.96519 ], [ -62.96247, -9.96366 ], [ -62.9608, -9.9635 ], [ -62.96059, -9.96271 ], [ -62.95859, -9.96225 ], [ -62.95879, -9.96144 ], [ -62.95817, -9.96076 ], [ -62.95866, -9.95866 ], [ -62.95481, -9.95653 ], [ -62.95438, -9.95524 ], [ -62.95533, -9.95368 ], [ -62.95476, -9.95251 ], [ -62.9566, -9.94647 ], [ -62.95749, -9.94551 ], [ -62.9582, -9.94206 ], [ -62.95689, -9.93528 ], [ -62.95633, -9.93426 ], [ -62.95453, -9.93381 ], [ -62.95577, -9.93115 ], [ -62.95449, -9.93035 ], [ -62.95412, -9.92787 ] ] } },
{ "type": "Feature", "properties": { "name": "Igarapé" }, "geometry": { "type": "LineString", "coordinates": [ [ -63.05656, -9.89932 ], [ -63.05911, -9.89799 ], [ -63.0624, -9.90159 ], [ -63.06381, -9.90133 ] ] } },
{ "type": "Feature", "properties": { "name": "Rio Jamari" }, "geometry": { "type": "LineString", "coordinates": [ [ -63.12277, -9.50251 ], [ -63.12195, -9.50336 ], [ -63.12237, -9.50537 ], [ -63.12467, -9.50544 ], [ -63.1259, -9.50634 ], [ -63.12697, -9.5108 ], [ -63.12561, -9.51274 ], [ -63.12288, -9.51238 ], [ -63.12215, -9.51261 ], [ -63.12207, -9.51372 ], [ -63.12789, -9.51848 ], [ -63.12879, -9.51993 ], [ -63.12877, -9.52059 ], [ -63.12545, -9.52262 ], [ -63.11725, -9.5219 ], [ -63.11435, -9.5194 ], [ -63.11264, -9.51597 ], [ -63.11367, -9.51499 ], [ -63.11715, -9.51525 ], [ -63.11623, -9.50899 ], [ -63.11657, -9.50666 ], [ -63.12132, -9.50168 ] ] } },
{ "type": "Feature", "properties": { "name": "Rio Anari" }, "geometry": { "type": "LineString", "coordinates": [ [ -62.24841, -9.97756 ], [ -62.24729, -9.98091 ], [ -62.24756, -9.98248 ], [ -62.24668, -9.98352 ], [ -62.24725, -9.98387 ], [ -62.24718, -9.98571 ], [ -62.24601, -9.98849 ], [ -62.24656, -9.99309 ], [ -62.24502, -9.99736 ], [ -62.24399, -9.99839 ], [ -62.24375, -10.00057 ], [ -62.23459, -10.00579 ], [ -62.23303, -10.00715 ], [ -62.23173, -10.01012 ], [ -62.2304, -10.01132 ], [ -62.22839, -10.01192 ], [ -62.22794, -10.01332 ], [ -62.22566, -10.01385 ], [ -62.223, -10.01619 ], [ -62.22269, -10.01544 ], [ -62.22212, -10.01564 ], [ -62.22174, -10.01679 ], [ -62.22082, -10.01712 ], [ -62.22107, -10.01818 ], [ -62.21973, -10.01823 ], [ -62.21883, -10.01972 ], [ -62.21469, -10.02297 ], [ -62.21474, -10.02601 ], [ -62.21263, -10.02675 ], [ -62.21263, -10.02807 ], [ -62.21175, -10.02863 ], [ -62.21177, -10.03119 ], [ -62.21109, -10.03184 ], [ -62.20926, -10.03311 ], [ -62.20874, -10.0324 ], [ -62.20733, -10.03287 ], [ -62.20654, -10.03219 ], [ -62.20418, -10.03347 ], [ -62.20454, -10.03417 ], [ -62.20407, -10.03452 ], [ -62.20287, -10.03398 ], [ -62.20276, -10.03452 ], [ -62.20006, -10.03517 ], [ -62.19956, -10.03596 ], [ -62.19762, -10.03596 ], [ -62.19763, -10.03689 ], [ -62.19652, -10.03691 ], [ -62.19541, -10.03907 ], [ -62.19266, -10.03904 ], [ -62.19184, -10.04033 ], [ -62.18717, -10.04391 ], [ -62.18645, -10.0461 ], [ -62.18576, -10.0456 ], [ -62.18528, -10.04673 ], [ -62.18382, -10.04661 ], [ -62.18304, -10.04743 ], [ -62.18173, -10.04716 ], [ -62.17994, -10.04821 ], [ -62.17866, -10.04656 ], [ -62.17728, -10.04632 ], [ -62.17638, -10.04778 ], [ -62.17529, -10.04764 ], [ -62.17422, -10.04976 ], [ -62.1732, -10.05018 ], [ -62.17261, -10.04944 ], [ -62.17098, -10.04954 ], [ -62.16712, -10.05264 ], [ -62.16575, -10.05253 ], [ -62.16587, -10.05317 ], [ -62.1645, -10.05363 ], [ -62.16381, -10.05465 ], [ -62.16313, -10.05346 ], [ -62.1595, -10.05444 ], [ -62.15318, -10.05174 ], [ -62.14832, -10.05441 ], [ -62.14708, -10.05327 ], [ -62.14752, -10.05194 ], [ -62.14597, -10.05181 ], [ -62.1458, -10.05093 ], [ -62.13525, -10.05074 ], [ -62.135, -10.05034 ], [ -62.13607, -10.0498 ], [ -62.13576, -10.04845 ], [ -62.12942, -10.04498 ], [ -62.12854, -10.04467 ], [ -62.12754, -10.04539 ], [ -62.12628, -10.04289 ], [ -62.12652, -10.04173 ], [ -62.1244, -10.0418 ], [ -62.12364, -10.04101 ], [ -62.12389, -10.03984 ], [ -62.12268, -10.03926 ], [ -62.12184, -10.03981 ], [ -62.12084, -10.03882 ], [ -62.1178, -10.04102 ], [ -62.11738, -10.03999 ], [ -62.11503, -10.03894 ], [ -62.11199, -10.04053 ], [ -62.11139, -10.03997 ], [ -62.11046, -10.04039 ], [ -62.10979, -10.03952 ], [ -62.10998, -10.04051 ], [ -62.10863, -10.04025 ], [ -62.10767, -10.04217 ], [ -62.10691, -10.04241 ], [ -62.10605, -10.04214 ], [ -62.10558, -10.04099 ], [ -62.10578, -10.03956 ], [ -62.10256, -10.03988 ], [ -62.10061, -10.03883 ], [ -62.09779, -10.03664 ], [ -62.09672, -10.03474 ], [ -62.0958, -10.03488 ], [ -62.09524, -10.03413 ], [ -62.0953, -10.03335 ], [ -62.09708, -10.03249 ], [ -62.09723, -10.03061 ], [ -62.0965, -10.02749 ], [ -62.09447, -10.02855 ], [ -62.09409, -10.02823 ], [ -62.09347, -10.02478 ], [ -62.09386, -10.0236 ], [ -62.09249, -10.01974 ], [ -62.09287, -10.01822 ], [ -62.08971, -10.01843 ], [ -62.08628, -10.01691 ], [ -62.08783, -10.00947 ], [ -62.08611, -10.00967 ], [ -62.08588, -10.00739 ], [ -62.08514, -10.0075 ], [ -62.08504, -10.00648 ], [ -62.08353, -10.00641 ], [ -62.08227, -10.00297 ], [ -62.07963, -10.00113 ], [ -62.07878, -9.99933 ], [ -62.07569, -10.00004 ], [ -62.07464, -9.99784 ], [ -62.07264, -9.99847 ], [ -62.07186, -9.99714 ], [ -62.07065, -9.99668 ], [ -62.0701, -9.99473 ], [ -62.07074, -9.99277 ], [ -62.07048, -9.98917 ], [ -62.06735, -9.98807 ], [ -62.06686, -9.98829 ], [ -62.06704, -9.98992 ], [ -62.0624, -9.99054 ], [ -62.06268, -9.98972 ], [ -62.06215, -9.9895 ], [ -62.06113, -9.99014 ], [ -62.05993, -9.98759 ], [ -62.05736, -9.98627 ], [ -62.05766, -9.98518 ], [ -62.05595, -9.98604 ], [ -62.05536, -9.98435 ], [ -62.0546, -9.98532 ], [ -62.05265, -9.98333 ], [ -62.05139, -9.98372 ], [ -62.05092, -9.98224 ], [ -62.04835, -9.98129 ], [ -62.04767, -9.9812 ], [ -62.04736, -9.98242 ], [ -62.04656, -9.98216 ], [ -62.04644, -9.98074 ], [ -62.04425, -9.97922 ], [ -62.0426, -9.97983 ], [ -62.04093, -9.97839 ], [ -62.03992, -9.97878 ], [ -62.03983, -9.97727 ], [ -62.03689, -9.97646 ], [ -62.03536, -9.97485 ], [ -62.03333, -9.97481 ], [ -62.03178, -9.97327 ], [ -62.02833, -9.97237 ], [ -62.02754, -9.96832 ], [ -62.02646, -9.96686 ], [ -62.02686, -9.96616 ], [ -62.02612, -9.96556 ], [ -62.02671, -9.96482 ], [ -62.02605, -9.96399 ], [ -62.02685, -9.96038 ], [ -62.02526, -9.96006 ], [ -62.02505, -9.95842 ], [ -62.02365, -9.95826 ], [ -62.02265, -9.95893 ], [ -62.02114, -9.9576 ], [ -62.02133, -9.95646 ], [ -62.01681, -9.9507 ], [ -62.01735, -9.94961 ], [ -62.01646, -9.9461 ], [ -62.0148, -9.94598 ], [ -62.01424, -9.94469 ], [ -62.00966, -9.94313 ], [ -62.00936, -9.94017 ], [ -62.00713, -9.93846 ], [ -62.00763, -9.9363 ], [ -62.00689, -9.9327 ], [ -62.00309, -9.92978 ], [ -62.00252, -9.92785 ], [ -62.00275, -9.92541 ], [ -62.00027, -9.92326 ], [ -61.99967, -9.91866 ], [ -61.99906, -9.91812 ], [ -62.00001, -9.91768 ], [ -61.99921, -9.91648 ], [ -61.99587, -9.91426 ], [ -61.99445, -9.91183 ], [ -61.9933, -9.91149 ], [ -61.99315, -9.91056 ], [ -61.99171, -9.90988 ], [ -61.99244, -9.90866 ], [ -61.99173, -9.90751 ], [ -61.99001, -9.90669 ], [ -61.99061, -9.90606 ], [ -61.98961, -9.90443 ], [ -61.98328, -9.90124 ], [ -61.9812, -9.89809 ], [ -61.97913, -9.89475 ], [ -61.97901, -9.89424 ], [ -61.98021, -9.89348 ], [ -61.97832, -9.89175 ], [ -61.97901, -9.89094 ], [ -61.97825, -9.89033 ], [ -61.97864, -9.88887 ], [ -61.98218, -9.8865 ], [ -61.98257, -9.88369 ], [ -61.9821, -9.8813 ], [ -61.98096, -9.88149 ], [ -61.97946, -9.87921 ], [ -61.98008, -9.87762 ], [ -61.97888, -9.8745 ], [ -61.97967, -9.87344 ], [ -61.97943, -9.87266 ], [ -61.9768, -9.87082 ], [ -61.97746, -9.8694 ], [ -61.97662, -9.8661 ], [ -61.97776, -9.86194 ], [ -61.97566, -9.86029 ], [ -61.97362, -9.85598 ], [ -61.97572, -9.85145 ], [ -61.97099, -9.8459 ], [ -61.97147, -9.84359 ], [ -61.97362, -9.84069 ], [ -61.97623, -9.84092 ], [ -61.97579, -9.8387 ], [ -61.97681, -9.83764 ], [ -61.9766, -9.83626 ], [ -61.97943, -9.83615 ], [ -61.9822, -9.8371 ], [ -61.9828, -9.83627 ], [ -61.98353, -9.83016 ], [ -61.98454, -9.83006 ], [ -61.98426, -9.82881 ], [ -61.98634, -9.82845 ], [ -61.98634, -9.82703 ], [ -61.98725, -9.82708 ], [ -61.98716, -9.82547 ], [ -61.98606, -9.82355 ], [ -61.98507, -9.82258 ], [ -61.98416, -9.82236 ], [ -61.98306, -9.82303 ], [ -61.98247, -9.82226 ], [ -61.9827, -9.8214 ], [ -61.98395, -9.82079 ], [ -61.98401, -9.8197 ], [ -61.98133, -9.81669 ], [ -61.98102, -9.81355 ], [ -61.98295, -9.81312 ], [ -61.98302, -9.81261 ], [ -61.98, -9.81176 ], [ -61.9767, -9.8061 ], [ -61.97485, -9.80465 ], [ -61.97469, -9.80386 ], [ -61.97389, -9.80467 ], [ -61.97474, -9.80587 ], [ -61.9731, -9.80434 ], [ -61.97165, -9.80534 ], [ -61.9708, -9.80421 ], [ -61.97173, -9.80373 ], [ -61.96922, -9.80223 ], [ -61.97018, -9.80141 ], [ -61.96567, -9.79855 ], [ -61.96477, -9.79596 ], [ -61.96004, -9.79416 ], [ -61.95875, -9.79597 ], [ -61.95794, -9.79586 ], [ -61.95615, -9.79427 ], [ -61.95624, -9.79125 ], [ -61.95511, -9.79062 ], [ -61.95319, -9.79045 ], [ -61.95278, -9.79238 ], [ -61.95201, -9.79312 ], [ -61.9506, -9.79151 ], [ -61.94642, -9.79049 ] ] } },
{ "type": "Feature", "properties": { "name": "Igarapé do Miolo" }, "geometry": { "type": "LineString", "coordinates": [ [ -62.14464, -10.81364 ], [ -62.14245, -10.81465 ], [ -62.13947, -10.81305 ], [ -62.1379, -10.81097 ], [ -62.1332, -10.81068 ], [ -62.13129, -10.81177 ], [ -62.1301, -10.81066 ], [ -62.12829, -10.81027 ], [ -62.12792, -10.81078 ], [ -62.12763, -10.81012 ], [ -62.12639, -10.81054 ], [ -62.1246, -10.81343 ], [ -62.12201, -10.81383 ], [ -62.11962, -10.81276 ], [ -62.1185, -10.81407 ], [ -62.11522, -10.81427 ], [ -62.11425, -10.81364 ], [ -62.11223, -10.81458 ], [ -62.10938, -10.81271 ], [ -62.10733, -10.81302 ], [ -62.1049, -10.8156 ], [ -62.1029, -10.82051 ], [ -62.1016, -10.82179 ], [ -62.09887, -10.82072 ], [ -62.09646, -10.82333 ], [ -62.09626, -10.8228 ], [ -62.09484, -10.82361 ], [ -62.09386, -10.82344 ], [ -62.09379, -10.82211 ], [ -62.09255, -10.82218 ], [ -62.09101, -10.82332 ], [ -62.09105, -10.82278 ], [ -62.0879, -10.82195 ], [ -62.08735, -10.8234 ], [ -62.0857, -10.82346 ], [ -62.08519, -10.823 ], [ -62.08598, -10.82246 ], [ -62.08544, -10.82038 ], [ -62.08416, -10.81974 ], [ -62.08422, -10.819 ], [ -62.08539, -10.81855 ], [ -62.08514, -10.81713 ], [ -62.084, -10.81524 ], [ -62.08287, -10.81521 ], [ -62.08067, -10.81059 ], [ -62.07735, -10.81094 ], [ -62.07146, -10.80769 ], [ -62.06874, -10.80864 ], [ -62.06758, -10.80764 ], [ -62.06741, -10.80628 ], [ -62.06542, -10.80554 ], [ -62.06563, -10.80448 ], [ -62.06467, -10.80325 ], [ -62.06231, -10.803 ], [ -62.06063, -10.80189 ], [ -62.0601, -10.80282 ], [ -62.0593, -10.80131 ], [ -62.05827, -10.8015 ], [ -62.05876, -10.80077 ], [ -62.05749, -10.79911 ], [ -62.05521, -10.79887 ], [ -62.05529, -10.79825 ], [ -62.05418, -10.79806 ], [ -62.05362, -10.79638 ], [ -62.05408, -10.79578 ], [ -62.05343, -10.79583 ], [ -62.05398, -10.79336 ], [ -62.05294, -10.79365 ], [ -62.05261, -10.79278 ], [ -62.05089, -10.79203 ], [ -62.04895, -10.79244 ], [ -62.04725, -10.79196 ], [ -62.0457, -10.79302 ], [ -62.04409, -10.79289 ], [ -62.04238, -10.79164 ], [ -62.03991, -10.79258 ], [ -62.03768, -10.79075 ], [ -62.03588, -10.79057 ], [ -62.03488, -10.78953 ], [ -62.03426, -10.78994 ], [ -62.03465, -10.78927 ], [ -62.0333, -10.78945 ], [ -62.02961, -10.78623 ], [ -62.02819, -10.78682 ], [ -62.02825, -10.78591 ], [ -62.02774, -10.78617 ], [ -62.02704, -10.78416 ], [ -62.02598, -10.7835 ], [ -62.02694, -10.7816 ], [ -62.0256, -10.7813 ], [ -62.02558, -10.78024 ], [ -62.02407, -10.78161 ], [ -62.02409, -10.781 ], [ -62.0209, -10.78042 ], [ -62.02104, -10.77742 ] ] } },
{ "type": "Feature", "properties": { "name": "Rio Belém" }, "geometry": { "type": "LineString", "coordinates": [ [ -62.22126, -9.42803 ], [ -62.21961, -9.42671 ], [ -62.21709, -9.42633 ], [ -62.21549, -9.42697 ], [ -62.21248, -9.42984 ], [ -62.1998, -9.43287 ], [ -62.19376, -9.43655 ], [ -62.19166, -9.43996 ], [ -62.18878, -9.44109 ], [ -62.18811, -9.44289 ], [ -62.18274, -9.44402 ], [ -62.17879, -9.44629 ], [ -62.17469, -9.44497 ], [ -62.16571, -9.44743 ], [ -62.1624, -9.44961 ], [ -62.15837, -9.45368 ], [ -62.15601, -9.45445 ], [ -62.15383, -9.45393 ], [ -62.14726, -9.45883 ], [ -62.14359, -9.45852 ], [ -62.1433, -9.45804 ], [ -62.14012, -9.45906 ], [ -62.13904, -9.45877 ], [ -62.13765, -9.45688 ], [ -62.13313, -9.45488 ], [ -62.13203, -9.45284 ], [ -62.12675, -9.45145 ], [ -62.12601, -9.44984 ], [ -62.12476, -9.44916 ], [ -62.12426, -9.44707 ], [ -62.12107, -9.4465 ], [ -62.12107, -9.44549 ], [ -62.12164, -9.44539 ], [ -62.11901, -9.44193 ], [ -62.11867, -9.44052 ], [ -62.1174, -9.43974 ], [ -62.11771, -9.43912 ], [ -62.11678, -9.43819 ], [ -62.11555, -9.43822 ], [ -62.11622, -9.43567 ], [ -62.11564, -9.43519 ], [ -62.11363, -9.43429 ], [ -62.10917, -9.43485 ], [ -62.10721, -9.43287 ], [ -62.10635, -9.43334 ], [ -62.10577, -9.43178 ], [ -62.10212, -9.43173 ], [ -62.10044, -9.43066 ], [ -62.09968, -9.43108 ], [ -62.09531, -9.43069 ], [ -62.09439, -9.42994 ], [ -62.09355, -9.43039 ], [ -62.08778, -9.42643 ], [ -62.08715, -9.42473 ], [ -62.08581, -9.42397 ], [ -62.08485, -9.42208 ], [ -62.08302, -9.42217 ], [ -62.08197, -9.42298 ], [ -62.07986, -9.42189 ], [ -62.07756, -9.4217 ], [ -62.07574, -9.42265 ], [ -62.07435, -9.42194 ], [ -62.06786, -9.42283 ], [ -62.06686, -9.42454 ], [ -62.06422, -9.42662 ], [ -62.06446, -9.42767 ], [ -62.06326, -9.42942 ], [ -62.0636, -9.43003 ], [ -62.06303, -9.43135 ], [ -62.0613, -9.43182 ], [ -62.06062, -9.43123 ], [ -62.06033, -9.4281 ], [ -62.05928, -9.42532 ], [ -62.05793, -9.42458 ], [ -62.05765, -9.42293 ], [ -62.05367, -9.41986 ], [ -62.05175, -9.41976 ], [ -62.05161, -9.41697 ], [ -62.05012, -9.41605 ], [ -62.05017, -9.41402 ], [ -62.05108, -9.41288 ], [ -62.0504, -9.41228 ], [ -62.04647, -9.41206 ], [ -62.0435, -9.41674 ], [ -62.04278, -9.41587 ], [ -62.03677, -9.41526 ], [ -62.03488, -9.41439 ], [ -62.03548, -9.41285 ], [ -62.03179, -9.41218 ], [ -62.03241, -9.41081 ], [ -62.03046, -9.40963 ], [ -62.0316, -9.40779 ], [ -62.03207, -9.4057 ], [ -62.03165, -9.4047 ], [ -62.0323, -9.40399 ], [ -62.0307, -9.40001 ], [ -62.03108, -9.39821 ], [ -62.03055, -9.39507 ], [ -62.02836, -9.38915 ], [ -62.02054, -9.38877 ], [ -62.01757, -9.38951 ], [ -62.01006, -9.38584 ], [ -62.00929, -9.38598 ], [ -62.00987, -9.38722 ], [ -62.00901, -9.38706 ], [ -62.00631, -9.3846 ], [ -62.00694, -9.38385 ], [ -62.00604, -9.3834 ], [ -62.00408, -9.38382 ], [ -62.0011, -9.38338 ], [ -61.99697, -9.38495 ], [ -61.99635, -9.38777 ], [ -61.993, -9.38853 ], [ -61.99238, -9.39015 ], [ -61.99005, -9.39188 ], [ -61.98682, -9.39294 ], [ -61.99044, -9.39791 ], [ -61.99035, -9.39878 ], [ -61.98939, -9.39953 ], [ -61.98763, -9.40012 ], [ -61.98405, -9.39789 ], [ -61.9833, -9.4001 ], [ -61.98081, -9.40036 ], [ -61.97785, -9.39831 ], [ -61.97383, -9.39687 ], [ -61.97172, -9.40062 ], [ -61.96893, -9.39927 ], [ -61.96287, -9.40377 ], [ -61.96061, -9.40329 ], [ -61.95866, -9.40166 ], [ -61.95661, -9.40315 ], [ -61.95572, -9.40185 ], [ -61.95577, -9.40313 ], [ -61.95346, -9.40308 ], [ -61.95301, -9.40124 ], [ -61.95366, -9.40016 ], [ -61.95159, -9.39592 ], [ -61.94921, -9.39643 ] ] } },
{ "type": "Feature", "properties": { "name": "Rio Machadino" }, "geometry": { "type": "LineString", "coordinates": [ [ -62.56659, -10.06489 ], [ -62.56433, -10.06264 ], [ -62.5638, -10.05977 ], [ -62.56219, -10.05895 ], [ -62.56171, -10.05575 ], [ -62.56029, -10.05328 ], [ -62.55587, -10.05418 ], [ -62.55209, -10.05246 ], [ -62.55173, -10.05152 ], [ -62.55054, -10.0517 ], [ -62.54937, -10.0508 ], [ -62.54758, -10.05065 ], [ -62.54784, -10.04983 ], [ -62.54532, -10.04975 ], [ -62.5444, -10.04914 ], [ -62.54108, -10.05356 ], [ -62.54085, -10.0526 ], [ -62.54142, -10.05188 ], [ -62.53926, -10.05258 ], [ -62.53858, -10.05194 ], [ -62.538, -10.05283 ], [ -62.53776, -10.05218 ], [ -62.53669, -10.05206 ], [ -62.53644, -10.05279 ], [ -62.536, -10.05203 ], [ -62.53534, -10.05211 ], [ -62.5359, -10.05139 ], [ -62.53489, -10.05165 ], [ -62.53529, -10.05059 ], [ -62.53401, -10.04971 ], [ -62.53385, -10.04882 ], [ -62.53346, -10.04911 ], [ -62.53319, -10.04742 ], [ -62.53379, -10.04682 ], [ -62.53329, -10.04311 ], [ -62.53401, -10.04252 ], [ -62.53187, -10.03943 ], [ -62.53248, -10.03908 ], [ -62.53142, -10.03817 ], [ -62.53167, -10.03743 ], [ -62.53063, -10.037 ], [ -62.53068, -10.03603 ], [ -62.52983, -10.0353 ], [ -62.53054, -10.03176 ], [ -62.52926, -10.03191 ], [ -62.52893, -10.03044 ], [ -62.52819, -10.03129 ], [ -62.52702, -10.03012 ], [ -62.52713, -10.02597 ], [ -62.52547, -10.02403 ], [ -62.52475, -10.02173 ], [ -62.52556, -10.02 ], [ -62.52428, -10.01895 ], [ -62.52537, -10.01517 ], [ -62.52459, -10.01459 ], [ -62.52468, -10.01287 ], [ -62.52228, -10.00777 ], [ -62.51897, -10.00525 ], [ -62.5175, -10.00512 ], [ -62.51528, -9.99969 ], [ -62.51193, -9.99959 ], [ -62.5123, -9.99891 ], [ -62.50957, -9.99546 ], [ -62.5096, -9.9911 ], [ -62.51018, -9.98955 ], [ -62.50837, -9.98854 ], [ -62.5091, -9.98856 ], [ -62.50918, -9.98785 ], [ -62.50756, -9.98728 ], [ -62.50793, -9.98662 ], [ -62.50728, -9.98626 ], [ -62.50714, -9.98432 ], [ -62.5076, -9.98299 ], [ -62.50708, -9.98264 ], [ -62.50759, -9.98177 ], [ -62.50632, -9.98063 ], [ -62.50654, -9.97986 ], [ -62.50597, -9.97996 ], [ -62.50592, -9.97939 ], [ -62.50655, -9.97958 ], [ -62.50636, -9.97838 ], [ -62.50488, -9.97614 ], [ -62.50537, -9.97557 ], [ -62.50468, -9.97147 ], [ -62.50531, -9.97114 ], [ -62.50553, -9.96857 ], [ -62.50494, -9.96815 ], [ -62.50521, -9.96677 ], [ -62.50383, -9.96511 ], [ -62.50387, -9.9644 ], [ -62.50463, -9.96436 ], [ -62.50381, -9.96347 ], [ -62.50322, -9.96387 ], [ -62.50307, -9.96261 ], [ -62.49719, -9.95885 ], [ -62.49534, -9.95901 ], [ -62.49527, -9.95836 ], [ -62.49403, -9.95805 ], [ -62.49131, -9.9591 ], [ -62.49014, -9.95784 ], [ -62.48986, -9.95902 ], [ -62.48897, -9.95826 ], [ -62.48985, -9.95746 ], [ -62.48801, -9.9562 ], [ -62.48851, -9.95581 ], [ -62.48809, -9.95521 ], [ -62.48866, -9.95529 ], [ -62.48751, -9.95399 ], [ -62.48574, -9.9529 ], [ -62.48324, -9.95273 ], [ -62.48293, -9.95121 ], [ -62.48203, -9.95128 ], [ -62.48295, -9.95043 ], [ -62.48145, -9.95008 ], [ -62.47991, -9.94752 ], [ -62.47913, -9.94815 ], [ -62.47738, -9.94806 ], [ -62.47632, -9.94576 ], [ -62.47703, -9.94634 ], [ -62.47705, -9.94497 ], [ -62.47615, -9.94476 ], [ -62.47476, -9.94159 ], [ -62.47352, -9.94197 ], [ -62.47293, -9.9409 ], [ -62.47217, -9.94169 ], [ -62.47153, -9.94114 ], [ -62.47062, -9.94146 ], [ -62.4704, -9.94011 ], [ -62.4698, -9.93987 ], [ -62.4702, -9.9394 ], [ -62.46916, -9.93887 ], [ -62.46914, -9.93805 ], [ -62.4683, -9.93861 ], [ -62.46856, -9.93796 ], [ -62.46752, -9.93629 ], [ -62.46634, -9.93551 ], [ -62.46586, -9.93148 ], [ -62.46282, -9.92958 ], [ -62.46337, -9.92824 ], [ -62.46285, -9.92644 ], [ -62.46335, -9.9258 ], [ -62.46174, -9.92385 ], [ -62.46269, -9.9226 ], [ -62.46357, -9.92287 ], [ -62.46361, -9.92059 ], [ -62.46287, -9.92068 ], [ -62.46332, -9.91937 ], [ -62.46241, -9.91751 ], [ -62.46307, -9.91568 ], [ -62.46095, -9.91438 ], [ -62.45971, -9.91282 ], [ -62.46026, -9.91233 ], [ -62.45938, -9.91198 ], [ -62.45933, -9.91119 ], [ -62.45463, -9.90767 ], [ -62.4535, -9.9057 ], [ -62.45429, -9.90398 ], [ -62.45287, -9.90098 ], [ -62.45398, -9.90094 ], [ -62.45227, -9.89739 ], [ -62.45266, -9.89682 ], [ -62.44986, -9.89342 ], [ -62.45162, -9.89101 ], [ -62.45223, -9.88933 ], [ -62.45159, -9.88874 ], [ -62.45296, -9.88626 ], [ -62.45225, -9.88437 ], [ -62.45306, -9.88431 ], [ -62.45216, -9.88106 ], [ -62.45298, -9.87941 ], [ -62.45426, -9.87941 ], [ -62.45302, -9.87805 ], [ -62.45474, -9.87203 ], [ -62.45381, -9.87174 ], [ -62.4547, -9.87122 ], [ -62.45353, -9.87023 ], [ -62.45394, -9.86973 ], [ -62.45306, -9.86984 ], [ -62.45276, -9.86862 ], [ -62.45529, -9.86321 ], [ -62.45503, -9.86123 ], [ -62.45409, -9.86096 ], [ -62.45394, -9.85804 ], [ -62.45274, -9.85502 ], [ -62.45269, -9.8482 ], [ -62.45194, -9.84815 ], [ -62.45162, -9.84684 ], [ -62.4522, -9.84516 ], [ -62.45139, -9.84533 ], [ -62.4509, -9.84473 ], [ -62.45052, -9.84004 ], [ -62.44966, -9.83998 ], [ -62.44988, -9.83819 ], [ -62.45078, -9.8378 ], [ -62.45009, -9.83707 ] ] } },
{ "type": "Feature", "properties": { "name": "Rio Machadino" }, "geometry": { "type": "LineString", "coordinates": [ [ -61.98703, -9.44463 ], [ -61.98488, -9.44364 ], [ -61.98384, -9.44617 ], [ -61.98068, -9.44559 ], [ -61.97846, -9.44254 ], [ -61.96818, -9.4362 ], [ -61.96787, -9.43549 ], [ -61.96869, -9.4345 ], [ -61.96801, -9.43402 ], [ -61.96828, -9.43342 ], [ -61.96658, -9.4332 ], [ -61.96485, -9.43172 ], [ -61.96491, -9.43097 ], [ -61.96229, -9.42839 ], [ -61.95953, -9.42408 ], [ -61.95765, -9.42256 ], [ -61.95709, -9.41988 ], [ -61.95482, -9.41745 ], [ -61.95433, -9.41475 ], [ -61.95123, -9.41427 ], [ -61.94962, -9.41614 ], [ -61.94681, -9.41378 ], [ -61.95002, -9.40892 ], [ -61.951, -9.40569 ], [ -61.95076, -9.4045 ], [ -61.94851, -9.4015 ], [ -61.94697, -9.40073 ], [ -61.94871, -9.39922 ], [ -61.94843, -9.39784 ], [ -61.94921, -9.39643 ], [ -61.94798, -9.39038 ], [ -61.9439, -9.38739 ], [ -61.94414, -9.38619 ], [ -61.94519, -9.38619 ], [ -61.94553, -9.38526 ], [ -61.94346, -9.38199 ], [ -61.94334, -9.37789 ], [ -61.94036, -9.38094 ], [ -61.93969, -9.38059 ], [ -61.93928, -9.37853 ], [ -61.9419, -9.37545 ], [ -61.93995, -9.37254 ], [ -61.9419, -9.37254 ], [ -61.94197, -9.37193 ], [ -61.94107, -9.37135 ], [ -61.94521, -9.36509 ], [ -61.9451, -9.36176 ], [ -61.94394, -9.36012 ], [ -61.94339, -9.35721 ], [ -61.94205, -9.35649 ], [ -61.93952, -9.35331 ], [ -61.93581, -9.35223 ], [ -61.93507, -9.35093 ], [ -61.93584, -9.33705 ], [ -61.93182, -9.33383 ], [ -61.93319, -9.33293 ], [ -61.93574, -9.33365 ], [ -61.93613, -9.331 ], [ -61.93402, -9.32882 ], [ -61.93795, -9.32513 ], [ -61.93737, -9.32173 ], [ -61.93804, -9.31726 ], [ -61.93636, -9.31429 ], [ -61.94025, -9.30903 ], [ -61.93392, -9.30203 ], [ -61.92534, -9.2985 ], [ -61.92434, -9.30005 ], [ -61.92582, -9.30314 ], [ -61.92472, -9.30534 ], [ -61.91885, -9.30402 ], [ -61.92035, -9.30275 ], [ -61.92041, -9.30175 ], [ -61.91866, -9.30128 ], [ -61.91502, -9.30203 ], [ -61.91311, -9.30345 ], [ -61.91272, -9.30118 ], [ -61.91435, -9.3009 ], [ -61.91125, -9.29841 ], [ -61.90956, -9.29891 ], [ -61.90678, -9.29768 ], [ -61.90588, -9.29576 ], [ -61.90774, -9.29397 ], [ -61.90362, -9.2917 ], [ -61.89921, -9.29226 ], [ -61.89719, -9.2916 ], [ -61.89688, -9.28905 ], [ -61.89544, -9.28877 ], [ -61.89448, -9.29009 ], [ -61.89065, -9.2882 ], [ -61.89266, -9.28536 ], [ -61.88835, -9.28233 ], [ -61.88375, -9.28621 ], [ -61.88375, -9.28867 ], [ -61.8826, -9.29018 ], [ -61.87963, -9.28517 ], [ -61.87867, -9.28157 ], [ -61.87464, -9.28393 ], [ -61.87013, -9.28876 ], [ -61.86638, -9.28858 ], [ -61.86417, -9.2864 ], [ -61.86534, -9.28516 ], [ -61.86782, -9.28564 ], [ -61.8682, -9.28508 ], [ -61.86285, -9.27873 ], [ -61.86005, -9.27713 ], [ -61.85641, -9.28054 ], [ -61.84728, -9.27389 ], [ -61.84575, -9.26916 ], [ -61.84617, -9.26492 ], [ -61.84814, -9.26519 ], [ -61.84948, -9.2633 ], [ -61.84991, -9.25953 ], [ -61.84641, -9.25724 ], [ -61.84278, -9.25753 ], [ -61.8422, -9.25469 ], [ -61.84368, -9.25442 ], [ -61.84766, -9.25525 ], [ -61.84872, -9.25296 ], [ -61.8446, -9.24937 ], [ -61.84556, -9.2471 ], [ -61.84843, -9.24766 ], [ -61.8514, -9.2452 ], [ -61.85274, -9.23858 ], [ -61.85384, -9.23786 ], [ -61.85909, -9.23887 ], [ -61.85967, -9.23234 ], [ -61.86599, -9.23414 ], [ -61.86686, -9.233 ], [ -61.86551, -9.23042 ], [ -61.86657, -9.2292 ], [ -61.86649, -9.22698 ], [ -61.8617, -9.22367 ], [ -61.86304, -9.22036 ], [ -61.86064, -9.2179 ], [ -61.86285, -9.21478 ], [ -61.86112, -9.21317 ], [ -61.86208, -9.20806 ], [ -61.86074, -9.20551 ], [ -61.86139, -9.20344 ], [ -61.86005, -9.20173 ], [ -61.85545, -9.1988 ], [ -61.84741, -9.19728 ], [ -61.84598, -9.19889 ], [ -61.84565, -9.20135 ], [ -61.84114, -9.20277 ], [ -61.84051, -9.19955 ], [ -61.84201, -9.1952 ], [ -61.8422, -9.19104 ], [ -61.84028, -9.18629 ], [ -61.83865, -9.18619 ], [ -61.83793, -9.19123 ], [ -61.83242, -9.19227 ], [ -61.82939, -9.19056 ], [ -61.82722, -9.18827 ], [ -61.82579, -9.18837 ], [ -61.82636, -9.18477 ], [ -61.82895, -9.18392 ], [ -61.82627, -9.17843 ], [ -61.82655, -9.17654 ], [ -61.82933, -9.17493 ], [ -61.82972, -9.17295 ], [ -61.82684, -9.16982 ], [ -61.82665, -9.16746 ], [ -61.82492, -9.16355 ], [ -61.82652, -9.16331 ], [ -61.82924, -9.16601 ], [ -61.83329, -9.16516 ], [ -61.83424, -9.16384 ], [ -61.83309, -9.15428 ], [ -61.83048, -9.15305 ], [ -61.82924, -9.14927 ], [ -61.83348, -9.14624 ], [ -61.83256, -9.14202 ], [ -61.83058, -9.1395 ], [ -61.83166, -9.13628 ], [ -61.83319, -9.13524 ], [ -61.83472, -9.13297 ], [ -61.83549, -9.12965 ], [ -61.83309, -9.12615 ], [ -61.83112, -9.12849 ], [ -61.82827, -9.1254 ], [ -61.82425, -9.12301 ], [ -61.8116, -9.12092 ], [ -61.81035, -9.11723 ], [ -61.81083, -9.11496 ], [ -61.81189, -9.11354 ], [ -61.80997, -9.11061 ], [ -61.80997, -9.10606 ], [ -61.81234, -9.10568 ], [ -61.81572, -9.09762 ], [ -61.81534, -9.09222 ], [ -61.81313, -9.08835 ], [ -61.81323, -9.08466 ], [ -61.80997, -9.08068 ], [ -61.80573, -9.07687 ], [ -61.80496, -9.07337 ], [ -61.80698, -9.06532 ], [ -61.80544, -9.06021 ], [ -61.80151, -9.05879 ], [ -61.79701, -9.05082 ], [ -61.79298, -9.04996 ], [ -61.79087, -9.04713 ], [ -61.78905, -9.03804 ], [ -61.79145, -9.03016 ], [ -61.79603, -9.02673 ] ] } },
{ "type": "Feature", "properties": { "name": "Rio Jamari" }, "geometry": { "type": "LineString", "coordinates": [ [ -63.45398, -8.75104 ], [ -63.45418, -8.75091 ] ] } },
{ "type": "Feature", "properties": { "name": "Rio Madeira" }, "geometry": { "type": "LineString", "coordinates": [ [ -64.64653, -9.253 ], [ -64.63495, -9.25031 ], [ -64.63259, -9.24858 ], [ -64.63107, -9.24608 ], [ -64.62683, -9.22795 ], [ -64.62012, -9.21098 ], [ -64.61025, -9.19628 ], [ -64.59806, -9.18552 ], [ -64.57362, -9.16949 ], [ -64.54014, -9.14543 ], [ -64.53193, -9.1443 ], [ -64.52472, -9.14494 ], [ -64.52056, -9.14604 ], [ -64.47148, -9.17915 ], [ -64.45297, -9.1872 ], [ -64.43605, -9.18862 ], [ -64.40804, -9.19311 ], [ -64.40117, -9.19124 ], [ -64.38393, -9.18051 ], [ -64.35328, -9.15243 ], [ -64.33439, -9.11722 ], [ -64.31491, -9.09779 ], [ -64.30531, -9.06898 ], [ -64.28746, -9.03525 ], [ -64.26686, -9.01897 ], [ -64.25908, -9.01454 ], [ -64.24796, -9.0131 ], [ -64.24105, -9.01348 ], [ -64.23436, -9.01518 ], [ -64.22045, -9.02297 ], [ -64.212, -9.02586 ], [ -64.20337, -9.02603 ], [ -64.19732, -9.02518 ], [ -64.18874, -9.02191 ], [ -64.17681, -9.01276 ], [ -64.16724, -9.00326 ], [ -64.1623, -8.99962 ], [ -64.15685, -8.99716 ], [ -64.15102, -8.9961 ], [ -64.13782, -8.99515 ], [ -64.13381, -8.99364 ], [ -64.12544, -8.98555 ], [ -64.11676, -8.98069 ], [ -64.09351, -8.97912 ], [ -64.09114, -8.97847 ], [ -64.07995, -8.97109 ], [ -64.07703, -8.96528 ], [ -64.07106, -8.94104 ], [ -64.07076, -8.93798 ], [ -64.07158, -8.93535 ], [ -64.08192, -8.9276 ], [ -64.09582, -8.92033 ], [ -64.10234, -8.90846 ], [ -64.08973, -8.89122 ], [ -64.06795, -8.85711 ], [ -64.05981, -8.85504 ] ] } },
{ "type": "Feature", "properties": { "name": "Rio Madeira" }, "geometry": { "type": "LineString", "coordinates": [ [ -63.95091, -8.80159 ], [ -63.95007, -8.80142 ] ] } },
{ "type": "Feature", "properties": { "name": "Rio Madeira" }, "geometry": { "type": "LineString", "coordinates": [ [ -64.05981, -8.85504 ], [ -64.04363, -8.8552 ], [ -64.01992, -8.84477 ], [ -63.9751, -8.83615 ], [ -63.97382, -8.83512 ], [ -63.9718, -8.83004 ], [ -63.97394, -8.82433 ], [ -63.97668, -8.81245 ], [ -63.97428, -8.80431 ], [ -63.96604, -8.80024 ], [ -63.95639, -8.80231 ], [ -63.95091, -8.80159 ] ] } },
{ "type": "Feature", "properties": { "name": "Rio Machado" }, "geometry": { "type": "LineString", "coordinates": [ [ -61.21383, -11.65508 ], [ -61.21624, -11.65018 ], [ -61.21849, -11.63694 ], [ -61.22145, -11.628 ], [ -61.22513, -11.62176 ], [ -61.23835, -11.60568 ], [ -61.24546, -11.60091 ], [ -61.25759, -11.59554 ], [ -61.26686, -11.59517 ], [ -61.27844, -11.5958 ], [ -61.28225, -11.59427 ], [ -61.29026, -11.59015 ], [ -61.29328, -11.58704 ], [ -61.30041, -11.58401 ], [ -61.30174, -11.58283 ], [ -61.30343, -11.58096 ], [ -61.30616, -11.57447 ], [ -61.30817, -11.57136 ], [ -61.3095, -11.5669 ], [ -61.31264, -11.56331 ], [ -61.32624, -11.55883 ], [ -61.33661, -11.55723 ], [ -61.35023, -11.54909 ], [ -61.36441, -11.53237 ], [ -61.36782, -11.52728 ], [ -61.36906, -11.52447 ], [ -61.36977, -11.5151 ], [ -61.37128, -11.51186 ], [ -61.37442, -11.50874 ], [ -61.37653, -11.50545 ], [ -61.37907, -11.49708 ], [ -61.39204, -11.48442 ], [ -61.3974, -11.4806 ], [ -61.40794, -11.47075 ], [ -61.41205, -11.46847 ], [ -61.41405, -11.46831 ], [ -61.41924, -11.46963 ], [ -61.42362, -11.46916 ], [ -61.43151, -11.46492 ], [ -61.43808, -11.4579 ], [ -61.44864, -11.45302 ], [ -61.46044, -11.44301 ], [ -61.46336, -11.44183 ], [ -61.47065, -11.44129 ], [ -61.47353, -11.4415 ], [ -61.47859, -11.4436 ], [ -61.48602, -11.44945 ], [ -61.4955, -11.45517 ], [ -61.50129, -11.45584 ], [ -61.50494, -11.4555 ], [ -61.5079, -11.45702 ], [ -61.50846, -11.45862 ], [ -61.50949, -11.45929 ], [ -61.51511, -11.46068 ], [ -61.5182, -11.46064 ], [ -61.5197, -11.45971 ], [ -61.52412, -11.45269 ], [ -61.52631, -11.45105 ], [ -61.53236, -11.44911 ], [ -61.53481, -11.44915 ], [ -61.54232, -11.45243 ], [ -61.54777, -11.4529 ], [ -61.5691, -11.44802 ], [ -61.57348, -11.44949 ], [ -61.57815, -11.45214 ], [ -61.58468, -11.45252 ], [ -61.58858, -11.45349 ], [ -61.59686, -11.45824 ], [ -61.60454, -11.45856 ], [ -61.60919, -11.45787 ], [ -61.61232, -11.45649 ], [ -61.62568, -11.44367 ], [ -61.63136, -11.44192 ], [ -61.63795, -11.43869 ], [ -61.64022, -11.43614 ], [ -61.64282, -11.42894 ], [ -61.6446, -11.42713 ], [ -61.64834, -11.42544 ], [ -61.65493, -11.42417 ], [ -61.65661, -11.42263 ], [ -61.65855, -11.41293 ], [ -61.65715, -11.40397 ], [ -61.65893, -11.40058 ], [ -61.66266, -11.39825 ], [ -61.66958, -11.39825 ], [ -61.67748, -11.39963 ], [ -61.68813, -11.4001 ], [ -61.69532, -11.3965 ], [ -61.69748, -11.39607 ], [ -61.70359, -11.39676 ], [ -61.709, -11.39926 ], [ -61.7156, -11.40413 ], [ -61.72495, -11.40715 ], [ -61.73036, -11.41039 ], [ -61.73382, -11.41171 ], [ -61.73706, -11.41229 ], [ -61.74458, -11.41213 ], [ -61.75042, -11.41349 ], [ -61.75247, -11.41346 ], [ -61.75983, -11.41073 ], [ -61.76902, -11.40882 ], [ -61.78754, -11.40686 ], [ -61.78965, -11.40617 ], [ -61.79427, -11.40357 ], [ -61.79589, -11.40135 ], [ -61.79643, -11.3996 ], [ -61.79642, -11.39339 ], [ -61.79839, -11.38895 ], [ -61.79962, -11.38805 ], [ -61.81317, -11.38618 ], [ -61.82057, -11.38301 ], [ -61.82598, -11.38144 ], [ -61.83572, -11.38298 ], [ -61.83927, -11.38284 ], [ -61.84104, -11.38171 ], [ -61.84587, -11.37633 ], [ -61.85081, -11.37456 ], [ -61.85378, -11.37266 ], [ -61.86761, -11.36174 ], [ -61.87912, -11.3392 ], [ -61.88338, -11.33292 ], [ -61.8861, -11.33108 ], [ -61.89612, -11.32734 ], [ -61.89945, -11.32457 ], [ -61.90436, -11.31846 ], [ -61.9109, -11.30433 ], [ -61.91872, -11.29284 ], [ -61.91978, -11.28158 ], [ -61.9235, -11.27915 ], [ -61.92658, -11.27557 ], [ -61.92817, -11.26592 ], [ -61.92796, -11.26292 ], [ -61.92428, -11.25481 ], [ -61.92461, -11.25091 ], [ -61.92561, -11.24882 ], [ -61.92896, -11.24564 ], [ -61.93143, -11.23843 ], [ -61.93731, -11.23704 ], [ -61.94019, -11.2354 ], [ -61.94212, -11.22404 ], [ -61.94444, -11.22004 ], [ -61.94079, -11.20623 ], [ -61.93912, -11.20299 ], [ -61.93098, -11.1953 ], [ -61.92796, -11.18253 ], [ -61.92706, -11.17388 ], [ -61.92905, -11.16838 ], [ -61.92858, -11.16668 ], [ -61.91854, -11.15756 ], [ -61.91759, -11.15558 ], [ -61.91789, -11.15445 ], [ -61.9198, -11.15247 ], [ -61.92015, -11.15099 ], [ -61.92019, -11.14743 ], [ -61.92171, -11.14061 ], [ -61.92143, -11.13699 ], [ -61.92401, -11.13261 ], [ -61.92806, -11.13044 ], [ -61.92942, -11.12807 ], [ -61.92845, -11.11423 ], [ -61.92937, -11.10998 ], [ -61.92787, -11.10084 ], [ -61.92867, -11.09869 ], [ -61.93017, -11.09598 ], [ -61.93603, -11.0905 ], [ -61.93796, -11.08934 ], [ -61.94122, -11.08859 ], [ -61.94566, -11.086 ], [ -61.94933, -11.08246 ], [ -61.95034, -11.08061 ], [ -61.94841, -11.06041 ], [ -61.94699, -11.05597 ], [ -61.94714, -11.05142 ], [ -61.95117, -11.04369 ], [ -61.95055, -11.03668 ], [ -61.94849, -11.03158 ], [ -61.95512, -11.02796 ], [ -61.95598, -11.02623 ], [ -61.95635, -11.02037 ], [ -61.95798, -11.01839 ], [ -61.96008, -11.0105 ], [ -61.96193, -11.00793 ], [ -61.96197, -11.00649 ], [ -61.96004, -11.00489 ], [ -61.95517, -11.00519 ], [ -61.95394, -11.00091 ], [ -61.95182, -10.99678 ], [ -61.95068, -10.99537 ], [ -61.94538, -10.99242 ], [ -61.94388, -10.99046 ], [ -61.94268, -10.98573 ], [ -61.94263, -10.98254 ], [ -61.94613, -10.97566 ], [ -61.94836, -10.96624 ], [ -61.94931, -10.96468 ], [ -61.94888, -10.96173 ], [ -61.95047, -10.96019 ], [ -61.95319, -10.95901 ], [ -61.95519, -10.95227 ], [ -61.95262, -10.94775 ], [ -61.9515, -10.94357 ], [ -61.9501, -10.94153 ], [ -61.94469, -10.93728 ], [ -61.94452, -10.93431 ], [ -61.94213, -10.931 ], [ -61.94271, -10.92785 ], [ -61.94537, -10.92638 ], [ -61.94809, -10.91882 ], [ -61.94803, -10.91467 ], [ -61.94704, -10.91273 ], [ -61.94455, -10.9114 ], [ -61.94338, -10.90767 ], [ -61.94428, -10.90471 ], [ -61.94552, -10.903 ], [ -61.94562, -10.90193 ], [ -61.94413, -10.90039 ], [ -61.94375, -10.89902 ], [ -61.94411, -10.89663 ], [ -61.94663, -10.89165 ], [ -61.94627, -10.88772 ], [ -61.94147, -10.88425 ], [ -61.94004, -10.8785 ], [ -61.9313, -10.86457 ], [ -61.92905, -10.86152 ], [ -61.92558, -10.85875 ], [ -61.91941, -10.84808 ], [ -61.91441, -10.84473 ], [ -61.9064, -10.84152 ], [ -61.90453, -10.83965 ], [ -61.90361, -10.8372 ], [ -61.90378, -10.83476 ], [ -61.90688, -10.82954 ], [ -61.90702, -10.8276 ], [ -61.90524, -10.81445 ], [ -61.90663, -10.79274 ], [ -61.90576, -10.78769 ], [ -61.90225, -10.78206 ], [ -61.90127, -10.77707 ], [ -61.90214, -10.77213 ], [ -61.90728, -10.76028 ], [ -61.90928, -10.75184 ], [ -61.90836, -10.7427 ], [ -61.90409, -10.72942 ], [ -61.89819, -10.72618 ], [ -61.89538, -10.72257 ], [ -61.89078, -10.72007 ], [ -61.88835, -10.718 ], [ -61.88658, -10.714 ], [ -61.87974, -10.71119 ], [ -61.87687, -10.70356 ], [ -61.87582, -10.70295 ], [ -61.87092, -10.70286 ], [ -61.86964, -10.70149 ], [ -61.8674, -10.69059 ], [ -61.86386, -10.686 ], [ -61.86133, -10.6849 ], [ -61.85687, -10.68509 ], [ -61.84704, -10.68768 ], [ -61.8444, -10.68718 ], [ -61.84371, -10.68509 ], [ -61.84642, -10.68281 ], [ -61.84565, -10.67455 ], [ -61.84389, -10.67248 ], [ -61.84097, -10.67065 ], [ -61.83404, -10.66793 ], [ -61.82833, -10.66957 ], [ -61.82614, -10.66723 ], [ -61.82297, -10.65945 ], [ -61.81882, -10.65384 ], [ -61.81814, -10.6515 ], [ -61.81606, -10.63222 ], [ -61.81221, -10.62946 ], [ -61.80634, -10.62729 ], [ -61.8038, -10.62493 ], [ -61.80342, -10.62332 ], [ -61.80385, -10.62185 ], [ -61.80629, -10.61868 ], [ -61.80668, -10.61674 ], [ -61.80586, -10.61109 ], [ -61.8102, -10.60443 ], [ -61.81372, -10.60219 ], [ -61.81406, -10.60093 ], [ -61.81342, -10.59738 ], [ -61.81183, -10.59493 ], [ -61.80591, -10.59021 ], [ -61.80604, -10.58759 ], [ -61.80548, -10.58658 ], [ -61.80136, -10.5835 ], [ -61.80166, -10.5811 ], [ -61.79874, -10.57249 ], [ -61.79865, -10.57064 ], [ -61.80131, -10.56587 ], [ -61.80273, -10.56106 ], [ -61.80269, -10.55705 ], [ -61.80359, -10.55401 ], [ -61.80565, -10.55127 ], [ -61.80651, -10.53996 ], [ -61.80535, -10.53701 ], [ -61.80217, -10.53376 ], [ -61.78449, -10.5203 ], [ -61.77308, -10.51039 ], [ -61.77222, -10.50781 ], [ -61.77767, -10.50119 ], [ -61.78149, -10.48802 ], [ -61.78423, -10.48313 ], [ -61.78762, -10.47401 ], [ -61.78977, -10.46144 ], [ -61.78908, -10.45435 ], [ -61.78501, -10.43346 ], [ -61.7838, -10.41666 ], [ -61.78423, -10.41062 ], [ -61.78526, -10.40724 ], [ -61.78998, -10.39906 ], [ -61.79046, -10.39429 ], [ -61.78934, -10.3896 ], [ -61.78647, -10.3828 ], [ -61.78668, -10.37985 ], [ -61.78981, -10.36968 ], [ -61.79548, -10.36047 ], [ -61.79745, -10.35942 ], [ -61.8011, -10.35938 ], [ -61.80355, -10.35836 ], [ -61.8096, -10.35173 ], [ -61.8105, -10.34941 ], [ -61.81204, -10.34768 ], [ -61.82157, -10.34063 ], [ -61.83015, -10.33071 ], [ -61.83105, -10.3283 ], [ -61.83123, -10.32509 ], [ -61.82732, -10.30614 ], [ -61.82835, -10.29689 ], [ -61.83114, -10.29199 ], [ -61.83406, -10.28899 ], [ -61.83548, -10.28654 ], [ -61.83672, -10.28004 ], [ -61.84028, -10.27535 ], [ -61.84346, -10.26889 ], [ -61.84474, -10.2626 ], [ -61.84526, -10.25568 ], [ -61.84852, -10.24795 ], [ -61.85101, -10.24318 ], [ -61.85496, -10.23988 ], [ -61.86431, -10.21885 ], [ -61.86513, -10.21458 ], [ -61.86461, -10.20669 ], [ -61.868, -10.20343 ], [ -61.87685, -10.2012 ], [ -61.87852, -10.19727 ], [ -61.88363, -10.19583 ], [ -61.89908, -10.1835 ], [ -61.90161, -10.17961 ], [ -61.90526, -10.18008 ], [ -61.90907, -10.17733 ], [ -61.91568, -10.16829 ], [ -61.91517, -10.16563 ], [ -61.90959, -10.15739 ], [ -61.90779, -10.15148 ], [ -61.90856, -10.14742 ], [ -61.91259, -10.1372 ], [ -61.91277, -10.13331 ], [ -61.90968, -10.1203 ], [ -61.90955, -10.11693 ] ] } },
{ "type": "Feature", "properties": { "name": "Rio Verde" }, "geometry": { "type": "LineString", "coordinates": [ [ -63.45472, -8.51778 ], [ -63.45481, -8.51687 ] ] } },
{ "type": "Feature", "properties": { "name": "Rio da Cidade" }, "geometry": { "type": "LineString", "coordinates": [ [ -63.01611, -9.90556 ], [ -63.01524, -9.9041 ], [ -63.00891, -9.89907 ], [ -63.00201, -9.89667 ], [ -63.00145, -9.89404 ], [ -63.00053, -9.89278 ], [ -63.00104, -9.89244 ], [ -63.00091, -9.89124 ], [ -63.00226, -9.89053 ], [ -63.00376, -9.88693 ], [ -63.00399, -9.8827 ] ] } },
{ "type": "Feature", "properties": { "name": "Ribeirão Carinhoso" }, "geometry": { "type": "LineString", "coordinates": [ [ -63.04743, -9.96486 ], [ -63.04799, -9.96553 ], [ -63.05285, -9.96359 ], [ -63.05476, -9.9636 ], [ -63.05486, -9.96235 ], [ -63.05627, -9.96218 ], [ -63.05642, -9.96121 ], [ -63.05682, -9.96138 ], [ -63.05669, -9.95976 ], [ -63.05786, -9.95841 ], [ -63.05751, -9.95768 ], [ -63.05685, -9.95814 ], [ -63.05665, -9.95744 ], [ -63.05781, -9.95655 ], [ -63.05851, -9.95674 ], [ -63.05769, -9.95489 ], [ -63.05996, -9.95261 ], [ -63.06289, -9.95217 ] ] } },
{ "type": "Feature", "properties": { "name": "Ribeirão das Ariquemes" }, "geometry": { "type": "LineString", "coordinates": [ [ -63.04834, -9.93165 ], [ -63.05196, -9.93007 ], [ -63.05229, -9.93048 ], [ -63.05352, -9.92965 ], [ -63.05619, -9.9299 ], [ -63.05704, -9.92934 ] ] } },
{ "type": "Feature", "properties": { "name": "Ribeirão Carinhoso" }, "geometry": { "type": "LineString", "coordinates": [ [ -63.02402, -9.95424 ], [ -63.02368, -9.95605 ], [ -63.02591, -9.95682 ], [ -63.0261, -9.95882 ], [ -63.02933, -9.9619 ], [ -63.03272, -9.96211 ], [ -63.03536, -9.96087 ] ] } },
{ "type": "Feature", "properties": { "name": "Rio Boa Vista" }, "geometry": { "type": "LineString", "coordinates": [ [ -63.37871, -10.30764 ], [ -63.37705, -10.30747 ], [ -63.37536, -10.30843 ], [ -63.36831, -10.3079 ], [ -63.36678, -10.30832 ], [ -63.36457, -10.31024 ], [ -63.35849, -10.30861 ], [ -63.35599, -10.30867 ], [ -63.35312, -10.30732 ], [ -63.35259, -10.30558 ], [ -63.34395, -10.30395 ], [ -63.34024, -10.30222 ], [ -63.33706, -10.30294 ], [ -63.33374, -10.30169 ], [ -63.33354, -10.30068 ], [ -63.33058, -10.30047 ], [ -63.32816, -10.29806 ], [ -63.32637, -10.29882 ], [ -63.32668, -10.30047 ], [ -63.32579, -10.30053 ], [ -63.32588, -10.30126 ], [ -63.32248, -10.30173 ], [ -63.32152, -10.30098 ], [ -63.32055, -10.2983 ], [ -63.31913, -10.29752 ], [ -63.31636, -10.29767 ] ] } },
{ "type": "Feature", "properties": { "name": "Rio Boa Vista" }, "geometry": { "type": "LineString", "coordinates": [ [ -63.31636, -10.29767 ], [ -63.31623, -10.29652 ], [ -63.31431, -10.2966 ], [ -63.3127, -10.29523 ], [ -63.31148, -10.29308 ], [ -63.31181, -10.29212 ], [ -63.31022, -10.29 ], [ -63.30931, -10.29065 ], [ -63.30841, -10.28717 ], [ -63.30656, -10.28517 ], [ -63.3024, -10.28439 ], [ -63.29647, -10.28512 ], [ -63.29545, -10.28576 ], [ -63.29221, -10.28465 ], [ -63.29172, -10.28537 ], [ -63.28754, -10.28612 ], [ -63.28641, -10.28699 ], [ -63.28557, -10.2862 ], [ -63.28489, -10.28688 ], [ -63.28343, -10.28665 ], [ -63.28217, -10.28715 ], [ -63.28134, -10.28841 ], [ -63.2786, -10.28948 ], [ -63.27684, -10.28844 ], [ -63.27401, -10.28968 ], [ -63.27273, -10.29093 ], [ -63.27016, -10.29132 ], [ -63.27107, -10.29317 ], [ -63.27012, -10.29433 ], [ -63.26962, -10.29376 ], [ -63.26682, -10.2936 ], [ -63.26639, -10.29271 ], [ -63.26489, -10.29207 ], [ -63.26135, -10.29203 ], [ -63.25665, -10.29395 ], [ -63.25432, -10.29402 ], [ -63.25169, -10.29319 ], [ -63.25098, -10.2938 ], [ -63.25176, -10.29454 ], [ -63.2513, -10.29476 ], [ -63.25008, -10.29403 ], [ -63.24885, -10.29197 ], [ -63.24496, -10.2892 ] ] } },
{ "type": "Feature", "properties": { "name": "Jaci Paraná" }, "geometry": { "type": "LineString", "coordinates": [ [ -63.79768, -10.79572 ], [ -63.79958, -10.79379 ], [ -63.80307, -10.79619 ], [ -63.80771, -10.79757 ], [ -63.80986, -10.80032 ], [ -63.81346, -10.80155 ], [ -63.81689, -10.79933 ], [ -63.81899, -10.797 ], [ -63.82334, -10.79701 ], [ -63.82589, -10.79451 ], [ -63.82973, -10.79258 ], [ -63.83021, -10.79096 ], [ -63.83563, -10.79105 ], [ -63.83848, -10.78909 ], [ -63.83713, -10.78547 ], [ -63.83938, -10.78349 ], [ -63.83857, -10.78115 ], [ -63.84067, -10.78054 ], [ -63.84103, -10.77985 ] ] } },
{ "type": "Feature", "properties": { "name": "Braço Direito" }, "geometry": { "type": "LineString", "coordinates": [ [ -63.30927, -9.66835 ], [ -63.30802, -9.66717 ], [ -63.30486, -9.66634 ], [ -63.3025, -9.6622 ], [ -63.30034, -9.66147 ], [ -63.29989, -9.65897 ], [ -63.29828, -9.6569 ], [ -63.2945, -9.64769 ], [ -63.29166, -9.64343 ], [ -63.29205, -9.63589 ], [ -63.29323, -9.63297 ], [ -63.29462, -9.62423 ], [ -63.29558, -9.62285 ], [ -63.2941, -9.61266 ], [ -63.29514, -9.61121 ], [ -63.29634, -9.60168 ], [ -63.29869, -9.59955 ], [ -63.29904, -9.59785 ], [ -63.30468, -9.5911 ], [ -63.30734, -9.5842 ], [ -63.31246, -9.57881 ], [ -63.32197, -9.57096 ], [ -63.32098, -9.56226 ], [ -63.31946, -9.55891 ], [ -63.31993, -9.55064 ], [ -63.3195, -9.53722 ], [ -63.31862, -9.53261 ], [ -63.32088, -9.52795 ], [ -63.34083, -9.50216 ], [ -63.34087, -9.49866 ], [ -63.33987, -9.49742 ], [ -63.3427, -9.48766 ], [ -63.34247, -9.48619 ] ] } },
{ "type": "Feature", "properties": { "name": "Igarapé Formigão" }, "geometry": { "type": "LineString", "coordinates": [ [ -63.4002, -9.60983 ], [ -63.39915, -9.60677 ], [ -63.39288, -9.59898 ], [ -63.38661, -9.59342 ], [ -63.38058, -9.59327 ], [ -63.37805, -9.59073 ], [ -63.37395, -9.5881 ], [ -63.37207, -9.58571 ], [ -63.3699, -9.58163 ], [ -63.37185, -9.57966 ], [ -63.36668, -9.56703 ], [ -63.36357, -9.56324 ], [ -63.36256, -9.56079 ], [ -63.36174, -9.5555 ], [ -63.35752, -9.55296 ], [ -63.35449, -9.54744 ], [ -63.34964, -9.54344 ], [ -63.3472, -9.54257 ], [ -63.34711, -9.53834 ], [ -63.35889, -9.52826 ], [ -63.36108, -9.52498 ], [ -63.36108, -9.51796 ], [ -63.3558, -9.50998 ], [ -63.35393, -9.50376 ], [ -63.34821, -9.5025 ], [ -63.34662, -9.50157 ], [ -63.34481, -9.49911 ], [ -63.34193, -9.49752 ], [ -63.34038, -9.49806 ] ] } },
{ "type": "Feature", "properties": { "name": "Rio Jamari" }, "geometry": { "type": "LineString", "coordinates": [ [ -63.44589, -10.98967 ], [ -63.44508, -10.98932 ], [ -63.44383, -10.99003 ], [ -63.44183, -10.98997 ], [ -63.4422, -10.98945 ], [ -63.44089, -10.98872 ], [ -63.44159, -10.98812 ], [ -63.4396, -10.98762 ], [ -63.43932, -10.98968 ], [ -63.43606, -10.99309 ], [ -63.43629, -10.99451 ], [ -63.43549, -10.99531 ], [ -63.43445, -10.99555 ], [ -63.43341, -10.99466 ], [ -63.43147, -10.9943 ], [ -63.428, -10.99535 ], [ -63.42419, -10.99197 ], [ -63.42257, -10.99306 ], [ -63.42152, -10.99237 ], [ -63.41907, -10.99334 ], [ -63.4203, -10.99173 ], [ -63.41841, -10.99214 ], [ -63.41857, -10.99085 ], [ -63.41564, -10.99023 ], [ -63.4147, -10.9893 ], [ -63.41523, -10.98722 ], [ -63.41399, -10.9855 ], [ -63.41403, -10.98401 ], [ -63.40918, -10.98305 ], [ -63.40684, -10.98536 ], [ -63.4066, -10.98473 ], [ -63.40504, -10.98464 ], [ -63.40492, -10.98308 ], [ -63.40395, -10.98293 ], [ -63.40249, -10.98581 ], [ -63.40163, -10.98385 ], [ -63.39852, -10.98156 ], [ -63.39923, -10.97962 ], [ -63.39778, -10.97913 ], [ -63.39818, -10.97813 ], [ -63.39475, -10.97708 ], [ -63.3952, -10.97533 ], [ -63.39602, -10.97462 ], [ -63.39548, -10.96996 ], [ -63.39691, -10.9684 ], [ -63.39721, -10.9664 ], [ -63.39625, -10.9648 ], [ -63.39698, -10.96404 ], [ -63.39655, -10.96288 ], [ -63.39464, -10.96109 ], [ -63.39515, -10.95955 ], [ -63.39692, -10.95908 ], [ -63.39764, -10.95735 ], [ -63.395, -10.9532 ], [ -63.39453, -10.95418 ], [ -63.39322, -10.95469 ], [ -63.39115, -10.95471 ], [ -63.39005, -10.95408 ], [ -63.38919, -10.95448 ], [ -63.38714, -10.95345 ], [ -63.38582, -10.95079 ], [ -63.38412, -10.95105 ], [ -63.38325, -10.95242 ], [ -63.38248, -10.95245 ], [ -63.38271, -10.95312 ], [ -63.38031, -10.95266 ], [ -63.37985, -10.95388 ], [ -63.37817, -10.95527 ], [ -63.37887, -10.95685 ], [ -63.37859, -10.95784 ], [ -63.37599, -10.95885 ], [ -63.37519, -10.95749 ], [ -63.37559, -10.95669 ], [ -63.37467, -10.95685 ], [ -63.37476, -10.95545 ], [ -63.37334, -10.95494 ], [ -63.37352, -10.95434 ], [ -63.37242, -10.95437 ], [ -63.37281, -10.95143 ], [ -63.37123, -10.95215 ], [ -63.37093, -10.94789 ], [ -63.37006, -10.94785 ], [ -63.36945, -10.94891 ], [ -63.3679, -10.94943 ], [ -63.36795, -10.94595 ], [ -63.36518, -10.94426 ], [ -63.36533, -10.94356 ], [ -63.3666, -10.94363 ] ] } },
{ "type": "Feature", "properties": { "name": "Rio Jamari" }, "geometry": { "type": "LineString", "coordinates": [ [ -63.53067, -10.93727 ], [ -63.52997, -10.93837 ], [ -63.52827, -10.93706 ], [ -63.52595, -10.93714 ], [ -63.52581, -10.93828 ], [ -63.52653, -10.93917 ], [ -63.52465, -10.94043 ], [ -63.52302, -10.93838 ], [ -63.52243, -10.93894 ], [ -63.52279, -10.94067 ], [ -63.52114, -10.93982 ], [ -63.5203, -10.94038 ], [ -63.51991, -10.94178 ], [ -63.51906, -10.94209 ], [ -63.5156, -10.94106 ], [ -63.51456, -10.94234 ], [ -63.51241, -10.94276 ], [ -63.51149, -10.94487 ], [ -63.50985, -10.9439 ], [ -63.51123, -10.94177 ], [ -63.51003, -10.94236 ], [ -63.50799, -10.93948 ], [ -63.50805, -10.93865 ], [ -63.5089, -10.93882 ], [ -63.50945, -10.93799 ], [ -63.5088, -10.93634 ], [ -63.50321, -10.93746 ], [ -63.50373, -10.94095 ], [ -63.50259, -10.94239 ], [ -63.50441, -10.9438 ], [ -63.50334, -10.94662 ], [ -63.50469, -10.94676 ], [ -63.50473, -10.94895 ], [ -63.50329, -10.94972 ], [ -63.50335, -10.95072 ], [ -63.5024, -10.95211 ], [ -63.50039, -10.95265 ], [ -63.50081, -10.95606 ], [ -63.50004, -10.95642 ], [ -63.50007, -10.95808 ], [ -63.49937, -10.95888 ], [ -63.49946, -10.96197 ], [ -63.48974, -10.96333 ], [ -63.48951, -10.96488 ], [ -63.49087, -10.96489 ], [ -63.49254, -10.96723 ], [ -63.49143, -10.96865 ], [ -63.49124, -10.97108 ], [ -63.48893, -10.97305 ], [ -63.48911, -10.97485 ], [ -63.48579, -10.9775 ], [ -63.48378, -10.98037 ], [ -63.48217, -10.98105 ], [ -63.48089, -10.97995 ], [ -63.47919, -10.98292 ], [ -63.47774, -10.98356 ], [ -63.47857, -10.98429 ], [ -63.47685, -10.98626 ], [ -63.47728, -10.98733 ], [ -63.4764, -10.98827 ], [ -63.47454, -10.9886 ], [ -63.47366, -10.9936 ], [ -63.47215, -10.99299 ], [ -63.47079, -10.9937 ], [ -63.4686, -10.99366 ], [ -63.46776, -10.99556 ], [ -63.46524, -10.9948 ], [ -63.46406, -10.9955 ], [ -63.45846, -10.9952 ], [ -63.458, -10.99439 ], [ -63.45925, -10.99247 ], [ -63.45783, -10.99299 ], [ -63.45795, -10.99113 ], [ -63.45631, -10.99087 ], [ -63.45336, -10.98774 ], [ -63.45174, -10.98777 ], [ -63.45193, -10.9892 ], [ -63.45041, -10.99003 ], [ -63.44857, -10.99009 ], [ -63.44797, -10.9891 ], [ -63.44589, -10.98967 ] ] } },
{ "type": "Feature", "properties": { "name": "Rio Jamari" }, "geometry": { "type": "LineString", "coordinates": [ [ -63.54331, -10.93242 ], [ -63.54489, -10.93369 ], [ -63.54465, -10.9346 ], [ -63.54338, -10.93482 ], [ -63.54258, -10.93447 ], [ -63.5424, -10.93316 ], [ -63.5412, -10.93384 ], [ -63.53976, -10.93259 ], [ -63.53824, -10.93573 ], [ -63.53428, -10.93672 ], [ -63.53265, -10.93557 ], [ -63.53317, -10.93439 ], [ -63.53199, -10.93363 ], [ -63.53021, -10.93573 ], [ -63.53067, -10.93727 ] ] } },
{ "type": "Feature", "properties": { "name": "Rio Jamari" }, "geometry": { "type": "LineString", "coordinates": [ [ -63.32028, -10.84722 ], [ -63.31637, -10.8452 ], [ -63.31558, -10.84534 ], [ -63.31411, -10.84349 ], [ -63.31214, -10.84271 ], [ -63.31091, -10.84031 ], [ -63.31129, -10.83917 ], [ -63.30595, -10.83295 ], [ -63.30396, -10.82913 ], [ -63.30322, -10.82908 ], [ -63.30365, -10.82754 ], [ -63.30218, -10.82372 ], [ -63.29964, -10.82234 ], [ -63.29717, -10.8227 ], [ -63.2933, -10.81489 ], [ -63.28926, -10.80967 ], [ -63.28654, -10.80872 ], [ -63.28654, -10.8073 ], [ -63.28433, -10.80516 ], [ -63.2834, -10.80481 ], [ -63.28241, -10.80613 ], [ -63.27911, -10.8064 ], [ -63.27847, -10.80426 ], [ -63.2765, -10.80352 ], [ -63.27472, -10.80469 ], [ -63.27341, -10.80457 ], [ -63.26945, -10.79835 ], [ -63.26817, -10.79828 ], [ -63.26814, -10.79669 ], [ -63.2665, -10.79726 ], [ -63.26605, -10.79617 ], [ -63.2652, -10.79619 ], [ -63.26245, -10.79299 ], [ -63.26112, -10.79061 ], [ -63.26181, -10.79004 ], [ -63.26052, -10.78947 ], [ -63.25972, -10.79009 ], [ -63.25948, -10.78919 ], [ -63.25758, -10.79028 ], [ -63.25637, -10.78978 ], [ -63.2559, -10.78841 ], [ -63.25488, -10.78874 ], [ -63.25305, -10.78786 ], [ -63.25193, -10.788 ], [ -63.25108, -10.7862 ], [ -63.24909, -10.78532 ], [ -63.25025, -10.78257 ], [ -63.24984, -10.78178 ], [ -63.24849, -10.78368 ], [ -63.24795, -10.78347 ], [ -63.24825, -10.78169 ], [ -63.24669, -10.78079 ], [ -63.24643, -10.77993 ], [ -63.24795, -10.77827 ], [ -63.24816, -10.77637 ], [ -63.24723, -10.77616 ], [ -63.24742, -10.77825 ], [ -63.24683, -10.77832 ], [ -63.24384, -10.77433 ], [ -63.24282, -10.77383 ], [ -63.24068, -10.7749 ], [ -63.24, -10.77379 ], [ -63.23971, -10.77129 ], [ -63.24016, -10.7707 ], [ -63.23905, -10.76959 ], [ -63.2356, -10.77118 ], [ -63.23442, -10.77065 ], [ -63.2333, -10.76705 ], [ -63.23477, -10.76605 ], [ -63.23473, -10.76394 ], [ -63.23575, -10.76268 ], [ -63.23582, -10.75831 ], [ -63.2361, -10.75736 ], [ -63.23845, -10.75715 ], [ -63.23881, -10.75563 ], [ -63.23598, -10.75345 ], [ -63.23572, -10.75228 ], [ -63.23406, -10.7529 ], [ -63.23226, -10.75072 ], [ -63.22913, -10.74929 ], [ -63.22815, -10.74804 ], [ -63.22507, -10.74782 ], [ -63.22409, -10.74732 ], [ -63.22362, -10.74609 ], [ -63.21996, -10.74939 ] ] } },
{ "type": "Feature", "properties": { "name": "Rio Jamari" }, "geometry": { "type": "LineString", "coordinates": [ [ -63.20866, -10.74495 ], [ -63.20739, -10.74298 ], [ -63.20544, -10.74226 ], [ -63.20455, -10.7389 ], [ -63.20695, -10.73686 ], [ -63.2067, -10.73247 ], [ -63.20583, -10.7294 ], [ -63.20541, -10.72874 ], [ -63.20183, -10.72815 ], [ -63.20425, -10.72508 ], [ -63.20357, -10.72435 ], [ -63.2022, -10.72497 ], [ -63.19966, -10.72343 ], [ -63.19995, -10.72098 ], [ -63.19812, -10.7199 ], [ -63.19776, -10.71872 ], [ -63.19793, -10.71791 ], [ -63.20085, -10.71751 ], [ -63.20156, -10.71686 ], [ -63.20137, -10.71572 ], [ -63.20056, -10.71532 ], [ -63.20101, -10.71481 ], [ -63.20281, -10.71502 ], [ -63.20331, -10.71438 ], [ -63.20346, -10.71116 ], [ -63.20005, -10.70652 ], [ -63.20008, -10.70522 ], [ -63.20205, -10.70627 ], [ -63.20343, -10.7044 ], [ -63.20467, -10.70527 ], [ -63.2067, -10.70467 ], [ -63.20585, -10.6985 ], [ -63.20659, -10.69578 ], [ -63.20595, -10.69462 ], [ -63.20655, -10.69244 ], [ -63.20614, -10.68726 ], [ -63.20536, -10.68662 ], [ -63.20262, -10.68671 ], [ -63.19956, -10.68422 ], [ -63.19829, -10.68496 ], [ -63.19731, -10.68434 ], [ -63.19782, -10.68351 ], [ -63.19666, -10.67096 ], [ -63.19292, -10.65513 ], [ -63.19372, -10.65333 ], [ -63.19355, -10.65216 ], [ -63.19203, -10.6502 ], [ -63.19407, -10.64664 ], [ -63.19415, -10.64529 ], [ -63.19316, -10.64297 ], [ -63.19462, -10.638 ], [ -63.19754, -10.63406 ], [ -63.19773, -10.62653 ], [ -63.19931, -10.62547 ], [ -63.19956, -10.6207 ], [ -63.202, -10.61307 ] ] } },
{ "type": "Feature", "properties": { "name": "Rio Jamari" }, "geometry": { "type": "LineString", "coordinates": [ [ -63.14814, -9.53349 ], [ -63.14968, -9.53135 ], [ -63.14975, -9.53006 ], [ -63.14831, -9.52778 ], [ -63.14353, -9.52551 ], [ -63.14042, -9.52484 ], [ -63.13613, -9.5253 ], [ -63.13473, -9.52447 ], [ -63.13433, -9.52335 ], [ -63.13504, -9.52215 ], [ -63.13779, -9.52149 ], [ -63.13837, -9.52051 ], [ -63.13729, -9.51634 ], [ -63.1391, -9.51003 ], [ -63.13904, -9.50647 ], [ -63.13422, -9.50242 ], [ -63.1322, -9.50155 ], [ -63.12627, -9.50128 ], [ -63.12277, -9.50251 ] ] } },
{ "type": "Feature", "properties": { "name": "Rio Canaã" }, "geometry": { "type": "LineString", "coordinates": [ [ -63.12459, -10.26957 ], [ -63.11953, -10.2688 ], [ -63.11775, -10.2702 ], [ -63.11705, -10.26878 ], [ -63.11337, -10.26666 ], [ -63.11356, -10.26892 ], [ -63.11188, -10.26769 ], [ -63.11087, -10.26808 ], [ -63.10709, -10.26724 ], [ -63.10563, -10.26608 ], [ -63.1076, -10.2613 ], [ -63.10697, -10.26127 ], [ -63.10657, -10.26019 ], [ -63.10385, -10.25961 ], [ -63.10026, -10.25757 ], [ -63.09947, -10.25584 ], [ -63.09993, -10.25492 ], [ -63.09911, -10.25341 ], [ -63.09988, -10.25177 ], [ -63.09937, -10.25139 ], [ -63.10043, -10.25091 ], [ -63.10022, -10.25004 ], [ -63.10151, -10.24961 ], [ -63.10202, -10.24845 ], [ -63.10123, -10.24672 ], [ -63.1018, -10.24581 ], [ -63.1006, -10.24588 ], [ -63.09836, -10.24785 ], [ -63.09519, -10.24732 ], [ -63.09353, -10.2428 ], [ -63.09644, -10.23994 ], [ -63.09844, -10.239 ], [ -63.09699, -10.23525 ], [ -63.09779, -10.23284 ], [ -63.09596, -10.22984 ], [ -63.09589, -10.22613 ], [ -63.09678, -10.22496 ], [ -63.09603, -10.22351 ], [ -63.09839, -10.22233 ], [ -63.09906, -10.22077 ], [ -63.10183, -10.22007 ], [ -63.10202, -10.21894 ], [ -63.10325, -10.21902 ], [ -63.10361, -10.2182 ], [ -63.10212, -10.21599 ], [ -63.10623, -10.21517 ], [ -63.10635, -10.21409 ], [ -63.1088, -10.21144 ], [ -63.10695, -10.20764 ], [ -63.10738, -10.20699 ], [ -63.11082, -10.20692 ], [ -63.11092, -10.20564 ], [ -63.10868, -10.20264 ], [ -63.1114, -10.20228 ], [ -63.11383, -10.20052 ], [ -63.11263, -10.19891 ], [ -63.11828, -10.19169 ], [ -63.11813, -10.1903 ], [ -63.11881, -10.19085 ], [ -63.11919, -10.18975 ], [ -63.11833, -10.18842 ], [ -63.11912, -10.18633 ], [ -63.11825, -10.18604 ], [ -63.11787, -10.18359 ], [ -63.11703, -10.18294 ], [ -63.11955, -10.17991 ], [ -63.12196, -10.18241 ], [ -63.12253, -10.17936 ], [ -63.12326, -10.17883 ], [ -63.12292, -10.17697 ], [ -63.1234, -10.17707 ], [ -63.12388, -10.17606 ], [ -63.12268, -10.17471 ], [ -63.1195, -10.17563 ], [ -63.11852, -10.17289 ], [ -63.1176, -10.17226 ], [ -63.11787, -10.17168 ], [ -63.11491, -10.16865 ], [ -63.11332, -10.1686 ], [ -63.11207, -10.16971 ], [ -63.11152, -10.16836 ], [ -63.11022, -10.16846 ], [ -63.10887, -10.16757 ], [ -63.10738, -10.16798 ], [ -63.10308, -10.16634 ], [ -63.10185, -10.16521 ], [ -63.10115, -10.16606 ], [ -63.09935, -10.16405 ] ] } },
{ "type": "Feature", "properties": { "name": "Rio Canaã" }, "geometry": { "type": "LineString", "coordinates": [ [ -63.07607, -10.47556 ], [ -63.07579, -10.47513 ], [ -63.07674, -10.47482 ], [ -63.0759, -10.47454 ], [ -63.07605, -10.47408 ], [ -63.07949, -10.4734 ], [ -63.07774, -10.472 ], [ -63.07746, -10.46963 ], [ -63.07442, -10.47014 ], [ -63.07399, -10.46839 ], [ -63.07318, -10.4677 ], [ -63.07068, -10.46821 ], [ -63.06979, -10.46675 ], [ -63.06733, -10.46552 ], [ -63.0698, -10.46447 ], [ -63.07061, -10.46206 ], [ -63.06761, -10.46118 ], [ -63.06699, -10.45989 ], [ -63.0657, -10.45941 ], [ -63.06603, -10.45839 ], [ -63.06489, -10.45757 ], [ -63.0641, -10.45772 ], [ -63.06423, -10.45705 ], [ -63.06255, -10.45511 ], [ -63.06074, -10.45418 ], [ -63.06032, -10.4523 ], [ -63.05879, -10.45226 ], [ -63.05786, -10.44962 ], [ -63.05526, -10.44889 ], [ -63.05504, -10.44499 ], [ -63.05108, -10.44483 ], [ -63.05154, -10.4432 ], [ -63.04905, -10.44064 ], [ -63.04983, -10.43955 ], [ -63.04895, -10.43901 ], [ -63.05036, -10.43642 ], [ -63.05015, -10.43298 ], [ -63.05472, -10.42986 ], [ -63.05486, -10.42777 ], [ -63.0585, -10.42581 ], [ -63.05981, -10.42388 ], [ -63.06274, -10.42257 ], [ -63.06233, -10.42059 ], [ -63.06493, -10.41552 ], [ -63.06476, -10.41413 ], [ -63.06642, -10.41285 ], [ -63.06624, -10.41029 ], [ -63.06685, -10.40889 ], [ -63.0663, -10.40789 ], [ -63.06714, -10.40721 ], [ -63.06651, -10.40678 ], [ -63.06712, -10.40569 ], [ -63.06669, -10.403 ], [ -63.06729, -10.40089 ], [ -63.06701, -10.39519 ], [ -63.06763, -10.39461 ], [ -63.06799, -10.38942 ], [ -63.06947, -10.38538 ], [ -63.06903, -10.38203 ], [ -63.06972, -10.38119 ], [ -63.06955, -10.37654 ], [ -63.06841, -10.37561 ], [ -63.06895, -10.37538 ], [ -63.06863, -10.37462 ], [ -63.06768, -10.37421 ], [ -63.06783, -10.37254 ], [ -63.06854, -10.37188 ], [ -63.0686, -10.36883 ], [ -63.06812, -10.36823 ], [ -63.0691, -10.36847 ], [ -63.06898, -10.36656 ], [ -63.07348, -10.36666 ], [ -63.07608, -10.36562 ], [ -63.0771, -10.36442 ], [ -63.0794, -10.36432 ], [ -63.07985, -10.36529 ], [ -63.08191, -10.36559 ], [ -63.09228, -10.36393 ], [ -63.09324, -10.36197 ] ] } },
{ "type": "Feature", "properties": { "name": "Rio Canaã" }, "geometry": { "type": "LineString", "coordinates": [ [ -63.05154, -10.5876 ], [ -63.05177, -10.58644 ], [ -63.05085, -10.58492 ], [ -63.05253, -10.57933 ], [ -63.05063, -10.58003 ], [ -63.04839, -10.57838 ], [ -63.04763, -10.57665 ], [ -63.04833, -10.57663 ], [ -63.04881, -10.57202 ], [ -63.04977, -10.56983 ], [ -63.05269, -10.57179 ], [ -63.05362, -10.57092 ], [ -63.05338, -10.56906 ], [ -63.05417, -10.56839 ], [ -63.05244, -10.56367 ], [ -63.05279, -10.5591 ], [ -63.05175, -10.55692 ], [ -63.05385, -10.55654 ], [ -63.05381, -10.55513 ], [ -63.05901, -10.55347 ], [ -63.0617, -10.55475 ], [ -63.06221, -10.55282 ], [ -63.06511, -10.55188 ], [ -63.06462, -10.5513 ], [ -63.06573, -10.55042 ], [ -63.06507, -10.54901 ], [ -63.06553, -10.54828 ], [ -63.06642, -10.54739 ], [ -63.06807, -10.54744 ], [ -63.0697, -10.54512 ], [ -63.07119, -10.5448 ], [ -63.0712, -10.54405 ], [ -63.07189, -10.54421 ], [ -63.07195, -10.54344 ], [ -63.07278, -10.54338 ], [ -63.07279, -10.54225 ], [ -63.07109, -10.54207 ], [ -63.06968, -10.54072 ], [ -63.07064, -10.5407 ], [ -63.07088, -10.54 ], [ -63.0698, -10.53944 ], [ -63.07039, -10.5377 ], [ -63.06974, -10.53767 ], [ -63.06984, -10.53676 ], [ -63.0687, -10.53611 ], [ -63.06846, -10.53487 ], [ -63.06971, -10.53459 ], [ -63.06986, -10.53367 ], [ -63.06797, -10.53256 ], [ -63.06774, -10.53167 ], [ -63.06713, -10.53227 ], [ -63.06738, -10.53111 ], [ -63.06618, -10.52996 ], [ -63.06782, -10.52781 ], [ -63.06719, -10.52725 ], [ -63.06769, -10.52573 ], [ -63.06691, -10.52539 ], [ -63.06759, -10.52466 ], [ -63.06686, -10.52377 ], [ -63.06729, -10.52283 ], [ -63.07017, -10.52163 ], [ -63.07051, -10.52244 ], [ -63.07144, -10.52166 ], [ -63.07132, -10.52007 ], [ -63.06977, -10.51868 ], [ -63.07039, -10.51682 ], [ -63.06986, -10.51618 ], [ -63.07135, -10.51212 ], [ -63.07098, -10.51086 ], [ -63.07163, -10.51034 ], [ -63.0711, -10.50981 ], [ -63.07178, -10.50594 ], [ -63.07123, -10.50546 ], [ -63.07165, -10.50448 ], [ -63.07229, -10.50459 ], [ -63.07161, -10.50387 ], [ -63.07206, -10.50267 ], [ -63.07296, -10.50265 ], [ -63.07278, -10.50164 ], [ -63.07333, -10.50183 ], [ -63.07235, -10.50096 ], [ -63.07228, -10.49974 ], [ -63.07298, -10.49896 ], [ -63.07252, -10.49834 ], [ -63.07355, -10.49777 ], [ -63.07325, -10.49478 ], [ -63.07565, -10.49339 ], [ -63.07547, -10.49249 ], [ -63.07615, -10.49161 ], [ -63.0755, -10.49146 ], [ -63.07582, -10.48886 ], [ -63.07416, -10.48451 ], [ -63.07583, -10.48253 ], [ -63.07537, -10.48034 ], [ -63.07628, -10.48084 ], [ -63.07537, -10.4796 ], [ -63.07528, -10.47792 ], [ -63.07605, -10.47704 ], [ -63.07607, -10.47556 ] ] } },
{ "type": "Feature", "properties": { "name": "Rio Canaã" }, "geometry": { "type": "LineString", "coordinates": [ [ -63.04438, -10.65135 ], [ -63.04627, -10.64757 ], [ -63.04603, -10.64621 ], [ -63.04559, -10.6459 ], [ -63.04553, -10.64706 ], [ -63.04483, -10.64727 ], [ -63.04317, -10.64555 ], [ -63.0406, -10.64426 ], [ -63.04005, -10.64303 ], [ -63.03782, -10.64184 ], [ -63.0389, -10.64081 ], [ -63.03796, -10.64005 ], [ -63.03911, -10.6394 ], [ -63.03983, -10.63765 ], [ -63.04232, -10.63611 ], [ -63.04093, -10.63499 ], [ -63.0423, -10.63228 ], [ -63.03976, -10.6314 ], [ -63.03878, -10.63018 ], [ -63.03798, -10.62855 ], [ -63.03882, -10.62805 ], [ -63.03896, -10.62592 ], [ -63.03723, -10.62546 ], [ -63.03729, -10.6235 ], [ -63.03616, -10.62326 ], [ -63.03574, -10.62081 ], [ -63.03715, -10.61962 ], [ -63.03726, -10.61519 ], [ -63.03785, -10.61437 ], [ -63.03746, -10.61389 ], [ -63.03819, -10.61291 ], [ -63.03942, -10.61292 ], [ -63.04025, -10.61144 ], [ -63.0431, -10.61108 ], [ -63.04156, -10.61016 ], [ -63.04384, -10.60778 ], [ -63.04293, -10.60723 ], [ -63.04513, -10.60499 ], [ -63.04327, -10.6044 ], [ -63.04252, -10.60195 ], [ -63.04464, -10.60117 ], [ -63.04595, -10.59815 ], [ -63.04899, -10.59578 ], [ -63.04907, -10.59295 ], [ -63.05191, -10.59097 ], [ -63.05104, -10.58904 ], [ -63.05154, -10.5876 ] ] } },
{ "type": "Feature", "properties": { "name": "Rio Boa Vista" }, "geometry": { "type": "LineString", "coordinates": [ [ -62.1718, -10.7542 ], [ -62.17127, -10.7534 ], [ -62.17184, -10.75339 ], [ -62.1717, -10.75204 ], [ -62.17094, -10.75156 ] ] } },
{ "type": "Feature", "properties": { "name": "Rio Jamari" }, "geometry": { "type": "LineString", "coordinates": [ [ -63.07591, -9.93712 ], [ -63.07653, -9.93354 ], [ -63.0755, -9.9323 ], [ -63.07336, -9.93343 ], [ -63.07238, -9.9364 ], [ -63.06847, -9.93851 ] ] } },
{ "type": "Feature", "properties": { "name": "Rio Jamari" }, "geometry": { "type": "LineString", "coordinates": [ [ -63.07593, -9.9372 ], [ -63.07591, -9.93712 ] ] } },
{ "type": "Feature", "properties": { "name": "Rio Furquia" }, "geometry": { "type": "LineString", "coordinates": [ [ -62.05862, -10.65106 ], [ -62.05376, -10.65476 ], [ -62.05181, -10.65349 ], [ -62.05013, -10.65417 ], [ -62.04861, -10.65382 ], [ -62.04742, -10.65514 ], [ -62.04449, -10.6543 ], [ -62.04214, -10.6523 ], [ -62.04086, -10.65254 ], [ -62.04009, -10.65508 ], [ -62.03806, -10.65459 ], [ -62.03775, -10.65246 ], [ -62.03619, -10.6531 ], [ -62.03333, -10.65035 ], [ -62.03188, -10.65019 ], [ -62.02956, -10.65124 ], [ -62.02829, -10.65401 ], [ -62.02679, -10.65553 ], [ -62.0192, -10.65666 ], [ -62.01787, -10.6578 ], [ -62.01673, -10.65679 ], [ -62.01645, -10.6547 ], [ -62.01423, -10.65112 ], [ -62.01523, -10.64433 ], [ -62.01527, -10.64216 ], [ -62.01445, -10.64035 ], [ -62.01363, -10.63885 ], [ -62.00948, -10.63678 ], [ -62.00863, -10.63564 ], [ -62.00523, -10.63444 ], [ -62.00501, -10.63568 ], [ -62.00376, -10.6349 ], [ -62.00308, -10.6376 ], [ -62.00235, -10.63801 ], [ -62.00231, -10.64044 ], [ -62.00091, -10.64134 ], [ -62.00076, -10.64208 ], [ -62.00183, -10.64345 ], [ -62.0005, -10.64542 ], [ -61.99938, -10.64574 ], [ -61.99834, -10.64778 ], [ -61.9987, -10.64914 ], [ -61.99801, -10.65071 ], [ -61.99844, -10.65172 ], [ -61.99751, -10.65283 ], [ -61.99515, -10.65199 ], [ -61.99415, -10.65376 ], [ -61.99062, -10.65092 ], [ -61.9895, -10.65118 ], [ -61.98699, -10.65366 ], [ -61.98435, -10.65419 ], [ -61.98377, -10.65228 ], [ -61.98264, -10.65238 ], [ -61.97756, -10.64994 ], [ -61.97563, -10.65267 ], [ -61.97724, -10.65579 ], [ -61.97681, -10.6593 ], [ -61.97561, -10.66022 ], [ -61.9746, -10.66018 ], [ -61.97398, -10.66135 ], [ -61.9727, -10.66043 ], [ -61.96939, -10.66131 ], [ -61.96961, -10.66528 ], [ -61.97073, -10.66593 ], [ -61.97014, -10.66752 ], [ -61.96881, -10.66758 ], [ -61.9686, -10.66704 ], [ -61.96831, -10.66743 ], [ -61.96688, -10.66657 ], [ -61.96656, -10.66713 ], [ -61.96527, -10.66679 ], [ -61.96418, -10.6675 ], [ -61.96276, -10.66669 ], [ -61.962, -10.66737 ], [ -61.95768, -10.66634 ], [ -61.95659, -10.66752 ], [ -61.95335, -10.66632 ], [ -61.95107, -10.66975 ], [ -61.94755, -10.67071 ], [ -61.94808, -10.67118 ], [ -61.94712, -10.67271 ], [ -61.94525, -10.67411 ], [ -61.94484, -10.676 ], [ -61.94352, -10.67708 ], [ -61.9444, -10.67784 ], [ -61.94392, -10.6778 ], [ -61.94381, -10.67902 ], [ -61.9432, -10.67906 ], [ -61.94314, -10.68141 ], [ -61.94263, -10.68122 ], [ -61.94321, -10.68212 ], [ -61.94221, -10.68318 ], [ -61.94213, -10.68586 ], [ -61.94276, -10.68593 ], [ -61.94241, -10.68712 ], [ -61.94117, -10.68832 ], [ -61.93953, -10.68822 ], [ -61.9392, -10.68768 ], [ -61.93748, -10.68914 ], [ -61.93658, -10.68901 ], [ -61.93567, -10.69005 ], [ -61.93542, -10.69214 ], [ -61.93332, -10.69353 ], [ -61.93158, -10.69283 ], [ -61.93084, -10.6936 ], [ -61.92985, -10.69315 ], [ -61.92922, -10.69405 ], [ -61.92695, -10.69371 ], [ -61.92308, -10.69554 ], [ -61.92308, -10.69735 ], [ -61.92272, -10.69685 ], [ -61.91992, -10.69796 ], [ -61.9176, -10.69806 ], [ -61.91767, -10.69711 ], [ -61.91409, -10.69547 ], [ -61.91286, -10.69578 ], [ -61.91278, -10.69513 ], [ -61.9111, -10.69448 ], [ -61.90942, -10.69552 ], [ -61.90851, -10.69502 ], [ -61.90718, -10.69548 ], [ -61.90695, -10.69468 ], [ -61.90561, -10.69465 ], [ -61.90198, -10.69549 ], [ -61.90107, -10.69403 ], [ -61.89808, -10.69582 ], [ -61.89749, -10.69501 ], [ -61.89403, -10.69397 ], [ -61.89232, -10.69452 ] ] } },
{ "type": "Feature", "properties": { "name": "Rio Belém" }, "geometry": { "type": "LineString", "coordinates": [ [ -62.40083, -9.4175 ], [ -62.38982, -9.41811 ], [ -62.38605, -9.41894 ], [ -62.38253, -9.4186 ], [ -62.37989, -9.41728 ], [ -62.37371, -9.41741 ], [ -62.3698, -9.41879 ], [ -62.36017, -9.42048 ], [ -62.35815, -9.41974 ], [ -62.35644, -9.41758 ], [ -62.35405, -9.41716 ], [ -62.34536, -9.42029 ], [ -62.33805, -9.4172 ], [ -62.33412, -9.41784 ], [ -62.328, -9.41447 ] ] } },
{ "type": "Feature", "properties": { "name": "Rio Belém" }, "geometry": { "type": "LineString", "coordinates": [ [ -62.328, -9.41447 ], [ -62.32136, -9.41447 ], [ -62.31692, -9.41155 ], [ -62.31304, -9.41092 ], [ -62.29892, -9.40647 ], [ -62.29312, -9.40863 ], [ -62.28997, -9.41075 ], [ -62.2866, -9.41107 ], [ -62.28175, -9.40686 ], [ -62.28042, -9.40621 ], [ -62.27729, -9.40652 ], [ -62.27081, -9.40292 ] ] } },
{ "type": "Feature", "properties": { "name": "Rio Belém" }, "geometry": { "type": "LineString", "coordinates": [ [ -62.27081, -9.40292 ], [ -62.26787, -9.40377 ], [ -62.25972, -9.41472 ], [ -62.25684, -9.41603 ], [ -62.25502, -9.41804 ], [ -62.25073, -9.42088 ], [ -62.24551, -9.42299 ], [ -62.24289, -9.42513 ] ] } },
{ "type": "Feature", "properties": { "name": "Rio Massanganinha" }, "geometry": { "type": "LineString", "coordinates": [ [ -63.33311, -10.02418 ], [ -63.33409, -10.02398 ], [ -63.33324, -10.02252 ], [ -63.33513, -10.01974 ], [ -63.33287, -10.01608 ], [ -63.33252, -10.01431 ], [ -63.33749, -10.01363 ], [ -63.33773, -10.0106 ], [ -63.33579, -10.00848 ], [ -63.33615, -10.00661 ], [ -63.33875, -10.00569 ], [ -63.34048, -10.00585 ], [ -63.34191, -10.00724 ], [ -63.34348, -10.00746 ], [ -63.34615, -10.00491 ], [ -63.34908, -10.00569 ], [ -63.35047, -10.00354 ], [ -63.35084, -10.00375 ], [ -63.35079, -10.00225 ], [ -63.35198, -10.00152 ], [ -63.3542, -10.00218 ], [ -63.35647, -10.00179 ], [ -63.35711, -10.00245 ], [ -63.35819, -10.00059 ], [ -63.36114, -9.99876 ], [ -63.36284, -9.99941 ], [ -63.36413, -10.00093 ], [ -63.36463, -9.9989 ], [ -63.36883, -9.99576 ], [ -63.36979, -9.99399 ], [ -63.37102, -9.99307 ], [ -63.37189, -9.99373 ], [ -63.37349, -9.99171 ], [ -63.37334, -9.99098 ], [ -63.37231, -9.99058 ], [ -63.37245, -9.9891 ], [ -63.37456, -9.98622 ], [ -63.3767, -9.98649 ], [ -63.37681, -9.98557 ], [ -63.37964, -9.98469 ], [ -63.38112, -9.9832 ], [ -63.38184, -9.98087 ], [ -63.38082, -9.97893 ], [ -63.38226, -9.97369 ], [ -63.38127, -9.97111 ], [ -63.3811, -9.96595 ], [ -63.38228, -9.96504 ], [ -63.38288, -9.96269 ], [ -63.38374, -9.96185 ], [ -63.38364, -9.96098 ], [ -63.38184, -9.95982 ], [ -63.38147, -9.95828 ], [ -63.38082, -9.9577 ], [ -63.3804, -9.95803 ], [ -63.38056, -9.95451 ], [ -63.38129, -9.95254 ], [ -63.38067, -9.95079 ], [ -63.38118, -9.94903 ], [ -63.37967, -9.94635 ], [ -63.38247, -9.94317 ], [ -63.38413, -9.93809 ] ] } },
{ "type": "Feature", "properties": { "name": "Rio Candeiras" }, "geometry": { "type": "LineString", "coordinates": [ [ -63.62805, -10.7876 ], [ -63.62782, -10.78661 ], [ -63.62629, -10.7867 ], [ -63.62489, -10.78519 ], [ -63.62511, -10.78029 ], [ -63.62577, -10.77988 ], [ -63.62578, -10.77884 ], [ -63.62438, -10.77714 ], [ -63.61872, -10.77404 ], [ -63.61915, -10.76976 ], [ -63.62116, -10.76596 ], [ -63.61873, -10.76088 ], [ -63.62017, -10.75881 ], [ -63.62023, -10.75697 ], [ -63.61789, -10.75736 ], [ -63.61617, -10.75248 ], [ -63.61559, -10.75386 ], [ -63.61468, -10.75403 ], [ -63.6129, -10.75254 ], [ -63.60988, -10.75235 ], [ -63.61097, -10.74937 ], [ -63.60999, -10.74836 ], [ -63.61064, -10.74679 ], [ -63.60956, -10.74569 ], [ -63.60992, -10.74443 ], [ -63.60473, -10.73928 ], [ -63.60629, -10.73875 ], [ -63.60782, -10.73725 ], [ -63.60663, -10.73568 ], [ -63.59977, -10.73272 ], [ -63.59967, -10.73166 ], [ -63.60075, -10.73131 ], [ -63.60162, -10.72925 ], [ -63.60321, -10.72822 ], [ -63.60418, -10.72623 ], [ -63.6063, -10.72429 ], [ -63.60467, -10.72389 ], [ -63.60293, -10.72484 ], [ -63.60186, -10.72356 ], [ -63.60366, -10.72192 ], [ -63.60392, -10.72088 ], [ -63.60553, -10.72089 ], [ -63.60603, -10.72143 ], [ -63.60692, -10.7208 ], [ -63.60788, -10.71952 ], [ -63.60786, -10.71636 ], [ -63.60512, -10.71499 ], [ -63.60259, -10.71196 ], [ -63.60362, -10.70909 ], [ -63.60497, -10.71027 ], [ -63.60585, -10.70933 ], [ -63.60569, -10.70867 ], [ -63.60424, -10.70819 ], [ -63.60469, -10.7066 ], [ -63.60357, -10.70445 ], [ -63.60396, -10.70306 ], [ -63.59925, -10.70228 ], [ -63.59959, -10.70091 ], [ -63.59894, -10.70032 ], [ -63.59799, -10.70169 ], [ -63.59732, -10.7016 ], [ -63.59795, -10.69907 ], [ -63.59728, -10.69833 ], [ -63.59788, -10.69685 ], [ -63.59906, -10.69684 ], [ -63.60028, -10.69548 ], [ -63.60123, -10.68991 ], [ -63.60368, -10.69079 ], [ -63.60585, -10.6897 ], [ -63.6051, -10.68873 ], [ -63.60302, -10.68928 ], [ -63.6032, -10.68717 ], [ -63.60835, -10.68485 ], [ -63.60867, -10.68407 ], [ -63.61091, -10.6837 ], [ -63.61195, -10.68249 ], [ -63.61095, -10.68055 ], [ -63.61057, -10.68112 ], [ -63.60948, -10.68029 ], [ -63.60987, -10.67958 ], [ -63.60944, -10.67848 ], [ -63.60694, -10.67701 ], [ -63.60521, -10.67759 ], [ -63.60571, -10.68064 ], [ -63.60502, -10.68096 ], [ -63.60247, -10.68047 ], [ -63.60118, -10.67914 ], [ -63.59977, -10.68036 ], [ -63.59807, -10.67978 ], [ -63.59809, -10.67847 ], [ -63.59661, -10.6773 ], [ -63.59623, -10.67548 ], [ -63.59739, -10.67493 ], [ -63.59892, -10.6722 ], [ -63.59766, -10.67222 ], [ -63.5959, -10.66963 ], [ -63.5985, -10.66677 ], [ -63.59873, -10.66537 ], [ -63.59705, -10.66184 ], [ -63.59765, -10.66099 ], [ -63.6025, -10.66041 ], [ -63.60324, -10.65927 ], [ -63.60546, -10.65945 ], [ -63.60604, -10.65775 ], [ -63.61209, -10.65644 ], [ -63.61571, -10.65457 ], [ -63.61815, -10.65543 ], [ -63.61875, -10.65665 ], [ -63.61983, -10.65664 ], [ -63.62014, -10.65543 ], [ -63.6221, -10.65488 ], [ -63.62626, -10.65492 ], [ -63.62692, -10.65435 ], [ -63.62692, -10.65274 ], [ -63.62828, -10.65169 ], [ -63.62987, -10.65213 ], [ -63.63262, -10.65138 ], [ -63.6348, -10.65213 ], [ -63.63605, -10.65031 ], [ -63.63485, -10.64943 ], [ -63.63448, -10.64531 ], [ -63.63913, -10.6483 ], [ -63.63981, -10.64778 ], [ -63.63918, -10.64728 ], [ -63.64084, -10.64577 ], [ -63.64226, -10.64582 ], [ -63.64369, -10.64264 ], [ -63.64532, -10.64258 ], [ -63.64588, -10.64367 ], [ -63.64828, -10.64406 ], [ -63.6497, -10.64208 ], [ -63.6512, -10.64325 ], [ -63.65282, -10.64162 ], [ -63.64991, -10.6404 ], [ -63.6508, -10.63722 ], [ -63.64955, -10.63587 ], [ -63.6487, -10.63285 ], [ -63.64804, -10.63274 ], [ -63.64744, -10.63088 ], [ -63.6469, -10.63126 ], [ -63.64661, -10.63045 ], [ -63.64801, -10.62646 ], [ -63.64365, -10.62694 ], [ -63.64326, -10.62469 ], [ -63.64218, -10.62366 ], [ -63.64236, -10.62233 ], [ -63.64101, -10.62027 ], [ -63.64243, -10.62049 ], [ -63.64415, -10.61982 ], [ -63.64443, -10.61856 ], [ -63.647, -10.61643 ], [ -63.64724, -10.61256 ], [ -63.64511, -10.61204 ], [ -63.64491, -10.61021 ], [ -63.64725, -10.60943 ], [ -63.64711, -10.60722 ], [ -63.64632, -10.60704 ], [ -63.64369, -10.60398 ], [ -63.64209, -10.60096 ], [ -63.64123, -10.5975 ], [ -63.64245, -10.59744 ], [ -63.64286, -10.59598 ], [ -63.64564, -10.59318 ], [ -63.64574, -10.59204 ], [ -63.64422, -10.59101 ], [ -63.64451, -10.589 ], [ -63.64878, -10.58578 ], [ -63.64833, -10.58294 ] ] } },
{ "type": "Feature", "properties": { "name": "Rio Pacaás Novos" }, "geometry": { "type": "LineString", "coordinates": [ [ -63.65024, -10.96146 ], [ -63.6545, -10.96138 ], [ -63.65818, -10.95627 ], [ -63.66039, -10.95481 ], [ -63.66519, -10.95664 ], [ -63.6665, -10.95599 ], [ -63.66661, -10.95416 ], [ -63.66723, -10.95351 ], [ -63.67429, -10.9553 ], [ -63.67624, -10.95183 ], [ -63.67727, -10.95148 ], [ -63.67935, -10.95194 ], [ -63.68238, -10.9546 ], [ -63.6853, -10.95493 ], [ -63.68719, -10.95628 ], [ -63.69199, -10.95653 ], [ -63.69586, -10.95827 ], [ -63.69726, -10.95748 ], [ -63.70358, -10.96035 ], [ -63.70492, -10.96196 ], [ -63.71049, -10.96439 ], [ -63.72416, -10.96123 ], [ -63.72498, -10.9623 ], [ -63.7251, -10.96386 ], [ -63.72976, -10.96679 ], [ -63.73758, -10.96879 ], [ -63.74123, -10.96545 ], [ -63.74366, -10.9616 ], [ -63.74514, -10.96116 ], [ -63.74643, -10.96202 ], [ -63.74751, -10.96135 ], [ -63.74987, -10.95637 ], [ -63.75118, -10.95584 ], [ -63.75314, -10.95865 ], [ -63.75252, -10.95945 ], [ -63.75046, -10.9601 ], [ -63.74957, -10.96152 ], [ -63.7503, -10.96882 ], [ -63.75777, -10.97409 ], [ -63.75983, -10.97704 ], [ -63.76351, -10.97859 ], [ -63.76409, -10.97951 ], [ -63.76914, -10.9794 ], [ -63.77213, -10.9806 ], [ -63.77284, -10.97894 ], [ -63.77191, -10.97755 ], [ -63.77596, -10.97746 ], [ -63.77665, -10.97515 ], [ -63.77807, -10.97366 ], [ -63.78329, -10.97086 ], [ -63.79178, -10.9762 ], [ -63.79495, -10.9772 ], [ -63.80231, -10.98399 ], [ -63.80768, -10.98452 ], [ -63.81183, -10.9839 ], [ -63.81547, -10.98691 ], [ -63.81928, -10.98696 ], [ -63.82, -10.98644 ], [ -63.82089, -10.98354 ], [ -63.8252, -10.98365 ], [ -63.82781, -10.98114 ], [ -63.83151, -10.98267 ], [ -63.83182, -10.98503 ], [ -63.83245, -10.98566 ], [ -63.83552, -10.98619 ], [ -63.83676, -10.98561 ], [ -63.83965, -10.98093 ], [ -63.84065, -10.97356 ], [ -63.84154, -10.97181 ], [ -63.84249, -10.97133 ], [ -63.8454, -10.9717 ], [ -63.84758, -10.97346 ], [ -63.84687, -10.97938 ], [ -63.84543, -10.98028 ], [ -63.84714, -10.98343 ], [ -63.85635, -10.98445 ], [ -63.86179, -10.97526 ], [ -63.8637, -10.974 ], [ -63.86619, -10.97472 ], [ -63.86716, -10.97758 ], [ -63.86952, -10.9795 ], [ -63.87153, -10.97624 ], [ -63.87706, -10.97198 ], [ -63.87777, -10.97069 ], [ -63.8777, -10.96836 ], [ -63.88084, -10.96516 ], [ -63.88307, -10.96164 ], [ -63.88381, -10.96169 ], [ -63.8847, -10.96455 ], [ -63.88563, -10.96558 ], [ -63.89275, -10.96571 ], [ -63.89365, -10.96391 ], [ -63.89227, -10.96192 ], [ -63.89216, -10.95707 ], [ -63.89525, -10.95545 ], [ -63.8969, -10.95584 ], [ -63.89722, -10.95652 ], [ -63.8962, -10.96184 ], [ -63.89626, -10.96568 ], [ -63.8952, -10.96749 ], [ -63.89556, -10.96805 ], [ -63.89949, -10.96898 ], [ -63.90166, -10.96821 ], [ -63.91206, -10.96717 ], [ -63.91711, -10.96422 ], [ -63.92046, -10.96127 ], [ -63.92614, -10.96498 ], [ -63.92975, -10.96619 ], [ -63.93195, -10.96795 ], [ -63.93378, -10.96848 ], [ -63.93582, -10.96441 ], [ -63.9341, -10.95946 ], [ -63.93412, -10.95782 ], [ -63.93853, -10.95059 ], [ -63.943, -10.95086 ], [ -63.94565, -10.95317 ], [ -63.94869, -10.95402 ], [ -63.95437, -10.94722 ], [ -63.95662, -10.94668 ], [ -63.95711, -10.94801 ] ] } },
{ "type": "Feature", "properties": { "name": "Rio Tracoá" }, "geometry": { "type": "LineString", "coordinates": [ [ -63.59229, -10.87052 ], [ -63.59466, -10.87386 ], [ -63.59728, -10.87596 ], [ -63.60267, -10.87893 ], [ -63.60485, -10.87837 ], [ -63.60597, -10.87925 ], [ -63.60592, -10.8801 ], [ -63.60791, -10.88132 ], [ -63.61415, -10.88274 ], [ -63.61723, -10.88575 ], [ -63.61811, -10.89451 ], [ -63.62293, -10.89628 ], [ -63.6235, -10.89897 ], [ -63.62506, -10.90064 ], [ -63.62673, -10.90078 ], [ -63.62717, -10.90306 ], [ -63.63108, -10.90604 ], [ -63.63237, -10.90875 ], [ -63.63698, -10.91111 ], [ -63.63718, -10.9125 ], [ -63.63959, -10.91314 ], [ -63.64281, -10.91524 ], [ -63.65162, -10.91627 ] ] } },
{ "type": "Feature", "properties": { "name": "Rio São João" }, "geometry": { "type": "LineString", "coordinates": [ [ -62.8262, -9.87954 ], [ -62.82745, -9.87854 ], [ -62.82787, -9.87945 ], [ -62.82966, -9.87885 ], [ -62.82953, -9.87828 ], [ -62.83562, -9.86968 ], [ -62.84575, -9.87111 ], [ -62.8472, -9.86672 ], [ -62.8539, -9.86393 ], [ -62.86712, -9.8668 ], [ -62.87553, -9.85851 ], [ -62.89312, -9.85555 ], [ -62.90009, -9.86391 ], [ -62.90397, -9.86717 ], [ -62.90376, -9.86912 ], [ -62.90587, -9.8704 ], [ -62.90522, -9.87179 ], [ -62.90583, -9.87203 ], [ -62.90691, -9.87509 ], [ -62.9091, -9.87549 ], [ -62.90859, -9.87775 ], [ -62.91013, -9.87941 ], [ -62.91013, -9.88131 ], [ -62.9091, -9.88422 ], [ -62.90753, -9.88603 ], [ -62.90811, -9.88817 ], [ -62.90895, -9.88591 ], [ -62.91208, -9.88752 ], [ -62.91309, -9.88723 ], [ -62.9146, -9.88865 ], [ -62.91554, -9.88834 ], [ -62.9161, -9.88961 ], [ -62.91862, -9.88971 ], [ -62.92066, -9.89317 ], [ -62.92151, -9.8932 ], [ -62.92103, -9.89363 ], [ -62.92307, -9.8962 ], [ -62.92283, -9.89663 ], [ -62.92548, -9.89861 ], [ -62.9299, -9.89786 ], [ -62.93228, -9.89967 ], [ -62.93216, -9.90094 ], [ -62.93627, -9.90063 ], [ -62.93647, -9.89981 ], [ -62.93786, -9.9008 ], [ -62.93789, -9.90003 ], [ -62.93873, -9.90041 ], [ -62.93923, -9.90123 ], [ -62.94048, -9.90065 ], [ -62.94255, -9.90152 ], [ -62.94387, -9.90041 ], [ -62.94467, -9.9006 ], [ -62.9439, -9.90171 ], [ -62.94522, -9.90416 ], [ -62.94729, -9.905 ], [ -62.94844, -9.90467 ], [ -62.94926, -9.90544 ], [ -62.94878, -9.90799 ], [ -62.94965, -9.9084 ], [ -62.94917, -9.90941 ], [ -62.95037, -9.90902 ], [ -62.95306, -9.91107 ], [ -62.95419, -9.91119 ], [ -62.95547, -9.91525 ], [ -62.95675, -9.91657 ] ] } },
{ "type": "Feature", "properties": { "name": "Rio São João" }, "geometry": { "type": "LineString", "coordinates": [ [ -62.82622, -9.87965 ], [ -62.8262, -9.87954 ] ] } },
{ "type": "Feature", "properties": { "name": "Igarapé do Miolo" }, "geometry": { "type": "LineString", "coordinates": [ [ -62.02104, -10.77742 ], [ -62.02235, -10.77349 ], [ -62.02392, -10.77244 ], [ -62.02386, -10.77053 ], [ -62.0221, -10.76736 ], [ -62.02193, -10.76563 ], [ -62.02092, -10.76535 ], [ -62.02098, -10.7638 ], [ -62.02021, -10.76238 ], [ -62.01914, -10.7632 ], [ -62.01897, -10.76234 ], [ -62.01684, -10.76229 ], [ -62.01671, -10.76149 ], [ -62.0165, -10.76209 ], [ -62.01582, -10.76197 ], [ -62.01576, -10.76117 ], [ -62.0136, -10.75916 ], [ -62.01226, -10.75907 ], [ -62.01204, -10.75845 ], [ -62.00964, -10.76006 ], [ -62.00688, -10.75789 ], [ -62.0061, -10.75577 ], [ -62.00406, -10.75527 ], [ -62.00053, -10.75092 ], [ -61.99517, -10.74959 ], [ -61.99105, -10.74992 ], [ -61.99102, -10.74776 ], [ -61.98921, -10.74619 ], [ -61.98954, -10.74568 ], [ -61.98881, -10.74559 ], [ -61.98833, -10.7439 ], [ -61.98402, -10.74223 ], [ -61.98424, -10.74101 ], [ -61.98336, -10.74068 ], [ -61.9831, -10.73954 ], [ -61.98358, -10.73837 ], [ -61.98227, -10.73808 ], [ -61.98291, -10.7369 ], [ -61.98183, -10.73115 ] ] } },
{ "type": "Feature", "properties": { "name": "Rio Jaru" }, "geometry": { "type": "LineString", "coordinates": [ [ -62.80932, -10.79353 ], [ -62.8062, -10.79316 ], [ -62.80417, -10.79499 ], [ -62.79984, -10.79559 ], [ -62.79922, -10.7945 ], [ -62.79778, -10.79454 ], [ -62.79845, -10.79351 ], [ -62.79806, -10.79292 ], [ -62.79445, -10.79169 ], [ -62.79469, -10.79068 ], [ -62.79795, -10.78693 ], [ -62.79804, -10.7851 ], [ -62.7992, -10.78533 ], [ -62.79845, -10.78284 ], [ -62.79636, -10.78246 ], [ -62.79576, -10.7793 ], [ -62.79471, -10.7796 ], [ -62.79227, -10.77886 ], [ -62.79184, -10.77707 ], [ -62.79274, -10.7731 ], [ -62.79198, -10.77183 ], [ -62.79313, -10.76992 ], [ -62.7925, -10.76897 ], [ -62.79302, -10.76801 ], [ -62.78907, -10.76583 ], [ -62.7902, -10.76476 ], [ -62.78949, -10.76026 ], [ -62.79069, -10.757 ], [ -62.78979, -10.75638 ], [ -62.79013, -10.75539 ], [ -62.7888, -10.74997 ], [ -62.79014, -10.74894 ], [ -62.7919, -10.74519 ], [ -62.79298, -10.74427 ], [ -62.79286, -10.74277 ], [ -62.79514, -10.74053 ], [ -62.79581, -10.7383 ], [ -62.79494, -10.73754 ], [ -62.79654, -10.73547 ], [ -62.7948, -10.73355 ], [ -62.79484, -10.732 ], [ -62.79357, -10.73186 ], [ -62.79304, -10.73045 ], [ -62.79176, -10.73003 ], [ -62.79266, -10.72921 ], [ -62.79224, -10.72849 ], [ -62.79353, -10.72733 ], [ -62.79166, -10.72611 ], [ -62.79156, -10.72465 ], [ -62.7905, -10.72474 ], [ -62.79053, -10.72377 ], [ -62.7895, -10.7244 ], [ -62.78889, -10.72339 ], [ -62.78692, -10.72294 ], [ -62.78535, -10.72611 ], [ -62.78443, -10.72512 ], [ -62.78374, -10.7259 ], [ -62.78317, -10.72398 ], [ -62.78218, -10.72354 ], [ -62.78269, -10.72252 ], [ -62.78061, -10.72313 ], [ -62.78147, -10.72033 ], [ -62.77982, -10.71907 ], [ -62.77347, -10.71637 ], [ -62.76896, -10.71704 ], [ -62.76881, -10.71559 ], [ -62.76624, -10.71295 ], [ -62.76591, -10.71179 ], [ -62.76656, -10.71118 ], [ -62.76388, -10.7108 ], [ -62.76171, -10.71124 ], [ -62.7619, -10.71029 ], [ -62.76087, -10.70857 ], [ -62.76289, -10.70515 ], [ -62.76178, -10.70286 ], [ -62.75988, -10.70342 ], [ -62.75879, -10.70561 ], [ -62.75699, -10.70515 ], [ -62.7542, -10.70572 ], [ -62.74845, -10.7053 ], [ -62.74684, -10.70355 ], [ -62.74549, -10.70517 ], [ -62.74529, -10.70355 ], [ -62.74261, -10.7026 ], [ -62.74025, -10.69982 ], [ -62.73716, -10.69988 ], [ -62.73697, -10.70106 ], [ -62.73619, -10.70089 ], [ -62.73547, -10.70005 ], [ -62.73667, -10.69815 ], [ -62.73568, -10.6964 ], [ -62.73332, -10.69526 ], [ -62.73255, -10.6936 ], [ -62.73295, -10.69073 ], [ -62.73064, -10.68786 ], [ -62.73162, -10.68721 ], [ -62.72982, -10.68731 ], [ -62.72866, -10.68626 ], [ -62.72309, -10.68506 ], [ -62.72389, -10.68318 ], [ -62.7241, -10.68012 ], [ -62.72122, -10.67909 ], [ -62.71969, -10.68007 ], [ -62.71912, -10.67855 ], [ -62.71565, -10.67779 ], [ -62.7156, -10.67362 ], [ -62.71296, -10.67193 ], [ -62.71159, -10.67231 ], [ -62.71217, -10.6714 ], [ -62.71012, -10.67222 ], [ -62.70991, -10.67155 ], [ -62.70782, -10.67337 ], [ -62.70736, -10.67292 ], [ -62.70672, -10.67339 ], [ -62.70634, -10.67437 ], [ -62.70703, -10.67474 ], [ -62.70589, -10.67691 ], [ -62.70623, -10.67816 ], [ -62.70458, -10.67963 ], [ -62.70331, -10.67777 ], [ -62.70039, -10.67886 ], [ -62.69884, -10.67847 ], [ -62.69889, -10.67685 ], [ -62.69768, -10.67615 ], [ -62.69819, -10.67505 ], [ -62.69779, -10.6734 ], [ -62.69666, -10.67258 ], [ -62.69293, -10.67377 ], [ -62.69282, -10.67213 ], [ -62.68975, -10.67161 ], [ -62.68689, -10.67483 ], [ -62.68573, -10.67236 ], [ -62.6841, -10.67276 ], [ -62.68343, -10.67215 ], [ -62.68288, -10.67305 ], [ -62.68295, -10.67129 ], [ -62.68048, -10.67131 ], [ -62.67973, -10.67037 ], [ -62.67804, -10.67098 ], [ -62.67649, -10.67082 ], [ -62.67575, -10.6701 ], [ -62.67505, -10.67115 ], [ -62.67338, -10.67049 ], [ -62.67204, -10.67145 ], [ -62.67173, -10.6708 ], [ -62.67277, -10.67005 ], [ -62.67147, -10.66892 ], [ -62.67114, -10.66602 ], [ -62.67186, -10.66219 ], [ -62.67114, -10.66153 ], [ -62.67122, -10.66065 ], [ -62.66795, -10.65975 ], [ -62.66794, -10.65506 ], [ -62.66541, -10.65537 ], [ -62.66334, -10.65424 ], [ -62.66098, -10.65534 ], [ -62.65749, -10.65543 ], [ -62.65641, -10.6547 ], [ -62.65485, -10.65541 ], [ -62.65338, -10.65435 ], [ -62.65409, -10.65243 ], [ -62.65196, -10.65192 ], [ -62.65129, -10.65292 ], [ -62.6505, -10.65327 ], [ -62.65019, -10.65283 ] ] } },
{ "type": "Feature", "properties": { "name": "Rio Jaru" }, "geometry": { "type": "LineString", "coordinates": [ [ -62.65019, -10.65283 ], [ -62.65025, -10.64682 ], [ -62.65216, -10.6449 ], [ -62.65318, -10.64162 ], [ -62.65427, -10.64115 ], [ -62.65284, -10.6408 ], [ -62.65299, -10.63928 ], [ -62.65159, -10.63871 ], [ -62.64984, -10.63672 ], [ -62.64904, -10.63668 ], [ -62.64986, -10.63432 ], [ -62.65098, -10.63413 ], [ -62.65046, -10.63348 ], [ -62.64886, -10.63371 ], [ -62.64853, -10.63171 ], [ -62.64618, -10.63235 ], [ -62.64491, -10.63164 ], [ -62.64444, -10.63011 ], [ -62.64514, -10.63001 ], [ -62.64516, -10.62919 ], [ -62.64418, -10.6288 ], [ -62.64539, -10.62677 ], [ -62.64519, -10.62605 ], [ -62.64639, -10.62563 ], [ -62.64784, -10.62349 ], [ -62.64575, -10.6224 ], [ -62.64535, -10.62147 ], [ -62.64745, -10.61985 ], [ -62.64733, -10.6152 ], [ -62.64881, -10.61341 ], [ -62.64948, -10.61111 ], [ -62.64854, -10.60924 ], [ -62.64868, -10.60822 ], [ -62.64046, -10.60517 ], [ -62.63908, -10.60581 ], [ -62.63738, -10.60536 ], [ -62.63617, -10.60424 ], [ -62.63586, -10.60256 ], [ -62.63457, -10.60084 ], [ -62.63101, -10.60041 ], [ -62.62982, -10.59806 ], [ -62.62813, -10.59737 ], [ -62.6254, -10.59472 ], [ -62.62515, -10.59163 ], [ -62.62725, -10.59309 ], [ -62.62733, -10.5917 ], [ -62.6266, -10.59072 ], [ -62.62896, -10.58834 ], [ -62.63053, -10.58813 ], [ -62.63113, -10.58652 ], [ -62.63021, -10.58382 ], [ -62.62617, -10.5776 ], [ -62.62218, -10.57378 ], [ -62.62128, -10.57108 ], [ -62.6266, -10.56904 ], [ -62.62761, -10.56596 ], [ -62.62744, -10.5617 ], [ -62.62519, -10.56157 ], [ -62.62248, -10.55914 ], [ -62.62195, -10.55914 ], [ -62.62214, -10.5603 ], [ -62.62165, -10.56026 ], [ -62.6206, -10.55843 ], [ -62.61929, -10.55767 ], [ -62.61892, -10.55545 ], [ -62.61802, -10.55701 ], [ -62.6165, -10.5567 ], [ -62.61671, -10.55855 ], [ -62.61557, -10.56075 ], [ -62.61409, -10.56119 ], [ -62.61405, -10.55784 ], [ -62.61313, -10.55566 ], [ -62.60993, -10.55613 ], [ -62.6045, -10.55345 ], [ -62.60244, -10.55349 ], [ -62.59682, -10.55111 ], [ -62.59431, -10.54834 ], [ -62.59337, -10.54982 ], [ -62.59204, -10.54767 ], [ -62.58723, -10.54653 ], [ -62.58372, -10.54689 ], [ -62.58092, -10.54587 ], [ -62.57981, -10.54448 ] ] } },
{ "type": "Feature", "properties": { "name": "Rio Jaru" }, "geometry": { "type": "LineString", "coordinates": [ [ -62.57981, -10.54448 ], [ -62.58138, -10.54296 ], [ -62.58007, -10.54119 ], [ -62.57964, -10.53737 ], [ -62.57601, -10.53529 ], [ -62.576, -10.53155 ], [ -62.57403, -10.53046 ], [ -62.57238, -10.52785 ], [ -62.5721, -10.52431 ], [ -62.57315, -10.52135 ], [ -62.57167, -10.51908 ], [ -62.57179, -10.51639 ] ] } },
{ "type": "Feature", "properties": { "name": "Igarapé Polonês" }, "geometry": { "type": "LineString", "coordinates": [ [ -62.08342, -11.49905 ], [ -62.0831, -11.49704 ], [ -62.08147, -11.4964 ], [ -62.08289, -11.49375 ], [ -62.08431, -11.49335 ], [ -62.08504, -11.49241 ], [ -62.08444, -11.49022 ], [ -62.08246, -11.48881 ], [ -62.08501, -11.48694 ], [ -62.08504, -11.48492 ], [ -62.08386, -11.48141 ], [ -62.08444, -11.47876 ], [ -62.086, -11.47731 ], [ -62.08527, -11.47634 ], [ -62.08604, -11.47556 ], [ -62.08508, -11.47541 ], [ -62.0854, -11.47451 ], [ -62.08452, -11.47459 ], [ -62.08452, -11.47377 ], [ -62.08371, -11.47434 ], [ -62.08285, -11.47287 ], [ -62.0827, -11.46961 ], [ -62.08193, -11.46805 ], [ -62.08032, -11.46795 ], [ -62.08145, -11.46677 ], [ -62.08096, -11.46629 ], [ -62.08113, -11.46404 ], [ -62.08042, -11.46341 ], [ -62.08072, -11.4621 ], [ -62.07991, -11.46175 ], [ -62.07995, -11.45998 ], [ -62.07879, -11.46021 ], [ -62.0784, -11.45849 ], [ -62.07475, -11.45795 ], [ -62.07301, -11.45624 ], [ -62.07041, -11.45572 ], [ -62.06814, -11.4534 ], [ -62.06685, -11.4533 ], [ -62.0667, -11.45094 ], [ -62.06159, -11.44888 ], [ -62.06179, -11.44691 ], [ -62.06447, -11.4443 ], [ -62.0638, -11.44312 ], [ -62.06151, -11.4427 ], [ -62.0578, -11.44028 ], [ -62.05591, -11.44022 ], [ -62.054, -11.43877 ], [ -62.05286, -11.43643 ], [ -62.04881, -11.43622 ], [ -62.04604, -11.43248 ], [ -62.04061, -11.43098 ], [ -62.04029, -11.4297 ], [ -62.04097, -11.42871 ], [ -62.04003, -11.42829 ], [ -62.04093, -11.42783 ], [ -62.04076, -11.42722 ], [ -62.03767, -11.42697 ], [ -62.03636, -11.42547 ], [ -62.03436, -11.42657 ], [ -62.03275, -11.42608 ], [ -62.03275, -11.42129 ], [ -62.0305, -11.41881 ], [ -62.02934, -11.41521 ], [ -62.02707, -11.41311 ], [ -62.03001, -11.41088 ], [ -62.0296, -11.40631 ], [ -62.02653, -11.40436 ], [ -62.0266, -11.40164 ], [ -62.02497, -11.40023 ], [ -62.0252, -11.39925 ], [ -62.02411, -11.39922 ], [ -62.02449, -11.39834 ], [ -62.02338, -11.39897 ], [ -62.02297, -11.39754 ], [ -62.02361, -11.39731 ], [ -62.02198, -11.39695 ], [ -62.02162, -11.39577 ], [ -62.02239, -11.39247 ], [ -62.02499, -11.39081 ], [ -62.02596, -11.38828 ], [ -62.02578, -11.38751 ], [ -62.02343, -11.3857 ], [ -62.02337, -11.38459 ], [ -62.02476, -11.38288 ], [ -62.02448, -11.38147 ], [ -62.02019, -11.38112 ], [ -62.02019, -11.37699 ], [ -62.02062, -11.3746 ], [ -62.0217, -11.37478 ], [ -62.02145, -11.37275 ], [ -62.02008, -11.37131 ], [ -62.01944, -11.37148 ], [ -62.01946, -11.37061 ], [ -62.01489, -11.37096 ], [ -62.01409, -11.36969 ], [ -62.01512, -11.36794 ], [ -62.01463, -11.36729 ], [ -62.00929, -11.36633 ], [ -62.01033, -11.36073 ], [ -62.00932, -11.36058 ], [ -62.01032, -11.35981 ], [ -62.00971, -11.35879 ], [ -62.01029, -11.35692 ], [ -62.00896, -11.35557 ], [ -62.00751, -11.35558 ], [ -62.0077, -11.35425 ], [ -62.00508, -11.35279 ], [ -62.00478, -11.35175 ], [ -62.00524, -11.35043 ], [ -62.00589, -11.35068 ], [ -62.00566, -11.35014 ], [ -62.0037, -11.35035 ], [ -62.00298, -11.34914 ], [ -61.99765, -11.34737 ], [ -61.99626, -11.34218 ], [ -61.99704, -11.34106 ], [ -61.99581, -11.34026 ], [ -61.99689, -11.33925 ], [ -61.99525, -11.33853 ], [ -61.99507, -11.33692 ], [ -61.99561, -11.33622 ], [ -61.99496, -11.33606 ], [ -61.99502, -11.33546 ], [ -61.99423, -11.33558 ], [ -61.99366, -11.33449 ], [ -61.99464, -11.33483 ], [ -61.995, -11.33392 ], [ -61.99269, -11.33256 ], [ -61.99304, -11.33137 ], [ -61.99099, -11.32924 ], [ -61.99133, -11.32781 ], [ -61.98648, -11.3262 ], [ -61.9857, -11.32537 ], [ -61.97893, -11.32409 ], [ -61.97789, -11.31838 ], [ -61.97584, -11.31759 ], [ -61.97332, -11.31412 ], [ -61.97204, -11.31414 ], [ -61.96992, -11.31123 ], [ -61.96922, -11.31126 ], [ -61.96736, -11.30947 ], [ -61.96449, -11.30294 ], [ -61.96376, -11.30259 ], [ -61.96184, -11.30327 ], [ -61.96096, -11.30219 ], [ -61.96021, -11.30281 ], [ -61.95876, -11.3023 ], [ -61.95973, -11.3001 ], [ -61.95788, -11.30068 ], [ -61.95856, -11.29927 ], [ -61.95795, -11.29818 ], [ -61.95894, -11.29677 ], [ -61.9578, -11.29604 ], [ -61.95728, -11.2926 ], [ -61.95502, -11.29165 ], [ -61.95523, -11.29037 ], [ -61.95441, -11.29064 ], [ -61.95358, -11.29007 ] ] } },
{ "type": "Feature", "properties": { "name": "Rio Muqui" }, "geometry": { "type": "LineString", "coordinates": [ [ -61.9674, -11.29653 ], [ -61.96578, -11.29601 ], [ -61.96413, -11.29646 ], [ -61.96366, -11.29727 ], [ -61.96317, -11.29631 ], [ -61.96363, -11.29476 ], [ -61.9625, -11.29375 ], [ -61.96232, -11.29225 ], [ -61.95706, -11.28908 ], [ -61.95484, -11.2886 ], [ -61.95358, -11.29007 ] ] } },
{ "type": "Feature", "properties": { "name": "Rio Muqui" }, "geometry": { "type": "LineString", "coordinates": [ [ -61.95358, -11.29007 ], [ -61.94929, -11.29047 ], [ -61.94764, -11.29121 ], [ -61.94666, -11.29285 ], [ -61.94302, -11.29345 ], [ -61.94155, -11.29655 ], [ -61.93881, -11.29647 ], [ -61.93726, -11.29558 ], [ -61.93306, -11.29564 ], [ -61.93096, -11.29637 ], [ -61.92928, -11.29818 ], [ -61.92838, -11.29792 ], [ -61.92755, -11.29577 ], [ -61.92571, -11.29414 ], [ -61.92424, -11.2914 ], [ -61.92078, -11.29193 ], [ -61.91904, -11.2915 ] ] } },
{ "type": "Feature", "properties": { "name": "Rio Muqui" }, "geometry": { "type": "LineString", "coordinates": [ [ -62.09468, -11.29571 ], [ -62.09292, -11.29611 ], [ -62.09131, -11.29535 ], [ -62.09028, -11.29647 ], [ -62.08916, -11.29636 ], [ -62.08616, -11.29234 ], [ -62.0803, -11.29165 ], [ -62.07356, -11.29497 ], [ -62.07094, -11.29531 ], [ -62.07022, -11.29607 ], [ -62.07109, -11.29725 ], [ -62.0709, -11.29794 ], [ -62.06955, -11.29885 ], [ -62.06826, -11.29794 ], [ -62.06876, -11.29964 ], [ -62.06811, -11.30025 ], [ -62.06573, -11.29986 ], [ -62.06389, -11.29823 ], [ -62.06378, -11.30162 ], [ -62.06193, -11.30175 ], [ -62.0626, -11.30322 ], [ -62.062, -11.30345 ], [ -62.06067, -11.30114 ], [ -62.06028, -11.30396 ], [ -62.05595, -11.30726 ], [ -62.05457, -11.30627 ], [ -62.0532, -11.30646 ], [ -62.05331, -11.30478 ], [ -62.05172, -11.30362 ], [ -62.05107, -11.30181 ], [ -62.04605, -11.30307 ], [ -62.0465, -11.30219 ], [ -62.04605, -11.30194 ], [ -62.0447, -11.30331 ], [ -62.04253, -11.30139 ], [ -62.04303, -11.29933 ], [ -62.04146, -11.29946 ], [ -62.04127, -11.29838 ], [ -62.03852, -11.2979 ], [ -62.03436, -11.29977 ], [ -62.02852, -11.30476 ], [ -62.02597, -11.30583 ], [ -62.01915, -11.30429 ], [ -62.01784, -11.30232 ], [ -62.01764, -11.3003 ], [ -62.01666, -11.29964 ], [ -62.01453, -11.2996 ], [ -62.0141, -11.2976 ], [ -62.01224, -11.29598 ], [ -62.01086, -11.29335 ], [ -62.00704, -11.29352 ], [ -62.00717, -11.29133 ], [ -62.00285, -11.29071 ], [ -62.00247, -11.29032 ], [ -62.00309, -11.28818 ], [ -62.00156, -11.2877 ], [ -61.99984, -11.28858 ], [ -61.99951, -11.28949 ], [ -61.99836, -11.28934 ], [ -61.99503, -11.2922 ], [ -61.99249, -11.29166 ], [ -61.99312, -11.29436 ], [ -61.99197, -11.29487 ], [ -61.99065, -11.29417 ], [ -61.98749, -11.29702 ], [ -61.98722, -11.29829 ], [ -61.98599, -11.29766 ], [ -61.98583, -11.29626 ], [ -61.98284, -11.29714 ], [ -61.97876, -11.29659 ], [ -61.97816, -11.2983 ], [ -61.97436, -11.29952 ], [ -61.97107, -11.30226 ], [ -61.97047, -11.3007 ], [ -61.96913, -11.30011 ], [ -61.96837, -11.29648 ], [ -61.9674, -11.29653 ] ] } },
{ "type": "Feature", "properties": { "name": "Rio Muqui" }, "geometry": { "type": "LineString", "coordinates": [ [ -62.1827, -11.28056 ], [ -62.18131, -11.28128 ], [ -62.17947, -11.28113 ], [ -62.17947, -11.28281 ], [ -62.17814, -11.28079 ], [ -62.17661, -11.28012 ], [ -62.17569, -11.28039 ], [ -62.17541, -11.28159 ], [ -62.17391, -11.28214 ], [ -62.17264, -11.28121 ], [ -62.17331, -11.28071 ], [ -62.17275, -11.28029 ], [ -62.16631, -11.281 ], [ -62.16532, -11.27995 ], [ -62.16369, -11.28149 ], [ -62.16241, -11.28054 ], [ -62.16112, -11.28079 ], [ -62.16075, -11.27934 ], [ -62.15863, -11.27894 ], [ -62.15771, -11.27812 ], [ -62.15803, -11.27734 ], [ -62.1564, -11.27692 ], [ -62.15638, -11.27833 ], [ -62.15578, -11.2789 ], [ -62.15361, -11.27911 ], [ -62.15307, -11.27827 ], [ -62.15166, -11.27808 ], [ -62.14447, -11.28012 ], [ -62.14254, -11.28098 ], [ -62.14228, -11.28182 ], [ -62.14374, -11.28214 ], [ -62.14211, -11.28294 ], [ -62.144, -11.28548 ], [ -62.1417, -11.28698 ], [ -62.14067, -11.28963 ], [ -62.13919, -11.29037 ], [ -62.13994, -11.29121 ], [ -62.13878, -11.29167 ], [ -62.13966, -11.29432 ], [ -62.13865, -11.29489 ], [ -62.13739, -11.29742 ], [ -62.13576, -11.29782 ], [ -62.1347, -11.29643 ], [ -62.13144, -11.29718 ], [ -62.12855, -11.29687 ], [ -62.12518, -11.29559 ], [ -62.12393, -11.29441 ], [ -62.12041, -11.29361 ], [ -62.11679, -11.29093 ], [ -62.11323, -11.28464 ], [ -62.11095, -11.28405 ], [ -62.11119, -11.28292 ], [ -62.10848, -11.28205 ], [ -62.10106, -11.28252 ], [ -62.10009, -11.28363 ], [ -62.10076, -11.28631 ], [ -62.10035, -11.29125 ], [ -62.09778, -11.29245 ], [ -62.09829, -11.29317 ], [ -62.09636, -11.29363 ], [ -62.09533, -11.29497 ], [ -62.09582, -11.29603 ], [ -62.09468, -11.29571 ] ] } },
{ "type": "Feature", "properties": { "name": "Rio Muqui" }, "geometry": { "type": "LineString", "coordinates": [ [ -62.23071, -11.29284 ], [ -62.22814, -11.29313 ], [ -62.2261, -11.29262 ], [ -62.22571, -11.29134 ], [ -62.22708, -11.28909 ], [ -62.22715, -11.28654 ], [ -62.22625, -11.28513 ], [ -62.22414, -11.2848 ], [ -62.22459, -11.28332 ], [ -62.22346, -11.28358 ], [ -62.22309, -11.28246 ], [ -62.22202, -11.28189 ], [ -62.22022, -11.28482 ], [ -62.21944, -11.28507 ], [ -62.21957, -11.2841 ], [ -62.21869, -11.28412 ], [ -62.21391, -11.28833 ], [ -62.21163, -11.28713 ], [ -62.21176, -11.28661 ], [ -62.21303, -11.28644 ], [ -62.21226, -11.28581 ], [ -62.21318, -11.2852 ], [ -62.21127, -11.2853 ], [ -62.21073, -11.28383 ], [ -62.20872, -11.28269 ], [ -62.20584, -11.28229 ], [ -62.1999, -11.28349 ], [ -62.19539, -11.28282 ], [ -62.1938, -11.28023 ], [ -62.19221, -11.27994 ], [ -62.19275, -11.27863 ], [ -62.19099, -11.27798 ], [ -62.19007, -11.27834 ], [ -62.18996, -11.27657 ], [ -62.18848, -11.27733 ], [ -62.18842, -11.27615 ], [ -62.18747, -11.27526 ], [ -62.18601, -11.27609 ], [ -62.1827, -11.28056 ] ] } },
{ "type": "Feature", "properties": { "name": "Rio Urupá" }, "geometry": { "type": "LineString", "coordinates": [ [ -62.07637, -11.01722 ], [ -62.07629, -11.01567 ], [ -62.07554, -11.01478 ] ] } },
{ "type": "Feature", "properties": { "name": "Rio Urupá" }, "geometry": { "type": "LineString", "coordinates": [ [ -62.09026, -11.02396 ], [ -62.0885, -11.02438 ], [ -62.08058, -11.02212 ], [ -62.076, -11.01672 ], [ -62.07453, -11.01073 ], [ -62.07309, -11.00945 ], [ -62.07128, -11.00882 ], [ -62.06885, -11.0098 ], [ -62.06612, -11.01252 ], [ -62.064, -11.01329 ], [ -62.06049, -11.00817 ], [ -62.06068, -11.00707 ], [ -62.06717, -10.99944 ], [ -62.06803, -10.99738 ], [ -62.06807, -10.99434 ], [ -62.06581, -10.99026 ], [ -62.07011, -10.98514 ], [ -62.06775, -10.98026 ], [ -62.06763, -10.97583 ], [ -62.06888, -10.97524 ], [ -62.07337, -10.97522 ], [ -62.07734, -10.97322 ], [ -62.07836, -10.97161 ], [ -62.0779, -10.96971 ], [ -62.07671, -10.96894 ], [ -62.07483, -10.96899 ], [ -62.07173, -10.97131 ], [ -62.07017, -10.9716 ], [ -62.06895, -10.9706 ], [ -62.06865, -10.96752 ], [ -62.06771, -10.96643 ], [ -62.06439, -10.9663 ], [ -62.06195, -10.96699 ], [ -62.05755, -10.96664 ], [ -62.05711, -10.9686 ], [ -62.05318, -10.97176 ] ] } },
{ "type": "Feature", "properties": { "name": "Rio Jamari" }, "geometry": { "type": "LineString", "coordinates": [ [ -63.21435, -10.49203 ], [ -63.21481, -10.4909 ], [ -63.21763, -10.49005 ], [ -63.21919, -10.48756 ], [ -63.22017, -10.48825 ], [ -63.2238, -10.48792 ], [ -63.22534, -10.48984 ], [ -63.22871, -10.48976 ], [ -63.23138, -10.48615 ], [ -63.23528, -10.48414 ], [ -63.23631, -10.48236 ], [ -63.23644, -10.48094 ], [ -63.23448, -10.4798 ], [ -63.23356, -10.47722 ], [ -63.23435, -10.47584 ], [ -63.234, -10.47398 ], [ -63.23587, -10.47231 ], [ -63.23608, -10.47098 ], [ -63.23279, -10.46588 ], [ -63.23347, -10.46521 ], [ -63.24098, -10.46382 ], [ -63.24081, -10.45952 ], [ -63.23976, -10.45647 ], [ -63.24216, -10.45219 ], [ -63.24127, -10.45098 ], [ -63.23881, -10.45265 ], [ -63.23624, -10.45169 ], [ -63.23649, -10.4487 ], [ -63.23494, -10.44839 ], [ -63.23452, -10.44982 ], [ -63.23316, -10.4498 ], [ -63.23284, -10.4449 ], [ -63.23351, -10.44255 ], [ -63.23304, -10.43906 ], [ -63.2358, -10.43753 ], [ -63.24015, -10.43196 ], [ -63.24374, -10.42917 ], [ -63.24508, -10.42728 ], [ -63.24728, -10.42727 ], [ -63.24865, -10.42799 ], [ -63.24895, -10.42527 ], [ -63.25121, -10.42582 ], [ -63.25375, -10.42473 ], [ -63.25349, -10.42299 ], [ -63.25148, -10.4227 ], [ -63.25205, -10.4202 ], [ -63.2517, -10.41931 ], [ -63.25038, -10.4189 ], [ -63.24762, -10.41628 ], [ -63.2471, -10.41377 ], [ -63.24793, -10.41082 ], [ -63.24656, -10.40867 ], [ -63.24804, -10.40642 ], [ -63.24598, -10.4056 ], [ -63.24638, -10.4005 ], [ -63.24683, -10.39953 ], [ -63.24913, -10.39965 ], [ -63.25172, -10.4017 ], [ -63.25681, -10.40162 ], [ -63.25696, -10.39912 ], [ -63.25977, -10.3959 ] ] } },
{ "type": "Feature", "properties": { "name": "Rio Jamari" }, "geometry": { "type": "LineString", "coordinates": [ [ -63.25977, -10.3959 ], [ -63.2602, -10.39495 ], [ -63.25935, -10.39307 ], [ -63.25912, -10.38885 ], [ -63.25659, -10.38676 ], [ -63.25366, -10.38576 ], [ -63.25364, -10.38363 ], [ -63.25168, -10.38235 ], [ -63.25127, -10.37616 ], [ -63.25065, -10.37517 ], [ -63.25181, -10.37311 ], [ -63.25478, -10.37279 ], [ -63.26115, -10.37408 ], [ -63.26229, -10.37186 ], [ -63.262, -10.37067 ], [ -63.25856, -10.36871 ], [ -63.25806, -10.36698 ], [ -63.25639, -10.36554 ], [ -63.25691, -10.36411 ], [ -63.25936, -10.36222 ], [ -63.2597, -10.36116 ], [ -63.25937, -10.3507 ], [ -63.26024, -10.33972 ], [ -63.25932, -10.33681 ], [ -63.25762, -10.33503 ], [ -63.25479, -10.3384 ], [ -63.25292, -10.33827 ], [ -63.25231, -10.33761 ], [ -63.2533, -10.33615 ], [ -63.25215, -10.33532 ], [ -63.2462, -10.33797 ], [ -63.24372, -10.33627 ], [ -63.24145, -10.33196 ], [ -63.24217, -10.32867 ], [ -63.23915, -10.32268 ], [ -63.24048, -10.31734 ], [ -63.23816, -10.31381 ], [ -63.23819, -10.30476 ], [ -63.2369, -10.30109 ], [ -63.23791, -10.30035 ], [ -63.23953, -10.30092 ], [ -63.24048, -10.30047 ], [ -63.2399, -10.29812 ], [ -63.24496, -10.2892 ], [ -63.24379, -10.28499 ] ] } },
{ "type": "Feature", "properties": { "name": "Rio Jamari" }, "geometry": { "type": "LineString", "coordinates": [ [ -63.24379, -10.28499 ], [ -63.23589, -10.2855 ], [ -63.23353, -10.28356 ], [ -63.23183, -10.28356 ], [ -63.23124, -10.28277 ], [ -63.23196, -10.27945 ], [ -63.23143, -10.27488 ], [ -63.23867, -10.27138 ], [ -63.23933, -10.27038 ], [ -63.23762, -10.26377 ], [ -63.23788, -10.26088 ], [ -63.23625, -10.25932 ], [ -63.23577, -10.25718 ], [ -63.23472, -10.25611 ], [ -63.23344, -10.2559 ], [ -63.2322, -10.25361 ], [ -63.23098, -10.2532 ], [ -63.23028, -10.24919 ], [ -63.23103, -10.24661 ], [ -63.23458, -10.2444 ], [ -63.23523, -10.24131 ], [ -63.23254, -10.23849 ], [ -63.23176, -10.23511 ], [ -63.23368, -10.23356 ], [ -63.23447, -10.23166 ], [ -63.23282, -10.23034 ], [ -63.23302, -10.22895 ], [ -63.2321, -10.22741 ], [ -63.23131, -10.22318 ], [ -63.22894, -10.21868 ], [ -63.22189, -10.21579 ], [ -63.2209, -10.21405 ], [ -63.21909, -10.21316 ], [ -63.21761, -10.21142 ], [ -63.21904, -10.2081 ], [ -63.22412, -10.20381 ], [ -63.22517, -10.19879 ], [ -63.22471, -10.19741 ], [ -63.22183, -10.19565 ], [ -63.2163, -10.19634 ], [ -63.21518, -10.19583 ], [ -63.20908, -10.19627 ], [ -63.20837, -10.19583 ], [ -63.20837, -10.19389 ], [ -63.20988, -10.19238 ], [ -63.21355, -10.19146 ], [ -63.21615, -10.18815 ], [ -63.21627, -10.18596 ], [ -63.21435, -10.18205 ], [ -63.21465, -10.18047 ], [ -63.2136, -10.1786 ], [ -63.21445, -10.17527 ], [ -63.21344, -10.17222 ], [ -63.2136, -10.17028 ], [ -63.21277, -10.16905 ], [ -63.21076, -10.16885 ], [ -63.21014, -10.1681 ], [ -63.21036, -10.16729 ] ] } },
{ "type": "Feature", "properties": { "name": "Rio Jamari" }, "geometry": { "type": "LineString", "coordinates": [ [ -63.21036, -10.16729 ], [ -63.21526, -10.16323 ], [ -63.21293, -10.16105 ], [ -63.20977, -10.15981 ], [ -63.2095, -10.15794 ], [ -63.20583, -10.15436 ], [ -63.21188, -10.15351 ], [ -63.21455, -10.15237 ], [ -63.21443, -10.15128 ], [ -63.21088, -10.15099 ], [ -63.21023, -10.14982 ], [ -63.21042, -10.14853 ], [ -63.20537, -10.14275 ], [ -63.20439, -10.14284 ], [ -63.20206, -10.14595 ], [ -63.20053, -10.14608 ], [ -63.19416, -10.14207 ], [ -63.19248, -10.13491 ], [ -63.19144, -10.13358 ], [ -63.18573, -10.13333 ], [ -63.18315, -10.13859 ], [ -63.18168, -10.14022 ], [ -63.17778, -10.13769 ], [ -63.17338, -10.13613 ], [ -63.1728, -10.13533 ], [ -63.17315, -10.13093 ], [ -63.17493, -10.12415 ], [ -63.17457, -10.12301 ], [ -63.17564, -10.12053 ], [ -63.17445, -10.1163 ], [ -63.17102, -10.11372 ], [ -63.16973, -10.1144 ], [ -63.16499, -10.1147 ], [ -63.1623, -10.11392 ], [ -63.15935, -10.11183 ], [ -63.15814, -10.11183 ], [ -63.15549, -10.10835 ], [ -63.15367, -10.10697 ], [ -63.15291, -10.10458 ], [ -63.1498, -10.10203 ], [ -63.1499, -10.10048 ], [ -63.1472, -10.09819 ], [ -63.14646, -10.08735 ], [ -63.14866, -10.08101 ], [ -63.14703, -10.0804 ], [ -63.14587, -10.07898 ], [ -63.14601, -10.07289 ], [ -63.14086, -10.06839 ], [ -63.1385, -10.06142 ], [ -63.13228, -10.05621 ], [ -63.1313, -10.05473 ], [ -63.12967, -10.0493 ], [ -63.12999, -10.04469 ], [ -63.12637, -10.03789 ], [ -63.12238, -10.03701 ], [ -63.12141, -10.03519 ], [ -63.12216, -10.02883 ], [ -63.12176, -10.02774 ], [ -63.11957, -10.02708 ], [ -63.11715, -10.02499 ], [ -63.1163, -10.02157 ], [ -63.11369, -10.01955 ], [ -63.11359, -10.01839 ], [ -63.11447, -10.0172 ], [ -63.11373, -10.01512 ], [ -63.11687, -10.01305 ], [ -63.11741, -10.00643 ], [ -63.11599, -10.00365 ], [ -63.11254, -10.00042 ] ] } },
{ "type": "Feature", "properties": { "name": "Igarapé do Meio" }, "geometry": { "type": "LineString", "coordinates": [ [ -63.46707, -10.84985 ], [ -63.46532, -10.85052 ], [ -63.46124, -10.84829 ], [ -63.4587, -10.84816 ], [ -63.45776, -10.84749 ], [ -63.45345, -10.84756 ], [ -63.45317, -10.84666 ], [ -63.4566, -10.84363 ], [ -63.45669, -10.84254 ], [ -63.45489, -10.84167 ], [ -63.45373, -10.83999 ], [ -63.45053, -10.84012 ], [ -63.44923, -10.83957 ], [ -63.4485, -10.83825 ], [ -63.44487, -10.83523 ], [ -63.44338, -10.83497 ], [ -63.44137, -10.83668 ], [ -63.43426, -10.83726 ], [ -63.43226, -10.83274 ], [ -63.43077, -10.83243 ], [ -63.42683, -10.83335 ], [ -63.42373, -10.833 ], [ -63.42345, -10.8313 ], [ -63.42139, -10.82945 ], [ -63.41752, -10.83182 ], [ -63.41452, -10.83185 ], [ -63.41384, -10.83139 ], [ -63.4127, -10.82735 ], [ -63.41219, -10.82726 ], [ -63.40967, -10.82921 ], [ -63.40825, -10.8294 ], [ -63.4051, -10.83202 ], [ -63.40049, -10.8307 ], [ -63.39902, -10.8313 ], [ -63.39811, -10.83351 ], [ -63.39548, -10.83278 ], [ -63.3955, -10.83457 ], [ -63.39443, -10.83542 ], [ -63.39443, -10.83662 ], [ -63.3963, -10.84241 ], [ -63.39513, -10.84399 ], [ -63.39371, -10.84282 ], [ -63.39222, -10.84297 ], [ -63.39001, -10.84618 ], [ -63.38656, -10.84714 ], [ -63.38642, -10.84875 ], [ -63.38434, -10.84997 ], [ -63.38318, -10.84968 ], [ -63.38154, -10.84714 ], [ -63.37546, -10.84513 ], [ -63.37434, -10.84534 ], [ -63.3736, -10.84756 ] ] } },
{ "type": "Feature", "properties": { "name": "Igarapé do Meio" }, "geometry": { "type": "LineString", "coordinates": [ [ -63.3736, -10.84756 ], [ -63.37193, -10.84844 ], [ -63.37148, -10.84635 ], [ -63.37025, -10.84704 ], [ -63.36828, -10.84632 ], [ -63.36583, -10.85166 ], [ -63.365, -10.85107 ], [ -63.36486, -10.84955 ], [ -63.36213, -10.84796 ], [ -63.36154, -10.84825 ], [ -63.36237, -10.84893 ], [ -63.36182, -10.84941 ], [ -63.36097, -10.84865 ], [ -63.36083, -10.84934 ], [ -63.35907, -10.8495 ], [ -63.35876, -10.84825 ], [ -63.35748, -10.84891 ], [ -63.35753, -10.84972 ], [ -63.3548, -10.85112 ], [ -63.35413, -10.85074 ], [ -63.35454, -10.85164 ], [ -63.35399, -10.8524 ], [ -63.35231, -10.85226 ], [ -63.35212, -10.85062 ], [ -63.35157, -10.85093 ], [ -63.35048, -10.84981 ], [ -63.35086, -10.84744 ], [ -63.34753, -10.84587 ], [ -63.34466, -10.84597 ], [ -63.34395, -10.84293 ], [ -63.34338, -10.84443 ], [ -63.34393, -10.84533 ], [ -63.34341, -10.84585 ], [ -63.34231, -10.84395 ], [ -63.34125, -10.84433 ], [ -63.33379, -10.84094 ], [ -63.3332, -10.84132 ], [ -63.33329, -10.84269 ], [ -63.33144, -10.84255 ], [ -63.33099, -10.84324 ], [ -63.33071, -10.84189 ], [ -63.32921, -10.84049 ], [ -63.32731, -10.84206 ], [ -63.32584, -10.84194 ], [ -63.3246, -10.84555 ], [ -63.32394, -10.84581 ], [ -63.32358, -10.84529 ], [ -63.32114, -10.84759 ], [ -63.32028, -10.84722 ] ] } },
{ "type": "Feature", "properties": { "name": "Rio Jamari" }, "geometry": { "type": "LineString", "coordinates": [ [ -63.21996, -10.74939 ], [ -63.21923, -10.74939 ], [ -63.21674, -10.7449 ], [ -63.21439, -10.74559 ], [ -63.21486, -10.74338 ], [ -63.21009, -10.74531 ], [ -63.20866, -10.74495 ] ] } },
{ "type": "Feature", "properties": { "name": "Rio Jiparaná" }, "geometry": { "type": "LineString", "coordinates": [ [ -61.95573, -9.94966 ], [ -61.95758, -9.94434 ], [ -61.95798, -9.94076 ], [ -61.95668, -9.93667 ], [ -61.95101, -9.92567 ], [ -61.94643, -9.90379 ], [ -61.94599, -9.88867 ], [ -61.94316, -9.88252 ], [ -61.93609, -9.87275 ], [ -61.93539, -9.86856 ], [ -61.93397, -9.86666 ], [ -61.93159, -9.85883 ], [ -61.93149, -9.8573 ], [ -61.93248, -9.85441 ], [ -61.93868, -9.84807 ], [ -61.93967, -9.84623 ], [ -61.93933, -9.83244 ], [ -61.94512, -9.8183 ], [ -61.94482, -9.81113 ], [ -61.94144, -9.80547 ], [ -61.93932, -9.80345 ], [ -61.93342, -9.79983 ], [ -61.92971, -9.79846 ], [ -61.9278, -9.79677 ], [ -61.92594, -9.79487 ], [ -61.92392, -9.79035 ], [ -61.92437, -9.78692 ], [ -61.92685, -9.78411 ], [ -61.92795, -9.78368 ], [ -61.93035, -9.78396 ], [ -61.93625, -9.7862 ], [ -61.93997, -9.78953 ], [ -61.94259, -9.79062 ], [ -61.94642, -9.79049 ], [ -61.94631, -9.78842 ], [ -61.94435, -9.78754 ], [ -61.94107, -9.78384 ], [ -61.93169, -9.78055 ], [ -61.92684, -9.77434 ], [ -61.92559, -9.77361 ], [ -61.92413, -9.77351 ], [ -61.92089, -9.77911 ], [ -61.91967, -9.78002 ], [ -61.91584, -9.78131 ], [ -61.91268, -9.78061 ], [ -61.90434, -9.77343 ], [ -61.90156, -9.76552 ], [ -61.90049, -9.76404 ], [ -61.89852, -9.76294 ], [ -61.89052, -9.76361 ], [ -61.88269, -9.75982 ], [ -61.88021, -9.75741 ], [ -61.87886, -9.75263 ], [ -61.87905, -9.75126 ], [ -61.8814, -9.7474 ], [ -61.88167, -9.74566 ], [ -61.88029, -9.73031 ], [ -61.88223, -9.71934 ], [ -61.88148, -9.7148 ], [ -61.87975, -9.71081 ], [ -61.87064, -9.69624 ], [ -61.86265, -9.69388 ], [ -61.86044, -9.69192 ], [ -61.85789, -9.68645 ], [ -61.85218, -9.67964 ], [ -61.84868, -9.67256 ], [ -61.84816, -9.6659 ], [ -61.84649, -9.66318 ], [ -61.83341, -9.64887 ], [ -61.82472, -9.64163 ], [ -61.8174, -9.63714 ], [ -61.81441, -9.63359 ], [ -61.81409, -9.62802 ], [ -61.81169, -9.61811 ], [ -61.81231, -9.61475 ], [ -61.81357, -9.61276 ], [ -61.81603, -9.60541 ], [ -61.81565, -9.59611 ], [ -61.8181, -9.59229 ], [ -61.82521, -9.58579 ], [ -61.8267, -9.58359 ], [ -61.82644, -9.58084 ], [ -61.82241, -9.57867 ], [ -61.81579, -9.57193 ], [ -61.8127, -9.57034 ], [ -61.80905, -9.56462 ], [ -61.80395, -9.55292 ], [ -61.80337, -9.54918 ], [ -61.80379, -9.54097 ], [ -61.80325, -9.53917 ], [ -61.80123, -9.5365 ], [ -61.79648, -9.53382 ], [ -61.78965, -9.53178 ], [ -61.78778, -9.53002 ], [ -61.78363, -9.53079 ], [ -61.78189, -9.52844 ], [ -61.78091, -9.52806 ], [ -61.77867, -9.52855 ], [ -61.77471, -9.52688 ], [ -61.77248, -9.52524 ], [ -61.76676, -9.51797 ], [ -61.76383, -9.51314 ], [ -61.75684, -9.50541 ], [ -61.75104, -9.50108 ] ] } },
{ "type": "Feature", "properties": { "name": "Rio Jiparaná" }, "geometry": { "type": "LineString", "coordinates": [ [ -61.97193, -10.06748 ], [ -61.97001, -10.06104 ], [ -61.97034, -10.0496 ], [ -61.97761, -10.04181 ], [ -61.97843, -10.03697 ], [ -61.97986, -10.03395 ], [ -61.99239, -10.0229 ], [ -61.99353, -10.01697 ], [ -61.99325, -10.0124 ], [ -61.99097, -10.00933 ], [ -61.98432, -10.0081 ], [ -61.98147, -10.00693 ], [ -61.97877, -10.00463 ], [ -61.97791, -10.00186 ], [ -61.97653, -9.99998 ], [ -61.96936, -9.99538 ], [ -61.96618, -9.99228 ], [ -61.96401, -9.9877 ], [ -61.95596, -9.95824 ], [ -61.95542, -9.95373 ], [ -61.95573, -9.94966 ] ] } },
{ "type": "Feature", "properties": { "name": "Rio Jiparaná" }, "geometry": { "type": "LineString", "coordinates": [ [ -61.90955, -10.11693 ], [ -61.91034, -10.11514 ], [ -61.91378, -10.11206 ] ] } },
{ "type": "Feature", "properties": { "name": "Rio Jiparaná" }, "geometry": { "type": "LineString", "coordinates": [ [ -61.9693, -10.07637 ], [ -61.97243, -10.07106 ], [ -61.97193, -10.06748 ] ] } },
{ "type": "Feature", "properties": { "name": "Rio Jiparaná" }, "geometry": { "type": "LineString", "coordinates": [ [ -61.91378, -10.11206 ], [ -61.91494, -10.11058 ], [ -61.91657, -10.10486 ], [ -61.92126, -10.09705 ], [ -61.92625, -10.09443 ], [ -61.92885, -10.08947 ], [ -61.94087, -10.08136 ], [ -61.94895, -10.08026 ], [ -61.95119, -10.07939 ], [ -61.95447, -10.08099 ], [ -61.96222, -10.08142 ], [ -61.96757, -10.0785 ], [ -61.9693, -10.07637 ] ] } },
{ "type": "Feature", "properties": { "name": "Rio Jaru" }, "geometry": { "type": "LineString", "coordinates": [ [ -62.13587, -10.22363 ], [ -62.13437, -10.22363 ], [ -62.13366, -10.22054 ], [ -62.1322, -10.21858 ], [ -62.12336, -10.21324 ], [ -62.12201, -10.21203 ], [ -62.12094, -10.20975 ], [ -62.12154, -10.20509 ], [ -62.12701, -10.19691 ], [ -62.12742, -10.19332 ], [ -62.1268, -10.19117 ], [ -62.12585, -10.19072 ], [ -62.12336, -10.19106 ], [ -62.12062, -10.19396 ], [ -62.11553, -10.19628 ], [ -62.11077, -10.1936 ], [ -62.10856, -10.18792 ], [ -62.10658, -10.18494 ], [ -62.10667, -10.17968 ], [ -62.106, -10.17848 ], [ -62.10442, -10.17873 ], [ -62.09798, -10.18441 ], [ -62.09639, -10.18458 ], [ -62.09478, -10.18344 ], [ -62.09274, -10.18019 ], [ -62.09113, -10.18019 ], [ -62.08729, -10.18291 ], [ -62.08362, -10.18376 ], [ -62.08111, -10.18266 ], [ -62.0788, -10.17837 ], [ -62.07403, -10.17871 ], [ -62.07075, -10.17689 ], [ -62.06757, -10.17676 ], [ -62.06215, -10.17431 ], [ -62.06114, -10.17358 ], [ -62.06, -10.17015 ], [ -62.05588, -10.16658 ], [ -62.05622, -10.16213 ], [ -62.05401, -10.15797 ], [ -62.05217, -10.15704 ], [ -62.04884, -10.15773 ], [ -62.04502, -10.15581 ], [ -62.03992, -10.15482 ], [ -62.02871, -10.14624 ], [ -62.02713, -10.14276 ], [ -62.02758, -10.1387 ], [ -62.02577, -10.13674 ], [ -62.02895, -10.13351 ], [ -62.02897, -10.13224 ], [ -62.02616, -10.12907 ], [ -62.02577, -10.12734 ], [ -62.02249, -10.12626 ], [ -62.02133, -10.12252 ], [ -62.01951, -10.12276 ], [ -62.01719, -10.12413 ], [ -62.01475, -10.12658 ], [ -62.00771, -10.13163 ], [ -62.00487, -10.13298 ], [ -61.999, -10.13142 ], [ -61.99404, -10.13336 ], [ -61.9899, -10.13023 ], [ -61.98962, -10.12916 ], [ -61.99322, -10.12187 ], [ -61.99285, -10.12094 ], [ -61.99142, -10.12018 ], [ -61.99052, -10.11767 ], [ -61.99294, -10.11384 ], [ -61.99709, -10.11053 ], [ -61.99829, -10.10662 ], [ -61.99387, -10.10457 ], [ -61.98912, -10.09889 ], [ -61.98853, -10.09092 ], [ -61.98727, -10.08895 ], [ -61.98584, -10.08879 ], [ -61.98485, -10.09126 ], [ -61.98185, -10.09279 ], [ -61.97901, -10.0932 ], [ -61.97755, -10.09208 ], [ -61.97788, -10.09083 ], [ -61.97996, -10.08858 ], [ -61.98316, -10.07611 ], [ -61.98232, -10.07193 ], [ -61.98301, -10.06671 ], [ -61.97966, -10.06593 ], [ -61.97586, -10.0676 ], [ -61.97193, -10.06748 ] ] } },
{ "type": "Feature", "properties": { "name": "Rio Jaru" }, "geometry": { "type": "LineString", "coordinates": [ [ -62.33832, -10.30691 ], [ -62.33738, -10.30321 ], [ -62.33426, -10.30046 ], [ -62.32542, -10.29514 ], [ -62.31733, -10.29252 ], [ -62.31002, -10.28167 ], [ -62.30772, -10.28098 ], [ -62.30504, -10.27911 ], [ -62.30019, -10.27874 ], [ -62.29328, -10.27449 ], [ -62.2912, -10.2746 ], [ -62.29013, -10.27551 ], [ -62.2901, -10.27633 ], [ -62.29195, -10.27846 ], [ -62.29101, -10.27994 ], [ -62.28993, -10.27971 ], [ -62.28734, -10.27555 ], [ -62.28551, -10.26943 ], [ -62.2817, -10.26367 ], [ -62.27675, -10.26311 ], [ -62.27149, -10.2644 ], [ -62.26976, -10.26668 ], [ -62.26721, -10.26599 ], [ -62.26493, -10.26316 ], [ -62.2623, -10.26154 ], [ -62.26302, -10.25872 ], [ -62.25581, -10.25452 ], [ -62.25528, -10.25109 ], [ -62.2537, -10.2525 ], [ -62.25219, -10.25214 ], [ -62.25372, -10.24935 ], [ -62.25352, -10.24829 ], [ -62.25251, -10.24764 ], [ -62.25095, -10.24806 ], [ -62.25019, -10.25106 ], [ -62.24914, -10.25121 ], [ -62.2474, -10.2485 ], [ -62.24494, -10.24686 ], [ -62.2415, -10.24563 ], [ -62.23798, -10.24574 ], [ -62.23464, -10.24698 ], [ -62.23207, -10.25188 ], [ -62.23018, -10.25261 ], [ -62.22871, -10.24962 ], [ -62.22657, -10.24808 ], [ -62.22599, -10.24451 ], [ -62.22489, -10.24314 ], [ -62.22113, -10.24351 ], [ -62.21924, -10.24195 ], [ -62.21318, -10.24327 ], [ -62.20934, -10.24316 ], [ -62.20174, -10.24107 ], [ -62.20052, -10.2378 ], [ -62.20133, -10.23397 ], [ -62.20108, -10.2325 ], [ -62.19897, -10.23009 ], [ -62.19485, -10.22844 ], [ -62.18713, -10.22781 ], [ -62.17928, -10.22434 ], [ -62.17344, -10.22629 ], [ -62.17116, -10.22489 ], [ -62.17067, -10.22194 ], [ -62.16824, -10.22281 ], [ -62.16434, -10.22263 ], [ -62.16079, -10.22468 ], [ -62.1594, -10.22438 ], [ -62.15641, -10.22229 ], [ -62.15319, -10.22228 ], [ -62.14884, -10.22113 ], [ -62.1469, -10.2218 ], [ -62.14523, -10.22369 ], [ -62.14114, -10.22324 ], [ -62.1395, -10.22572 ], [ -62.13866, -10.22551 ], [ -62.1373, -10.22356 ], [ -62.13587, -10.22363 ] ] } },
{ "type": "Feature", "properties": { "name": "Rio Jaru" }, "geometry": { "type": "LineString", "coordinates": [ [ -62.34722, -10.36483 ], [ -62.34611, -10.36116 ], [ -62.34357, -10.35773 ], [ -62.34412, -10.35589 ], [ -62.348, -10.35411 ], [ -62.34921, -10.34778 ], [ -62.34781, -10.34252 ], [ -62.34387, -10.33903 ], [ -62.34025, -10.33379 ], [ -62.33722, -10.33284 ], [ -62.3318, -10.33309 ], [ -62.32987, -10.33258 ], [ -62.32857, -10.33138 ], [ -62.32868, -10.33069 ], [ -62.33121, -10.33158 ], [ -62.3326, -10.33083 ], [ -62.33043, -10.32633 ], [ -62.3291, -10.32036 ], [ -62.33611, -10.3113 ], [ -62.33832, -10.30691 ] ] } },
{ "type": "Feature", "properties": { "name": "Rio Candeias" }, "geometry": { "type": "LineString", "coordinates": [ [ -63.75583, -9.39511 ], [ -63.76283, -9.39288 ], [ -63.75883, -9.38388 ], [ -63.77083, -9.38088 ], [ -63.76483, -9.36988 ], [ -63.77483, -9.37688 ], [ -63.78583, -9.37388 ], [ -63.78383, -9.36988 ], [ -63.77283, -9.37088 ], [ -63.76683, -9.36188 ], [ -63.77183, -9.35988 ], [ -63.77883, -9.36588 ], [ -63.77683, -9.35788 ], [ -63.78183, -9.35088 ], [ -63.77283, -9.33988 ], [ -63.78383, -9.33388 ], [ -63.78983, -9.33388 ], [ -63.78983, -9.32988 ], [ -63.78583, -9.33088 ], [ -63.78283, -9.32488 ], [ -63.78083, -9.30588 ], [ -63.77783, -9.30588 ], [ -63.77283, -9.29388 ], [ -63.78283, -9.29288 ], [ -63.77883, -9.29188 ], [ -63.77883, -9.28488 ], [ -63.77083, -9.27988 ], [ -63.76083, -9.27888 ], [ -63.76983, -9.26288 ], [ -63.76383, -9.26088 ], [ -63.76383, -9.25688 ], [ -63.76983, -9.25688 ], [ -63.77283, -9.26488 ], [ -63.77883, -9.25988 ], [ -63.77783, -9.25388 ], [ -63.78483, -9.25688 ], [ -63.78783, -9.25088 ], [ -63.77883, -9.24588 ], [ -63.77783, -9.23988 ], [ -63.78183, -9.23588 ], [ -63.77983, -9.22988 ], [ -63.76983, -9.22888 ], [ -63.77583, -9.21488 ], [ -63.77083, -9.20288 ], [ -63.77783, -9.19988 ], [ -63.77483, -9.19388 ], [ -63.76183, -9.18688 ], [ -63.76983, -9.18588 ], [ -63.78083, -9.19088 ], [ -63.78483, -9.17888 ], [ -63.78096, -9.16755 ] ] } },
{ "type": "Feature", "properties": { "name": "Rio Candeias" }, "geometry": { "type": "LineString", "coordinates": [ [ -63.78096, -9.16755 ], [ -63.78512, -9.16206 ], [ -63.78545, -9.16053 ], [ -63.78445, -9.15765 ], [ -63.78291, -9.15699 ], [ -63.78082, -9.15965 ], [ -63.77891, -9.16077 ], [ -63.77815, -9.16007 ], [ -63.7771, -9.15594 ], [ -63.77021, -9.1528 ], [ -63.77562, -9.14637 ], [ -63.77664, -9.14186 ], [ -63.77826, -9.13926 ], [ -63.77925, -9.13862 ], [ -63.78267, -9.13865 ], [ -63.78357, -9.13595 ], [ -63.78441, -9.13561 ], [ -63.78801, -9.1359 ], [ -63.78922, -9.13526 ], [ -63.79593, -9.12889 ], [ -63.79553, -9.12602 ], [ -63.79424, -9.12415 ], [ -63.79215, -9.12372 ], [ -63.77591, -9.11587 ], [ -63.77591, -9.11087 ], [ -63.78591, -9.11087 ], [ -63.79311, -9.10608 ], [ -63.79357, -9.10244 ], [ -63.79183, -9.09517 ], [ -63.78403, -9.08898 ], [ -63.78403, -9.08812 ], [ -63.78729, -9.0852 ], [ -63.78791, -9.08156 ], [ -63.78187, -9.0729 ], [ -63.78325, -9.06908 ], [ -63.78268, -9.06875 ], [ -63.78082, -9.07064 ], [ -63.77881, -9.07144 ], [ -63.77654, -9.07145 ], [ -63.77531, -9.07054 ], [ -63.7754, -9.06434 ], [ -63.77568, -9.06306 ], [ -63.78186, -9.0581 ], [ -63.79501, -9.05616 ], [ -63.79585, -9.05506 ], [ -63.7955, -9.05203 ], [ -63.79789, -9.04856 ], [ -63.79501, -9.04364 ], [ -63.79062, -9.04073 ], [ -63.78859, -9.04092 ], [ -63.78974, -9.04401 ], [ -63.78897, -9.04454 ], [ -63.78744, -9.04404 ], [ -63.78545, -9.04152 ], [ -63.78609, -9.03444 ], [ -63.79208, -9.03121 ], [ -63.79426, -9.02923 ], [ -63.78991, -9.02087 ], [ -63.78291, -9.01987 ], [ -63.78491, -9.01487 ], [ -63.78691, -9.01187 ], [ -63.78091, -9.00887 ], [ -63.77568, -9.01542 ], [ -63.7733, -9.01659 ], [ -63.77178, -9.01585 ], [ -63.77146, -9.01074 ], [ -63.76905, -9.0054 ], [ -63.77004, -9.00175 ], [ -63.77129, -9.00101 ], [ -63.77313, -9.00201 ], [ -63.77518, -9.00446 ], [ -63.7776, -9.00605 ], [ -63.77871, -9.00597 ], [ -63.78002, -9.00062 ], [ -63.78236, -8.99616 ], [ -63.78249, -8.99439 ], [ -63.78116, -8.99387 ], [ -63.77391, -8.99587 ], [ -63.77194, -8.99263 ], [ -63.76298, -8.98691 ], [ -63.76227, -8.98292 ], [ -63.76287, -8.98061 ], [ -63.76574, -8.97647 ], [ -63.76699, -8.97181 ], [ -63.7656, -8.96933 ], [ -63.76472, -8.96888 ], [ -63.76185, -8.96982 ], [ -63.76177, -8.97569 ], [ -63.7601, -8.97906 ], [ -63.76006, -8.98141 ], [ -63.75946, -8.98197 ], [ -63.75491, -8.98187 ], [ -63.75314, -8.98107 ] ] } },
{ "type": "Feature", "properties": { "name": "Rio Candeias" }, "geometry": { "type": "LineString", "coordinates": [ [ -63.75314, -8.98107 ], [ -63.75225, -8.98038 ], [ -63.75177, -8.97859 ], [ -63.75126, -8.97171 ], [ -63.75034, -8.96915 ], [ -63.74941, -8.9684 ], [ -63.74242, -8.96788 ], [ -63.74143, -8.96686 ], [ -63.74526, -8.96086 ], [ -63.74819, -8.95804 ], [ -63.74815, -8.95644 ], [ -63.74282, -8.95577 ], [ -63.74018, -8.95612 ], [ -63.73553, -8.96081 ], [ -63.73433, -8.96286 ], [ -63.73308, -8.96265 ], [ -63.72801, -8.95439 ], [ -63.72887, -8.95264 ], [ -63.73065, -8.95242 ], [ -63.73289, -8.95623 ], [ -63.73606, -8.95607 ], [ -63.73862, -8.95325 ], [ -63.74341, -8.94596 ], [ -63.7443, -8.94078 ], [ -63.74422, -8.93668 ], [ -63.74562, -8.9361 ], [ -63.75046, -8.93955 ], [ -63.75189, -8.93979 ], [ -63.7531, -8.93809 ], [ -63.75353, -8.93416 ], [ -63.75278, -8.93285 ], [ -63.75151, -8.93256 ], [ -63.74037, -8.93354 ], [ -63.7387, -8.93323 ], [ -63.74322, -8.92679 ], [ -63.74376, -8.9257 ], [ -63.74341, -8.92512 ], [ -63.73676, -8.92522 ], [ -63.73181, -8.92416 ], [ -63.72473, -8.92562 ], [ -63.72276, -8.9244 ], [ -63.72225, -8.9232 ], [ -63.72282, -8.92041 ], [ -63.72764, -8.91727 ], [ -63.72855, -8.91719 ], [ -63.72998, -8.91823 ], [ -63.73372, -8.91812 ], [ -63.73711, -8.91919 ], [ -63.73789, -8.91908 ], [ -63.73891, -8.91759 ], [ -63.74107, -8.91384 ], [ -63.74139, -8.91036 ], [ -63.73512, -8.90166 ], [ -63.73431, -8.89943 ], [ -63.73525, -8.89727 ], [ -63.73913, -8.89656 ], [ -63.74042, -8.89576 ], [ -63.7433, -8.89025 ], [ -63.74371, -8.88821 ], [ -63.74349, -8.88677 ], [ -63.74276, -8.88624 ], [ -63.74077, -8.88653 ], [ -63.73956, -8.88874 ], [ -63.73708, -8.89063 ], [ -63.73474, -8.88927 ], [ -63.73547, -8.88696 ], [ -63.73162, -8.88709 ], [ -63.72389, -8.88892 ], [ -63.72193, -8.8877 ], [ -63.72228, -8.88485 ], [ -63.72309, -8.88352 ], [ -63.73219, -8.87749 ], [ -63.7369, -8.87339 ], [ -63.739, -8.87363 ], [ -63.73956, -8.87454 ], [ -63.73978, -8.87579 ], [ -63.73883, -8.87813 ], [ -63.73945, -8.88004 ], [ -63.7412, -8.87658 ], [ -63.74567, -8.87384 ], [ -63.7492, -8.87307 ], [ -63.74944, -8.87225 ], [ -63.74758, -8.86882 ], [ -63.74618, -8.86315 ], [ -63.74527, -8.86201 ], [ -63.74193, -8.86193 ], [ -63.73932, -8.85879 ], [ -63.73867, -8.85709 ], [ -63.74058, -8.85661 ], [ -63.74249, -8.85866 ], [ -63.74354, -8.85845 ], [ -63.74792, -8.85509 ], [ -63.74878, -8.8535 ], [ -63.74874, -8.85107 ], [ -63.74334, -8.85005 ], [ -63.7393, -8.84832 ], [ -63.7358, -8.84409 ], [ -63.731, -8.84428 ], [ -63.72754, -8.84327 ], [ -63.72742, -8.84249 ], [ -63.72862, -8.8412 ], [ -63.73146, -8.84101 ], [ -63.73715, -8.83811 ], [ -63.7397, -8.84362 ], [ -63.7412, -8.84483 ], [ -63.74393, -8.84488 ], [ -63.746, -8.8436 ], [ -63.74754, -8.83935 ], [ -63.74332, -8.83437 ], [ -63.74128, -8.82585 ], [ -63.7416, -8.82325 ], [ -63.7409, -8.8226 ], [ -63.73774, -8.82314 ], [ -63.73439, -8.82807 ], [ -63.72887, -8.83435 ], [ -63.72727, -8.83471 ], [ -63.72634, -8.83286 ], [ -63.72725, -8.83053 ], [ -63.72718, -8.82792 ], [ -63.72242, -8.82591 ], [ -63.71795, -8.82098 ], [ -63.70942, -8.82325 ], [ -63.7058, -8.82087 ], [ -63.70259, -8.81662 ], [ -63.69987, -8.80841 ], [ -63.69714, -8.80492 ], [ -63.69745, -8.80401 ], [ -63.70057, -8.80208 ], [ -63.70571, -8.79965 ], [ -63.715, -8.79967 ], [ -63.71699, -8.79935 ], [ -63.71842, -8.79816 ], [ -63.7189, -8.79308 ], [ -63.71855, -8.79113 ], [ -63.71723, -8.7895 ], [ -63.71581, -8.78871 ], [ -63.71107, -8.78923 ], [ -63.71058, -8.79309 ], [ -63.70914, -8.79359 ], [ -63.70313, -8.78815 ], [ -63.70244, -8.78647 ], [ -63.70188, -8.77769 ], [ -63.70373, -8.77521 ], [ -63.70538, -8.77484 ], [ -63.71582, -8.7762 ], [ -63.71961, -8.77487 ], [ -63.72209, -8.77061 ], [ -63.72254, -8.76353 ], [ -63.718, -8.75693 ], [ -63.71692, -8.75625 ], [ -63.71605, -8.75652 ], [ -63.71414, -8.75855 ], [ -63.71249, -8.7713 ], [ -63.71148, -8.77217 ], [ -63.7102, -8.77136 ], [ -63.70699, -8.7661 ], [ -63.70494, -8.76393 ], [ -63.70297, -8.76292 ], [ -63.70256, -8.76146 ], [ -63.70451, -8.75846 ], [ -63.7054, -8.75578 ], [ -63.70522, -8.75213 ], [ -63.70271, -8.74699 ], [ -63.70303, -8.74465 ], [ -63.70618, -8.73828 ], [ -63.70587, -8.73592 ], [ -63.70236, -8.73533 ], [ -63.69988, -8.73954 ], [ -63.69849, -8.73968 ], [ -63.68867, -8.73414 ], [ -63.68676, -8.73256 ], [ -63.686, -8.73093 ], [ -63.69253, -8.72176 ], [ -63.69365, -8.71955 ], [ -63.69399, -8.71535 ], [ -63.6952, -8.71504 ], [ -63.70957, -8.71741 ], [ -63.71071, -8.71722 ], [ -63.7105, -8.71589 ], [ -63.70972, -8.71451 ], [ -63.70335, -8.70943 ], [ -63.69669, -8.7057 ], [ -63.696, -8.69893 ], [ -63.69379, -8.70035 ], [ -63.69443, -8.70596 ], [ -63.69405, -8.70803 ], [ -63.69218, -8.70991 ], [ -63.68746, -8.71052 ], [ -63.683, -8.71293 ], [ -63.68076, -8.71326 ], [ -63.68053, -8.71221 ], [ -63.68206, -8.70909 ], [ -63.6822, -8.70668 ], [ -63.67983, -8.70146 ], [ -63.67445, -8.69817 ], [ -63.67057, -8.69689 ], [ -63.668, -8.69693 ], [ -63.66691, -8.69742 ], [ -63.66691, -8.70384 ], [ -63.66569, -8.70663 ], [ -63.66611, -8.70885 ], [ -63.67034, -8.71092 ], [ -63.67076, -8.71238 ], [ -63.66843, -8.71479 ], [ -63.66668, -8.71539 ], [ -63.66413, -8.70825 ], [ -63.66257, -8.70708 ], [ -63.65283, -8.70486 ], [ -63.64982, -8.70542 ], [ -63.647, -8.70697 ], [ -63.64198, -8.71253 ], [ -63.63848, -8.71506 ], [ -63.63882, -8.71585 ], [ -63.64034, -8.7163 ], [ -63.65, -8.71693 ], [ -63.65275, -8.71953 ], [ -63.65431, -8.72243 ], [ -63.65507, -8.72766 ], [ -63.65507, -8.72977 ], [ -63.65412, -8.7318 ], [ -63.6529, -8.73274 ], [ -63.64955, -8.73251 ], [ -63.64757, -8.7309 ], [ -63.64518, -8.72254 ], [ -63.64388, -8.72183 ], [ -63.63927, -8.72269 ], [ -63.63513, -8.72254 ], [ -63.63368, -8.72315 ], [ -63.63189, -8.72585 ], [ -63.63025, -8.72679 ], [ -63.62816, -8.72661 ], [ -63.62687, -8.72544 ], [ -63.62572, -8.72205 ], [ -63.62641, -8.71716 ], [ -63.62999, -8.7134 ], [ -63.63459, -8.71005 ], [ -63.63478, -8.70843 ], [ -63.62881, -8.70486 ], [ -63.6207, -8.70174 ], [ -63.61655, -8.69398 ], [ -63.61506, -8.69304 ], [ -63.61198, -8.69316 ], [ -63.61122, -8.69402 ], [ -63.61171, -8.70158 ], [ -63.6112, -8.70275 ], [ -63.60964, -8.7015 ], [ -63.60861, -8.69844 ], [ -63.60043, -8.69216 ], [ -63.59648, -8.6908 ], [ -63.59315, -8.68732 ], [ -63.58908, -8.68118 ], [ -63.58486, -8.66956 ], [ -63.58516, -8.66775 ], [ -63.58923, -8.66226 ], [ -63.58928, -8.66088 ], [ -63.58419, -8.65609 ], [ -63.58227, -8.65574 ] ] } },
{ "type": "Feature", "properties": { "name": "Rio Candeias" }, "geometry": { "type": "LineString", "coordinates": [ [ -63.58227, -8.65574 ], [ -63.5768, -8.65859 ], [ -63.57525, -8.66039 ], [ -63.57532, -8.66226 ], [ -63.57764, -8.66552 ], [ -63.57896, -8.66652 ], [ -63.58171, -8.667 ], [ -63.58165, -8.66793 ], [ -63.57835, -8.6699 ], [ -63.57678, -8.66969 ], [ -63.57405, -8.66763 ], [ -63.5699, -8.66867 ], [ -63.56754, -8.67241 ], [ -63.56149, -8.67871 ], [ -63.56061, -8.67817 ], [ -63.55985, -8.67096 ], [ -63.56183, -8.66344 ], [ -63.56017, -8.66061 ], [ -63.55945, -8.65772 ], [ -63.56413, -8.65196 ], [ -63.56244, -8.64515 ], [ -63.56276, -8.64244 ], [ -63.56585, -8.63707 ], [ -63.56632, -8.63465 ], [ -63.56449, -8.62872 ], [ -63.56448, -8.62689 ], [ -63.56347, -8.62607 ], [ -63.55783, -8.62716 ], [ -63.55325, -8.62968 ], [ -63.54818, -8.63578 ], [ -63.54649, -8.63521 ], [ -63.54451, -8.63092 ], [ -63.54317, -8.63066 ], [ -63.53791, -8.636 ], [ -63.53389, -8.64259 ], [ -63.53212, -8.64394 ], [ -63.52972, -8.64444 ] ] } },
{ "type": "Feature", "properties": { "name": "Rio Jamari" }, "geometry": { "type": "LineString", "coordinates": [ [ -63.52972, -8.64444 ], [ -63.52469, -8.64099 ], [ -63.52104, -8.63717 ], [ -63.51979, -8.63447 ], [ -63.52031, -8.63039 ], [ -63.52255, -8.62689 ], [ -63.52288, -8.62419 ], [ -63.52116, -8.62231 ], [ -63.51651, -8.62238 ], [ -63.51503, -8.62026 ], [ -63.5127, -8.6113 ], [ -63.51015, -8.60801 ], [ -63.49687, -8.60364 ], [ -63.48963, -8.60272 ], [ -63.48105, -8.60033 ], [ -63.47329, -8.60003 ], [ -63.46645, -8.59855 ], [ -63.46035, -8.59611 ], [ -63.45233, -8.5917 ], [ -63.4463, -8.58647 ], [ -63.44471, -8.58241 ], [ -63.44469, -8.57702 ], [ -63.44681, -8.57152 ], [ -63.44889, -8.57059 ], [ -63.47341, -8.57031 ], [ -63.47575, -8.56974 ], [ -63.48117, -8.56518 ], [ -63.4826, -8.56324 ], [ -63.48311, -8.55947 ], [ -63.47935, -8.55385 ], [ -63.47685, -8.55174 ], [ -63.4692, -8.54805 ], [ -63.46705, -8.54667 ], [ -63.46604, -8.54517 ], [ -63.46728, -8.53351 ], [ -63.46524, -8.52754 ], [ -63.45934, -8.52029 ], [ -63.45417, -8.51655 ], [ -63.45204, -8.51417 ], [ -63.45096, -8.51139 ], [ -63.45081, -8.50018 ] ] } },
{ "type": "Feature", "properties": { "name": "Rio Jamari" }, "geometry": { "type": "LineString", "coordinates": [ [ -63.45081, -8.50018 ], [ -63.44944, -8.49424 ], [ -63.45167, -8.48745 ], [ -63.45407, -8.48474 ], [ -63.45733, -8.4844 ], [ -63.4678, -8.48525 ], [ -63.47124, -8.48745 ], [ -63.47175, -8.49153 ], [ -63.46935, -8.49407 ], [ -63.46866, -8.49713 ], [ -63.47124, -8.49968 ], [ -63.48051, -8.50087 ], [ -63.48686, -8.49968 ], [ -63.49441, -8.4956 ], [ -63.49973, -8.49085 ], [ -63.50437, -8.48542 ], [ -63.5078, -8.48406 ], [ -63.51347, -8.48576 ], [ -63.51844, -8.49 ], [ -63.52256, -8.49119 ], [ -63.52582, -8.4883 ], [ -63.52668, -8.48609 ], [ -63.526, -8.48321 ], [ -63.52394, -8.48151 ], [ -63.51724, -8.48185 ], [ -63.5078, -8.4754 ], [ -63.4999, -8.47319 ], [ -63.49733, -8.46946 ], [ -63.49681, -8.46385 ], [ -63.5002, -8.45234 ], [ -63.49921, -8.44447 ] ] } },
{ "type": "Feature", "properties": { "name": "Rio Madeira" }, "geometry": { "type": "LineString", "coordinates": [ [ -63.49921, -8.44447 ], [ -63.44168, -8.40353 ], [ -63.4309, -8.39373 ] ] } },
{ "type": "Feature", "properties": { "name": "Rio Preto" }, "geometry": { "type": "LineString", "coordinates": [ [ -62.82192, -8.49995 ], [ -62.81717, -8.49349 ], [ -62.81417, -8.4908 ], [ -62.81679, -8.48765 ], [ -62.81829, -8.48459 ], [ -62.82101, -8.48389 ], [ -62.82331, -8.48027 ], [ -62.82453, -8.47898 ], [ -62.8258, -8.47879 ], [ -62.82683, -8.47735 ], [ -62.82702, -8.47624 ], [ -62.82406, -8.46933 ], [ -62.82378, -8.46413 ], [ -62.82306, -8.46192 ], [ -62.82126, -8.45972 ], [ -62.8204, -8.45485 ], [ -62.82092, -8.45392 ], [ -62.82819, -8.45119 ], [ -62.83194, -8.44812 ], [ -62.83344, -8.44785 ], [ -62.83565, -8.44975 ], [ -62.83771, -8.45351 ], [ -62.83921, -8.45476 ], [ -62.84113, -8.45476 ], [ -62.84418, -8.453 ], [ -62.84475, -8.45323 ], [ -62.84536, -8.45434 ], [ -62.84583, -8.45921 ], [ -62.84634, -8.46005 ], [ -62.84878, -8.46074 ], [ -62.84991, -8.46176 ], [ -62.84981, -8.47007 ], [ -62.85319, -8.47675 ], [ -62.85464, -8.47782 ], [ -62.86074, -8.47981 ], [ -62.86313, -8.47921 ], [ -62.86707, -8.47494 ], [ -62.86731, -8.47345 ], [ -62.86623, -8.46761 ], [ -62.87035, -8.46204 ], [ -62.87139, -8.46135 ], [ -62.87533, -8.46404 ], [ -62.87645, -8.46413 ], [ -62.88288, -8.4613 ], [ -62.88311, -8.4588 ], [ -62.88133, -8.45536 ], [ -62.88161, -8.45439 ], [ -62.88686, -8.45267 ], [ -62.89137, -8.45207 ], [ -62.89207, -8.45068 ], [ -62.89113, -8.44687 ], [ -62.89235, -8.44622 ], [ -62.89549, -8.44608 ], [ -62.89643, -8.44543 ], [ -62.89793, -8.44219 ], [ -62.89746, -8.44056 ], [ -62.88883, -8.44028 ], [ -62.88813, -8.43963 ], [ -62.8863, -8.43402 ], [ -62.88691, -8.43323 ], [ -62.88799, -8.43337 ], [ -62.89324, -8.43764 ], [ -62.89423, -8.43713 ], [ -62.89488, -8.4356 ], [ -62.89263, -8.42419 ], [ -62.89127, -8.42298 ], [ -62.88761, -8.42205 ], [ -62.88658, -8.42098 ], [ -62.8864, -8.41922 ], [ -62.88794, -8.41634 ], [ -62.88977, -8.41523 ], [ -62.89263, -8.41514 ], [ -62.89413, -8.41621 ], [ -62.89629, -8.4163 ], [ -62.89721, -8.40862 ], [ -62.89648, -8.40474 ], [ -62.89406, -8.40087 ], [ -62.89274, -8.40107 ], [ -62.88872, -8.40428 ], [ -62.8873, -8.40438 ], [ -62.88342, -8.40389 ], [ -62.88202, -8.40297 ], [ -62.88196, -8.40146 ], [ -62.8864, -8.39776 ], [ -62.88836, -8.39306 ], [ -62.88915, -8.39244 ], [ -62.89065, -8.39251 ], [ -62.89283, -8.39369 ], [ -62.89751, -8.39766 ], [ -62.90006, -8.39812 ], [ -62.90288, -8.39428 ], [ -62.90428, -8.39336 ], [ -62.90902, -8.3927 ], [ -62.90968, -8.39149 ], [ -62.90872, -8.38844 ] ] } },
{ "type": "Feature", "properties": { "name": "Rio Preto" }, "geometry": { "type": "LineString", "coordinates": [ [ -62.73293, -8.65974 ], [ -62.73233, -8.65631 ], [ -62.72807, -8.6554 ], [ -62.72715, -8.65614 ], [ -62.72709, -8.6587 ], [ -62.72525, -8.65984 ], [ -62.72225, -8.66046 ], [ -62.71822, -8.65762 ], [ -62.71655, -8.6542 ], [ -62.71891, -8.65318 ], [ -62.72243, -8.65027 ], [ -62.72686, -8.64896 ], [ -62.72922, -8.64919 ], [ -62.73323, -8.651 ], [ -62.7368, -8.65029 ], [ -62.73976, -8.64207 ], [ -62.7397, -8.63889 ], [ -62.73659, -8.63923 ], [ -62.73187, -8.6419 ], [ -62.72726, -8.64253 ], [ -62.726, -8.64151 ], [ -62.72675, -8.6394 ], [ -62.73072, -8.63513 ], [ -62.73803, -8.63177 ], [ -62.7442, -8.62704 ], [ -62.7454, -8.62687 ], [ -62.74851, -8.6283 ], [ -62.75427, -8.62869 ], [ -62.75571, -8.62704 ], [ -62.75594, -8.62408 ], [ -62.75756, -8.61981 ], [ -62.7575, -8.61828 ], [ -62.75393, -8.61543 ], [ -62.75053, -8.61406 ], [ -62.74506, -8.61349 ], [ -62.7412, -8.60939 ], [ -62.74068, -8.60734 ], [ -62.74114, -8.60666 ], [ -62.74489, -8.60541 ], [ -62.74684, -8.60655 ], [ -62.74892, -8.60677 ], [ -62.75128, -8.60478 ], [ -62.75255, -8.6025 ], [ -62.75995, -8.59663 ], [ -62.76548, -8.5967 ], [ -62.76691, -8.59585 ], [ -62.76787, -8.59073 ], [ -62.77006, -8.59139 ], [ -62.77059, -8.59243 ], [ -62.7689, -8.59644 ], [ -62.77102, -8.59916 ], [ -62.77228, -8.60306 ], [ -62.77487, -8.60457 ], [ -62.7763, -8.60463 ], [ -62.77742, -8.60378 ], [ -62.78087, -8.59883 ], [ -62.78449, -8.59503 ], [ -62.78422, -8.59388 ], [ -62.78164, -8.59211 ], [ -62.77805, -8.59034 ], [ -62.77424, -8.58961 ], [ -62.77258, -8.58679 ], [ -62.77358, -8.58286 ], [ -62.77232, -8.58024 ], [ -62.7696, -8.57807 ], [ -62.76486, -8.57641 ], [ -62.76456, -8.5752 ], [ -62.76758, -8.57248 ], [ -62.77527, -8.5727 ], [ -62.77726, -8.57159 ], [ -62.78071, -8.56844 ], [ -62.78154, -8.56683 ], [ -62.78147, -8.56506 ], [ -62.78031, -8.56474 ], [ -62.77793, -8.56536 ], [ -62.77531, -8.56874 ], [ -62.77235, -8.56877 ], [ -62.76914, -8.56667 ], [ -62.76857, -8.56451 ], [ -62.76897, -8.56342 ], [ -62.77448, -8.56034 ], [ -62.77703, -8.5566 ], [ -62.77816, -8.55588 ], [ -62.78088, -8.55641 ], [ -62.78598, -8.56388 ], [ -62.78602, -8.5707 ], [ -62.78695, -8.57248 ], [ -62.7891, -8.57362 ], [ -62.79386, -8.57348 ], [ -62.79496, -8.57467 ], [ -62.79411, -8.57682 ], [ -62.79418, -8.57764 ], [ -62.79497, -8.57802 ], [ -62.80499, -8.57209 ], [ -62.80523, -8.57084 ], [ -62.80347, -8.56872 ], [ -62.80356, -8.56153 ], [ -62.80492, -8.55935 ], [ -62.80928, -8.56 ], [ -62.81097, -8.5638 ], [ -62.81219, -8.56403 ], [ -62.81411, -8.56162 ], [ -62.81585, -8.55439 ], [ -62.81824, -8.55364 ], [ -62.82072, -8.55536 ], [ -62.82002, -8.56153 ], [ -62.82087, -8.56241 ], [ -62.82223, -8.56255 ], [ -62.82429, -8.56241 ], [ -62.82499, -8.56167 ], [ -62.82466, -8.55573 ], [ -62.82391, -8.5542 ], [ -62.82279, -8.55286 ], [ -62.82124, -8.55221 ], [ -62.81815, -8.55225 ], [ -62.81693, -8.55165 ], [ -62.81693, -8.54956 ], [ -62.82063, -8.54562 ], [ -62.82058, -8.54381 ], [ -62.81364, -8.54376 ], [ -62.8127, -8.54261 ], [ -62.81266, -8.54066 ], [ -62.81327, -8.53913 ], [ -62.81477, -8.53825 ], [ -62.81632, -8.53815 ], [ -62.81904, -8.53954 ], [ -62.82044, -8.5395 ], [ -62.8219, -8.53815 ], [ -62.82663, -8.53203 ], [ -62.82912, -8.5305 ], [ -62.82879, -8.52558 ], [ -62.83151, -8.52164 ], [ -62.83381, -8.52029 ], [ -62.83784, -8.52201 ], [ -62.84047, -8.52094 ], [ -62.84221, -8.51784 ], [ -62.84366, -8.5081 ], [ -62.84305, -8.50698 ], [ -62.83883, -8.50522 ], [ -62.83541, -8.50285 ], [ -62.83423, -8.50267 ], [ -62.83095, -8.50429 ], [ -62.82921, -8.50411 ], [ -62.82293, -8.50132 ], [ -62.82192, -8.49995 ] ] } },
{ "type": "Feature", "properties": { "name": "Rio Preto" }, "geometry": { "type": "LineString", "coordinates": [ [ -62.76439, -8.79825 ], [ -62.76155, -8.79695 ], [ -62.75885, -8.79313 ], [ -62.75627, -8.78198 ], [ -62.75526, -8.78022 ], [ -62.75645, -8.77851 ], [ -62.75764, -8.77804 ], [ -62.75907, -8.77833 ], [ -62.76145, -8.78039 ], [ -62.76217, -8.78004 ], [ -62.76241, -8.77922 ], [ -62.75895, -8.77457 ], [ -62.75913, -8.7738 ], [ -62.75984, -8.77333 ], [ -62.76372, -8.77351 ], [ -62.76425, -8.77198 ], [ -62.7636, -8.76874 ], [ -62.76574, -8.76392 ], [ -62.76753, -8.76215 ], [ -62.76717, -8.75939 ], [ -62.75973, -8.75721 ], [ -62.75216, -8.75268 ], [ -62.75175, -8.75085 ], [ -62.75353, -8.74985 ], [ -62.75699, -8.74974 ], [ -62.75675, -8.74556 ], [ -62.75734, -8.74409 ], [ -62.75973, -8.74161 ], [ -62.76001, -8.73862 ], [ -62.75936, -8.73722 ], [ -62.76036, -8.73435 ], [ -62.76183, -8.73385 ], [ -62.76659, -8.7341 ], [ -62.76853, -8.73281 ], [ -62.76979, -8.72944 ], [ -62.76891, -8.72603 ], [ -62.76958, -8.72341 ], [ -62.77194, -8.72153 ], [ -62.77594, -8.72108 ], [ -62.77796, -8.71958 ], [ -62.77838, -8.71704 ], [ -62.78036, -8.71575 ], [ -62.78044, -8.71429 ], [ -62.77909, -8.71159 ], [ -62.77387, -8.70664 ], [ -62.76895, -8.70555 ], [ -62.7644, -8.70701 ], [ -62.76251, -8.70801 ], [ -62.76086, -8.71042 ], [ -62.76145, -8.71425 ], [ -62.76364, -8.71592 ], [ -62.76503, -8.71596 ], [ -62.77055, -8.71392 ], [ -62.77307, -8.7155 ], [ -62.77333, -8.71783 ], [ -62.77282, -8.71875 ], [ -62.77038, -8.71962 ], [ -62.76806, -8.71941 ], [ -62.76625, -8.71825 ], [ -62.76457, -8.71837 ], [ -62.76352, -8.72079 ], [ -62.76339, -8.72499 ], [ -62.76238, -8.72682 ], [ -62.76099, -8.72699 ], [ -62.75775, -8.72536 ], [ -62.75682, -8.72312 ], [ -62.75695, -8.71783 ], [ -62.75396, -8.7133 ], [ -62.75223, -8.70759 ], [ -62.75244, -8.70256 ], [ -62.75379, -8.69956 ], [ -62.75779, -8.69877 ], [ -62.75901, -8.69794 ], [ -62.76326, -8.69232 ], [ -62.76301, -8.69007 ], [ -62.76251, -8.68937 ], [ -62.75927, -8.68827 ], [ -62.75579, -8.6855 ], [ -62.75459, -8.68533 ], [ -62.75361, -8.68583 ], [ -62.75129, -8.68971 ], [ -62.7501, -8.69036 ], [ -62.747, -8.69056 ], [ -62.74489, -8.68959 ], [ -62.74452, -8.68789 ], [ -62.74803, -8.67959 ], [ -62.74779, -8.67853 ], [ -62.74607, -8.67776 ], [ -62.74017, -8.67888 ], [ -62.73446, -8.67511 ], [ -62.73558, -8.66986 ], [ -62.73293, -8.65974 ] ] } },
{ "type": "Feature", "properties": { "name": "Rio Preto" }, "geometry": { "type": "LineString", "coordinates": [ [ -62.62794, -8.99992 ], [ -62.63535, -8.99385 ], [ -62.63578, -8.99242 ], [ -62.63678, -8.99225 ], [ -62.63678, -8.98889 ], [ -62.63554, -8.98855 ], [ -62.63578, -8.98655 ], [ -62.63767, -8.98573 ], [ -62.63709, -8.98444 ], [ -62.63551, -8.98462 ], [ -62.63522, -8.98413 ], [ -62.63718, -8.98313 ], [ -62.63668, -8.98114 ], [ -62.63701, -8.97758 ], [ -62.63643, -8.97634 ], [ -62.63532, -8.97602 ], [ -62.63789, -8.97417 ], [ -62.63583, -8.97357 ], [ -62.6349, -8.97432 ], [ -62.63488, -8.9721 ], [ -62.63772, -8.96629 ], [ -62.64141, -8.96303 ], [ -62.64109, -8.96002 ], [ -62.64173, -8.9589 ], [ -62.6402, -8.95715 ], [ -62.63969, -8.95356 ], [ -62.63893, -8.95267 ], [ -62.63893, -8.95092 ], [ -62.64039, -8.94946 ], [ -62.639, -8.94776 ], [ -62.6391, -8.94658 ], [ -62.64144, -8.94438 ], [ -62.64085, -8.94245 ], [ -62.64138, -8.94064 ], [ -62.64056, -8.93765 ], [ -62.63724, -8.93751 ], [ -62.63718, -8.93665 ], [ -62.63842, -8.93548 ], [ -62.63707, -8.93393 ], [ -62.63886, -8.93344 ], [ -62.63848, -8.93213 ], [ -62.64109, -8.9323 ], [ -62.64141, -8.93116 ], [ -62.64946, -8.93066 ], [ -62.65105, -8.93131 ], [ -62.65107, -8.92921 ], [ -62.65197, -8.92806 ], [ -62.65163, -8.92711 ], [ -62.6519, -8.92671 ], [ -62.6532, -8.9274 ], [ -62.65296, -8.92592 ], [ -62.65426, -8.92561 ], [ -62.65539, -8.92659 ], [ -62.65628, -8.92535 ], [ -62.66169, -8.92419 ], [ -62.66289, -8.92257 ], [ -62.66284, -8.92048 ], [ -62.66138, -8.9173 ], [ -62.66123, -8.91494 ], [ -62.66089, -8.91423 ], [ -62.65765, -8.91399 ], [ -62.65661, -8.91311 ], [ -62.65661, -8.91233 ], [ -62.66138, -8.91209 ], [ -62.66159, -8.90831 ], [ -62.66255, -8.90679 ], [ -62.66407, -8.90717 ], [ -62.66438, -8.90979 ], [ -62.66773, -8.90943 ], [ -62.67108, -8.90826 ], [ -62.67326, -8.90558 ], [ -62.67188, -8.90089 ], [ -62.66678, -8.90028 ], [ -62.66235, -8.8983 ], [ -62.66248, -8.89766 ], [ -62.66433, -8.89709 ], [ -62.66259, -8.89267 ], [ -62.66526, -8.89366 ], [ -62.66692, -8.89123 ], [ -62.66656, -8.8885 ], [ -62.66697, -8.88791 ], [ -62.67265, -8.88728 ], [ -62.674, -8.88619 ], [ -62.67359, -8.88813 ], [ -62.67566, -8.88848 ], [ -62.67717, -8.88822 ], [ -62.67733, -8.88677 ], [ -62.67809, -8.88602 ], [ -62.67998, -8.88708 ], [ -62.68176, -8.88564 ], [ -62.68253, -8.88161 ], [ -62.68201, -8.87834 ], [ -62.68277, -8.87659 ], [ -62.68196, -8.87639 ], [ -62.68016, -8.87777 ], [ -62.67931, -8.87743 ], [ -62.67854, -8.87421 ], [ -62.67929, -8.87225 ], [ -62.67897, -8.87033 ], [ -62.68208, -8.86763 ], [ -62.68329, -8.86803 ], [ -62.68453, -8.86743 ], [ -62.68496, -8.86481 ], [ -62.68581, -8.86452 ], [ -62.68653, -8.86554 ], [ -62.68736, -8.86474 ], [ -62.68581, -8.86283 ], [ -62.68592, -8.86123 ], [ -62.68507, -8.8602 ], [ -62.68776, -8.85604 ], [ -62.69347, -8.85676 ], [ -62.6968, -8.8557 ], [ -62.69935, -8.85567 ], [ -62.70277, -8.85202 ], [ -62.7028, -8.84928 ], [ -62.70049, -8.84995 ], [ -62.6988, -8.84943 ], [ -62.69972, -8.84749 ], [ -62.69864, -8.84478 ], [ -62.70495, -8.8449 ], [ -62.70803, -8.8536 ], [ -62.71074, -8.85403 ], [ -62.7156, -8.85345 ], [ -62.71606, -8.85266 ], [ -62.71388, -8.84788 ], [ -62.71726, -8.84581 ], [ -62.71886, -8.8415 ], [ -62.72083, -8.83958 ], [ -62.72037, -8.83529 ], [ -62.72274, -8.83322 ], [ -62.72533, -8.82893 ], [ -62.72674, -8.82778 ], [ -62.72899, -8.82048 ], [ -62.73108, -8.81923 ], [ -62.73296, -8.81917 ], [ -62.73385, -8.81996 ], [ -62.73345, -8.82112 ], [ -62.72906, -8.82587 ], [ -62.73019, -8.82846 ], [ -62.73211, -8.82906 ], [ -62.73459, -8.82751 ], [ -62.73829, -8.82717 ], [ -62.73907, -8.82648 ], [ -62.73763, -8.82317 ], [ -62.74033, -8.82037 ], [ -62.74142, -8.82003 ], [ -62.74373, -8.82235 ], [ -62.74464, -8.82183 ], [ -62.74695, -8.81787 ], [ -62.74547, -8.81628 ], [ -62.74564, -8.81547 ], [ -62.74682, -8.81499 ], [ -62.74804, -8.81555 ], [ -62.75069, -8.81534 ], [ -62.754, -8.81732 ], [ -62.7577, -8.81413 ], [ -62.75814, -8.81301 ], [ -62.75744, -8.81198 ], [ -62.75222, -8.80987 ], [ -62.75061, -8.80777 ], [ -62.74791, -8.80613 ], [ -62.75139, -8.80364 ], [ -62.75248, -8.80643 ], [ -62.7537, -8.80682 ], [ -62.75625, -8.80553 ], [ -62.75662, -8.80352 ], [ -62.75807, -8.80282 ], [ -62.76084, -8.80331 ], [ -62.76133, -8.80416 ], [ -62.76093, -8.80531 ], [ -62.76293, -8.8051 ], [ -62.76536, -8.80376 ], [ -62.76564, -8.80291 ], [ -62.76439, -8.79825 ] ] } },
{ "type": "Feature", "properties": { "name": "Rio Jacundá" }, "geometry": { "type": "LineString", "coordinates": [ [ -62.80791, -8.84009 ], [ -62.80517, -8.84028 ], [ -62.80391, -8.83949 ], [ -62.80394, -8.83528 ], [ -62.8013, -8.83362 ], [ -62.80119, -8.83145 ], [ -62.79998, -8.83093 ], [ -62.79679, -8.8315 ], [ -62.79, -8.82485 ], [ -62.79022, -8.82357 ], [ -62.79184, -8.82211 ], [ -62.79665, -8.82143 ], [ -62.80113, -8.81934 ], [ -62.80075, -8.81654 ], [ -62.80012, -8.8164 ], [ -62.7999, -8.81825 ], [ -62.79885, -8.81863 ], [ -62.79726, -8.81733 ], [ -62.79737, -8.81448 ], [ -62.79657, -8.81331 ], [ -62.79052, -8.81363 ], [ -62.79006, -8.81331 ], [ -62.78995, -8.80932 ], [ -62.78566, -8.80866 ], [ -62.78492, -8.80638 ], [ -62.78291, -8.80424 ], [ -62.78239, -8.80119 ], [ -62.78362, -8.80035 ], [ -62.78731, -8.80413 ], [ -62.79022, -8.80494 ], [ -62.78951, -8.8013 ], [ -62.79091, -8.79761 ], [ -62.79305, -8.79473 ], [ -62.79192, -8.79201 ], [ -62.78931, -8.79142 ], [ -62.78799, -8.79538 ], [ -62.78626, -8.79592 ], [ -62.7825, -8.79554 ], [ -62.7787, -8.79394 ], [ -62.77554, -8.79386 ], [ -62.77502, -8.79177 ], [ -62.77708, -8.79036 ], [ -62.77791, -8.78655 ], [ -62.77634, -8.78509 ], [ -62.77335, -8.78446 ], [ -62.77266, -8.78511 ], [ -62.77302, -8.78655 ], [ -62.77255, -8.7875 ], [ -62.76933, -8.7896 ], [ -62.7701, -8.79163 ], [ -62.76911, -8.79382 ], [ -62.7706, -8.79609 ], [ -62.7686, -8.797 ], [ -62.76772, -8.7959 ], [ -62.76687, -8.79588 ], [ -62.76631, -8.79844 ], [ -62.76439, -8.79825 ] ] } },
{ "type": "Feature", "properties": { "name": "Rio Jacundá" }, "geometry": { "type": "LineString", "coordinates": [ [ -62.87686, -8.93015 ], [ -62.87293, -8.93222 ], [ -62.87065, -8.93216 ], [ -62.86795, -8.92985 ], [ -62.86551, -8.93148 ], [ -62.86366, -8.93165 ], [ -62.863, -8.93072 ], [ -62.86325, -8.92793 ], [ -62.86737, -8.92741 ], [ -62.86781, -8.9266 ], [ -62.8635, -8.92489 ], [ -62.86325, -8.91973 ], [ -62.86267, -8.91889 ], [ -62.86136, -8.91981 ], [ -62.86147, -8.92402 ], [ -62.85968, -8.92831 ], [ -62.85863, -8.92866 ], [ -62.85633, -8.92782 ], [ -62.85635, -8.92622 ], [ -62.85932, -8.92418 ], [ -62.85811, -8.92165 ], [ -62.85883, -8.92011 ], [ -62.85696, -8.91913 ], [ -62.85539, -8.91913 ], [ -62.85385, -8.92242 ], [ -62.85292, -8.92244 ], [ -62.85154, -8.91818 ], [ -62.84819, -8.91698 ], [ -62.84833, -8.91633 ], [ -62.85185, -8.91519 ], [ -62.8483, -8.91288 ], [ -62.8483, -8.9087 ], [ -62.8458, -8.90957 ], [ -62.84396, -8.90916 ], [ -62.84093, -8.90735 ], [ -62.83951, -8.90452 ], [ -62.8359, -8.90596 ], [ -62.83258, -8.91158 ], [ -62.83068, -8.91288 ], [ -62.82936, -8.91259 ], [ -62.82873, -8.91128 ], [ -62.82997, -8.90927 ], [ -62.83288, -8.90884 ], [ -62.83346, -8.90786 ], [ -62.83332, -8.90398 ], [ -62.83096, -8.90213 ], [ -62.83316, -8.89583 ], [ -62.82769, -8.89238 ], [ -62.82571, -8.89469 ], [ -62.82312, -8.89483 ], [ -62.82159, -8.89415 ], [ -62.82112, -8.89179 ], [ -62.82293, -8.88543 ], [ -62.82082, -8.88489 ], [ -62.81969, -8.88361 ], [ -62.82186, -8.88141 ], [ -62.8215, -8.87992 ], [ -62.81183, -8.87481 ], [ -62.8121, -8.87321 ], [ -62.81318, -8.87194 ], [ -62.81348, -8.86748 ], [ -62.80853, -8.86675 ], [ -62.80743, -8.86056 ], [ -62.80806, -8.85942 ], [ -62.80859, -8.85955 ], [ -62.80938, -8.86124 ], [ -62.81444, -8.86436 ], [ -62.8162, -8.86151 ], [ -62.81139, -8.85757 ], [ -62.81147, -8.8558 ], [ -62.81296, -8.85358 ], [ -62.81194, -8.84872 ], [ -62.81208, -8.84522 ], [ -62.81033, -8.8428 ], [ -62.81153, -8.84187 ], [ -62.8115, -8.84119 ], [ -62.81087, -8.83983 ], [ -62.80791, -8.84009 ] ] } },
{ "type": "Feature", "properties": { "name": "Igarapé Verde" }, "geometry": { "type": "LineString", "coordinates": [ [ -62.99045, -9.00004 ], [ -62.99036, -8.99842 ], [ -62.98823, -8.99697 ], [ -62.98692, -8.99453 ], [ -62.98672, -8.99309 ], [ -62.98785, -8.99052 ], [ -62.98409, -8.98334 ], [ -62.97972, -8.98165 ], [ -62.97568, -8.98159 ], [ -62.97445, -8.98211 ], [ -62.97232, -8.98131 ], [ -62.97133, -8.98159 ], [ -62.97098, -8.98083 ], [ -62.96745, -8.98124 ], [ -62.96554, -8.98021 ], [ -62.96246, -8.97505 ], [ -62.959, -8.97432 ], [ -62.95649, -8.9716 ], [ -62.95422, -8.97111 ], [ -62.95253, -8.96966 ], [ -62.95088, -8.96971 ], [ -62.95159, -8.96458 ], [ -62.94755, -8.96035 ], [ -62.94401, -8.95975 ], [ -62.94414, -8.95807 ], [ -62.93964, -8.95033 ], [ -62.93461, -8.9493 ], [ -62.93425, -8.94623 ], [ -62.93293, -8.94533 ], [ -62.93359, -8.94449 ], [ -62.93293, -8.94335 ], [ -62.93365, -8.94265 ], [ -62.9329, -8.94023 ], [ -62.93376, -8.94004 ], [ -62.93403, -8.93806 ], [ -62.93255, -8.93613 ], [ -62.93348, -8.93442 ], [ -62.93274, -8.93336 ], [ -62.93142, -8.93358 ], [ -62.93065, -8.93138 ], [ -62.93142, -8.92964 ], [ -62.92955, -8.92543 ], [ -62.9312, -8.92187 ], [ -62.92958, -8.91965 ], [ -62.9268, -8.91981 ], [ -62.9243, -8.92244 ], [ -62.91628, -8.92369 ], [ -62.91597, -8.925 ], [ -62.91386, -8.92741 ], [ -62.91092, -8.92739 ], [ -62.91048, -8.92826 ], [ -62.90814, -8.92755 ], [ -62.90732, -8.92891 ], [ -62.90404, -8.92866 ], [ -62.90259, -8.93178 ], [ -62.89781, -8.93045 ], [ -62.89706, -8.92654 ], [ -62.89434, -8.92554 ], [ -62.89044, -8.9212 ], [ -62.88768, -8.92073 ], [ -62.88695, -8.92161 ], [ -62.88398, -8.92142 ], [ -62.88304, -8.92227 ], [ -62.88129, -8.92212 ], [ -62.88104, -8.9229 ], [ -62.8797, -8.92267 ], [ -62.87805, -8.92632 ], [ -62.87798, -8.92685 ], [ -62.87902, -8.92686 ], [ -62.87795, -8.92773 ], [ -62.87812, -8.92909 ], [ -62.87686, -8.93015 ] ] } },
{ "type": "Feature", "properties": { "name": "Rio Jaci Paraná" }, "geometry": { "type": "LineString", "coordinates": [ [ -64.20941, -10.1955 ], [ -64.2108, -10.19267 ], [ -64.21449, -10.19199 ], [ -64.21756, -10.1872 ], [ -64.21711, -10.18515 ], [ -64.21894, -10.18473 ], [ -64.22134, -10.18557 ], [ -64.22192, -10.18394 ], [ -64.22336, -10.18268 ], [ -64.22356, -10.18126 ], [ -64.22476, -10.18249 ], [ -64.2254, -10.18204 ], [ -64.22538, -10.18076 ], [ -64.22706, -10.182 ], [ -64.22963, -10.17757 ], [ -64.22918, -10.17706 ], [ -64.22712, -10.17746 ], [ -64.22607, -10.17693 ], [ -64.22598, -10.17619 ], [ -64.22766, -10.17575 ], [ -64.22697, -10.17376 ], [ -64.22929, -10.17433 ], [ -64.22907, -10.17262 ], [ -64.23064, -10.17385 ], [ -64.23085, -10.17319 ], [ -64.2298, -10.17123 ], [ -64.23154, -10.17129 ], [ -64.23225, -10.16962 ], [ -64.23412, -10.16851 ], [ -64.23538, -10.16656 ], [ -64.2342, -10.16189 ], [ -64.23184, -10.15923 ], [ -64.22912, -10.15754 ], [ -64.22931, -10.15575 ], [ -64.22783, -10.15387 ], [ -64.2295, -10.15247 ], [ -64.22744, -10.15057 ], [ -64.22856, -10.147 ], [ -64.23212, -10.14498 ], [ -64.23336, -10.13997 ], [ -64.23051, -10.13627 ], [ -64.23218, -10.13218 ], [ -64.23169, -10.13182 ], [ -64.23021, -10.13262 ], [ -64.2295, -10.13099 ], [ -64.23407, -10.12856 ], [ -64.23375, -10.12702 ], [ -64.23609, -10.1239 ], [ -64.23635, -10.12261 ], [ -64.23841, -10.12221 ], [ -64.23944, -10.12335 ], [ -64.24188, -10.12062 ], [ -64.24148, -10.11883 ], [ -64.24235, -10.11673 ], [ -64.2401, -10.11283 ], [ -64.24132, -10.11099 ], [ -64.24066, -10.1097 ], [ -64.24124, -10.10471 ], [ -64.24298, -10.10383 ], [ -64.24201, -10.10252 ], [ -64.24248, -10.09992 ], [ -64.2419, -10.09536 ], [ -64.23783, -10.09041 ], [ -64.23669, -10.08767 ], [ -64.23396, -10.08646 ], [ -64.23459, -10.08414 ], [ -64.23296, -10.08211 ], [ -64.23276, -10.08042 ], [ -64.23328, -10.07837 ], [ -64.23577, -10.07438 ], [ -64.23918, -10.0725 ], [ -64.24106, -10.07053 ], [ -64.24204, -10.06734 ], [ -64.24494, -10.06293 ], [ -64.24518, -10.06096 ], [ -64.24676, -10.06088 ], [ -64.24649, -10.05883 ], [ -64.2432, -10.05746 ], [ -64.24299, -10.0565 ], [ -64.24565, -10.05486 ], [ -64.24576, -10.05372 ], [ -64.24449, -10.05067 ], [ -64.24488, -10.04657 ], [ -64.24758, -10.04311 ], [ -64.24777, -10.04053 ], [ -64.24915, -10.03958 ], [ -64.25292, -10.03981 ], [ -64.25262, -10.03871 ], [ -64.2511, -10.03732 ], [ -64.2517, -10.03671 ], [ -64.25344, -10.03647 ], [ -64.25477, -10.03764 ], [ -64.25578, -10.03552 ], [ -64.25732, -10.03624 ], [ -64.25704, -10.03168 ], [ -64.25831, -10.02893 ], [ -64.25788, -10.02821 ], [ -64.25561, -10.0276 ], [ -64.25582, -10.02667 ], [ -64.25771, -10.02606 ], [ -64.2561, -10.02523 ], [ -64.25582, -10.02445 ], [ -64.25625, -10.02403 ], [ -64.25814, -10.02462 ], [ -64.25863, -10.02356 ], [ -64.25788, -10.02139 ], [ -64.25818, -10.01904 ], [ -64.25655, -10.01993 ], [ -64.25627, -10.01879 ], [ -64.26118, -10.01372 ], [ -64.26022, -10.01308 ], [ -64.25906, -10.0145 ], [ -64.25812, -10.0131 ], [ -64.25882, -10.0111 ], [ -64.26142, -10.01004 ], [ -64.26073, -10.0075 ], [ -64.26234, -10.00514 ], [ -64.26043, -10.00507 ], [ -64.26028, -10.00446 ], [ -64.26264, -10.00281 ], [ -64.26513, -10.00306 ], [ -64.26502, -10.00235 ], [ -64.26361, -10.00167 ], [ -64.26529, -10.00118 ], [ -64.26503, -10.00005 ] ] } },
{ "type": "Feature", "properties": { "name": "Jaci Paraná" }, "geometry": { "type": "LineString", "coordinates": [ [ -64.15294, -10.42448 ], [ -64.15308, -10.42343 ], [ -64.1536, -10.42334 ], [ -64.15452, -10.42507 ], [ -64.1549, -10.42307 ], [ -64.15593, -10.42298 ], [ -64.15561, -10.41969 ], [ -64.15445, -10.41722 ], [ -64.1551, -10.4118 ], [ -64.15664, -10.41064 ], [ -64.15551, -10.40935 ], [ -64.15926, -10.40834 ], [ -64.16072, -10.40722 ], [ -64.16074, -10.40908 ], [ -64.16229, -10.40878 ], [ -64.16256, -10.41098 ], [ -64.16396, -10.41085 ], [ -64.16424, -10.41163 ], [ -64.16701, -10.40785 ], [ -64.16767, -10.40764 ], [ -64.16838, -10.40874 ], [ -64.16902, -10.40874 ], [ -64.16853, -10.40526 ], [ -64.17012, -10.40464 ], [ -64.17059, -10.40654 ], [ -64.17145, -10.40418 ], [ -64.17241, -10.40498 ], [ -64.17265, -10.40376 ], [ -64.17379, -10.40378 ], [ -64.17392, -10.40325 ], [ -64.17265, -10.40232 ], [ -64.17377, -10.40097 ], [ -64.17467, -10.40101 ], [ -64.17688, -10.4035 ], [ -64.1793, -10.40222 ], [ -64.18014, -10.40367 ], [ -64.18192, -10.40336 ], [ -64.18254, -10.40066 ], [ -64.18357, -10.39941 ], [ -64.18323, -10.3984 ], [ -64.18497, -10.39779 ], [ -64.184, -10.39491 ], [ -64.18522, -10.39396 ], [ -64.18398, -10.39388 ], [ -64.18447, -10.39242 ], [ -64.18342, -10.39133 ], [ -64.18559, -10.39061 ], [ -64.18668, -10.38939 ], [ -64.18778, -10.38949 ], [ -64.18658, -10.3867 ], [ -64.18578, -10.38732 ], [ -64.1855, -10.38649 ], [ -64.18791, -10.3859 ], [ -64.18829, -10.38504 ], [ -64.1913, -10.38645 ], [ -64.19061, -10.38449 ], [ -64.1911, -10.38272 ], [ -64.19052, -10.38177 ], [ -64.19108, -10.38136 ], [ -64.19215, -10.38206 ], [ -64.19381, -10.3793 ], [ -64.19488, -10.3794 ], [ -64.19567, -10.37594 ], [ -64.19649, -10.37535 ], [ -64.19492, -10.37434 ], [ -64.19559, -10.37218 ], [ -64.19634, -10.37178 ], [ -64.19793, -10.37265 ], [ -64.19814, -10.37041 ], [ -64.19932, -10.36872 ], [ -64.20031, -10.36838 ], [ -64.20063, -10.36568 ], [ -64.20451, -10.36434 ], [ -64.20737, -10.36179 ], [ -64.20758, -10.36093 ], [ -64.20581, -10.36082 ], [ -64.2043, -10.35925 ], [ -64.2059, -10.35932 ], [ -64.20771, -10.35785 ], [ -64.20902, -10.35822 ], [ -64.21077, -10.35986 ], [ -64.21433, -10.3593 ], [ -64.21789, -10.3543 ], [ -64.22041, -10.35377 ], [ -64.22119, -10.35092 ], [ -64.22158, -10.35055 ], [ -64.22229, -10.35109 ], [ -64.22261, -10.34856 ], [ -64.22363, -10.34755 ], [ -64.22298, -10.34529 ], [ -64.22154, -10.34414 ], [ -64.22319, -10.3435 ], [ -64.22337, -10.34239 ], [ -64.21942, -10.3368 ], [ -64.22098, -10.33411 ], [ -64.21992, -10.33351 ], [ -64.21781, -10.33377 ], [ -64.21802, -10.33287 ], [ -64.21978, -10.33177 ], [ -64.22081, -10.32958 ], [ -64.22051, -10.32812 ], [ -64.22182, -10.32594 ], [ -64.22337, -10.32516 ], [ -64.22406, -10.32372 ], [ -64.22551, -10.32333 ], [ -64.22517, -10.3224 ], [ -64.22353, -10.32185 ], [ -64.22389, -10.31987 ], [ -64.22621, -10.31994 ], [ -64.22689, -10.3193 ], [ -64.2243, -10.31545 ], [ -64.22417, -10.31359 ], [ -64.22251, -10.31355 ], [ -64.22198, -10.3128 ], [ -64.22006, -10.31235 ], [ -64.22023, -10.3117 ], [ -64.222, -10.31119 ], [ -64.22283, -10.30899 ], [ -64.22156, -10.30796 ], [ -64.22081, -10.30608 ], [ -64.21888, -10.3057 ], [ -64.21736, -10.30426 ], [ -64.21266, -10.3055 ], [ -64.20964, -10.30481 ], [ -64.20946, -10.30305 ], [ -64.2076, -10.30303 ], [ -64.20892, -10.30139 ], [ -64.20676, -10.30178 ], [ -64.20596, -10.2992 ], [ -64.20354, -10.29949 ], [ -64.20405, -10.29848 ], [ -64.20571, -10.29765 ], [ -64.20435, -10.29611 ], [ -64.20312, -10.297 ], [ -64.2034, -10.29559 ], [ -64.20462, -10.2955 ], [ -64.20466, -10.29502 ], [ -64.20164, -10.29256 ], [ -64.19996, -10.29292 ], [ -64.20048, -10.29149 ], [ -64.20282, -10.28924 ], [ -64.20046, -10.28875 ], [ -64.19942, -10.2893 ], [ -64.19932, -10.28675 ], [ -64.19733, -10.28669 ], [ -64.19719, -10.28428 ], [ -64.19611, -10.28332 ], [ -64.19602, -10.28002 ], [ -64.1979, -10.27857 ], [ -64.19791, -10.27783 ], [ -64.19564, -10.27541 ], [ -64.19434, -10.27674 ], [ -64.19349, -10.27659 ], [ -64.19297, -10.27543 ], [ -64.19197, -10.27496 ], [ -64.19204, -10.27351 ], [ -64.18996, -10.27231 ], [ -64.19162, -10.26789 ], [ -64.19335, -10.25752 ], [ -64.19548, -10.2561 ], [ -64.19546, -10.25417 ], [ -64.19746, -10.25281 ], [ -64.19752, -10.24974 ], [ -64.19566, -10.24951 ], [ -64.19723, -10.2469 ], [ -64.19666, -10.24447 ], [ -64.19877, -10.24266 ], [ -64.20109, -10.23774 ], [ -64.20279, -10.23805 ], [ -64.20556, -10.23667 ], [ -64.20308, -10.23512 ], [ -64.20143, -10.23246 ], [ -64.20366, -10.22573 ], [ -64.20018, -10.22237 ], [ -64.2016, -10.21998 ], [ -64.20218, -10.21496 ], [ -64.2037, -10.21449 ], [ -64.20662, -10.21525 ], [ -64.20924, -10.21661 ], [ -64.21142, -10.21865 ], [ -64.2134, -10.21587 ], [ -64.21306, -10.21418 ], [ -64.21061, -10.21042 ], [ -64.21321, -10.20505 ], [ -64.21104, -10.20231 ], [ -64.21168, -10.19906 ], [ -64.2093, -10.19952 ], [ -64.20898, -10.19878 ], [ -64.20997, -10.19671 ], [ -64.21198, -10.19574 ], [ -64.21216, -10.19488 ], [ -64.21117, -10.19458 ], [ -64.20941, -10.1955 ] ] } },
{ "type": "Feature", "properties": { "name": "Jaci Paraná" }, "geometry": { "type": "LineString", "coordinates": [ [ -63.84103, -10.77985 ], [ -63.84221, -10.77888 ], [ -63.84622, -10.77928 ], [ -63.84806, -10.78054 ], [ -63.851, -10.78006 ], [ -63.85126, -10.7839 ], [ -63.85178, -10.78419 ], [ -63.85367, -10.78236 ], [ -63.85364, -10.78073 ], [ -63.8527, -10.77894 ], [ -63.855, -10.77658 ], [ -63.85562, -10.77249 ], [ -63.85845, -10.77074 ], [ -63.86021, -10.76826 ], [ -63.86251, -10.76756 ], [ -63.86362, -10.76794 ], [ -63.86328, -10.77209 ], [ -63.86424, -10.77327 ], [ -63.86731, -10.76941 ], [ -63.8698, -10.76925 ], [ -63.87218, -10.77085 ], [ -63.8716, -10.76741 ], [ -63.87422, -10.76878 ], [ -63.87781, -10.7691 ], [ -63.87841, -10.768 ], [ -63.87731, -10.76568 ], [ -63.8827, -10.76358 ], [ -63.88345, -10.76271 ], [ -63.88227, -10.76149 ], [ -63.8836, -10.7594 ], [ -63.88135, -10.75769 ], [ -63.88152, -10.75708 ], [ -63.88463, -10.75529 ], [ -63.8871, -10.7528 ], [ -63.89034, -10.75246 ], [ -63.89176, -10.75116 ], [ -63.89867, -10.75095 ], [ -63.89997, -10.74987 ], [ -63.90021, -10.74726 ], [ -63.89864, -10.74707 ], [ -63.89721, -10.74355 ], [ -63.9, -10.73971 ], [ -63.89753, -10.73872 ], [ -63.89731, -10.73714 ], [ -63.89961, -10.7353 ], [ -63.90085, -10.73277 ], [ -63.89927, -10.73069 ], [ -63.89693, -10.72957 ], [ -63.89669, -10.72849 ], [ -63.89813, -10.72308 ], [ -63.89916, -10.72261 ], [ -63.90113, -10.7193 ], [ -63.9013, -10.71711 ], [ -63.9001, -10.71631 ], [ -63.89993, -10.715 ], [ -63.90424, -10.71302 ], [ -63.90341, -10.71076 ], [ -63.90416, -10.70737 ], [ -63.9033, -10.70672 ], [ -63.90146, -10.70672 ], [ -63.90257, -10.70368 ], [ -63.90287, -10.69826 ], [ -63.90379, -10.69695 ], [ -63.90577, -10.69767 ], [ -63.90596, -10.69719 ], [ -63.906, -10.69451 ], [ -63.90472, -10.69269 ], [ -63.90504, -10.6917 ], [ -63.90982, -10.68793 ], [ -63.91285, -10.68822 ], [ -63.91339, -10.68768 ], [ -63.91377, -10.68348 ], [ -63.91598, -10.67785 ], [ -63.91918, -10.67405 ], [ -63.9224, -10.67458 ], [ -63.92182, -10.6722 ], [ -63.9224, -10.66956 ], [ -63.92521, -10.66904 ], [ -63.92579, -10.6667 ], [ -63.92849, -10.66745 ], [ -63.92984, -10.66625 ], [ -63.93203, -10.6613 ], [ -63.93326, -10.66035 ], [ -63.93364, -10.65775 ], [ -63.93032, -10.65539 ], [ -63.92991, -10.65274 ], [ -63.92733, -10.64833 ], [ -63.92727, -10.64535 ], [ -63.92776, -10.64517 ], [ -63.92982, -10.64723 ], [ -63.93044, -10.647 ], [ -63.93008, -10.6423 ], [ -63.92875, -10.6404 ], [ -63.93214, -10.63646 ], [ -63.93347, -10.63627 ], [ -63.93463, -10.6373 ], [ -63.93517, -10.63692 ], [ -63.93491, -10.6316 ], [ -63.94383, -10.63184 ], [ -63.94765, -10.63053 ], [ -63.94868, -10.6285 ], [ -63.94976, -10.62789 ], [ -63.95162, -10.62834 ], [ -63.95334, -10.62777 ], [ -63.95512, -10.62958 ], [ -63.95639, -10.62971 ], [ -63.95682, -10.62829 ], [ -63.95394, -10.62631 ], [ -63.95486, -10.62378 ], [ -63.95793, -10.62266 ], [ -63.96126, -10.62351 ], [ -63.96469, -10.62095 ], [ -63.96731, -10.62026 ], [ -63.97111, -10.62028 ], [ -63.9775, -10.6183 ], [ -63.97909, -10.61887 ], [ -63.97978, -10.6214 ], [ -63.97669, -10.62418 ], [ -63.98051, -10.62528 ], [ -63.98261, -10.62686 ], [ -63.98323, -10.63342 ], [ -63.98396, -10.63378 ], [ -63.98759, -10.63224 ], [ -63.98793, -10.63146 ], [ -63.98679, -10.62521 ], [ -63.98724, -10.62245 ], [ -63.9845, -10.62125 ], [ -63.99214, -10.61332 ], [ -63.99291, -10.61098 ], [ -63.99231, -10.61024 ], [ -63.98913, -10.61058 ], [ -63.98832, -10.60933 ], [ -63.98879, -10.60773 ], [ -63.99168, -10.60609 ], [ -64.00501, -10.60189 ], [ -64.00638, -10.59689 ], [ -64.00743, -10.59573 ], [ -64.0102, -10.59508 ], [ -64.01252, -10.59362 ], [ -64.01336, -10.59217 ], [ -64.01256, -10.59054 ], [ -64.01273, -10.58921 ], [ -64.017, -10.5867 ], [ -64.01831, -10.5848 ], [ -64.01808, -10.58341 ], [ -64.01535, -10.58137 ], [ -64.0161, -10.57668 ], [ -64.0149, -10.57441 ], [ -64.016, -10.56926 ], [ -64.01621, -10.56331 ], [ -64.01261, -10.5611 ], [ -64.01198, -10.55991 ], [ -64.00797, -10.55856 ], [ -64.00705, -10.55761 ], [ -64.00984, -10.55019 ], [ -64.01048, -10.54513 ], [ -64.00999, -10.54395 ], [ -64.00765, -10.54329 ], [ -64.0025, -10.5485 ], [ -64.00076, -10.5489 ], [ -63.99763, -10.54454 ], [ -63.99381, -10.54184 ], [ -63.98658, -10.53825 ], [ -63.98538, -10.53517 ], [ -63.98209, -10.53603 ], [ -63.98096, -10.53715 ], [ -63.98012, -10.53681 ], [ -63.97969, -10.53494 ], [ -63.98151, -10.53352 ], [ -63.98684, -10.53433 ], [ -63.98844, -10.53336 ], [ -63.98977, -10.53125 ], [ -63.98872, -10.52964 ], [ -63.98643, -10.53004 ], [ -63.98478, -10.52926 ], [ -63.98495, -10.52637 ], [ -63.98349, -10.52433 ], [ -63.9825, -10.52386 ], [ -63.98117, -10.52421 ], [ -63.97469, -10.5222 ], [ -63.97439, -10.52445 ], [ -63.97239, -10.52565 ], [ -63.96883, -10.52321 ], [ -63.96965, -10.52138 ], [ -63.97203, -10.51876 ], [ -63.97557, -10.51608 ], [ -63.97767, -10.51226 ], [ -63.98589, -10.51235 ], [ -63.99087, -10.50897 ], [ -63.99138, -10.50499 ], [ -63.99346, -10.49857 ], [ -63.99932, -10.49703 ], [ -64.00136, -10.49446 ], [ -64.00437, -10.49498 ], [ -64.0055, -10.49355 ], [ -64.0069, -10.49294 ], [ -64.0072, -10.49224 ], [ -64.00655, -10.49121 ], [ -64.00921, -10.4892 ], [ -64.00836, -10.48733 ], [ -64.00975, -10.4861 ], [ -64.00924, -10.48511 ], [ -64.00979, -10.48355 ], [ -64.00894, -10.48258 ], [ -64.00928, -10.48144 ], [ -64.0084, -10.4806 ], [ -64.00932, -10.47939 ], [ -64.00887, -10.47779 ], [ -64.00977, -10.4769 ], [ -64.00846, -10.47553 ], [ -64.00898, -10.47431 ], [ -64.01166, -10.47266 ], [ -64.01338, -10.47249 ], [ -64.01396, -10.46981 ], [ -64.01634, -10.47042 ], [ -64.01872, -10.46967 ], [ -64.01947, -10.4703 ], [ -64.01992, -10.46825 ], [ -64.02119, -10.46878 ], [ -64.02179, -10.46992 ], [ -64.0226, -10.46812 ], [ -64.02657, -10.46393 ], [ -64.03713, -10.46846 ], [ -64.03887, -10.46576 ], [ -64.03913, -10.46789 ], [ -64.04063, -10.46775 ], [ -64.04013, -10.46848 ], [ -64.04089, -10.46939 ], [ -64.04505, -10.46812 ], [ -64.04704, -10.4708 ], [ -64.04816, -10.46874 ], [ -64.04655, -10.46912 ], [ -64.04687, -10.46787 ], [ -64.05228, -10.46907 ], [ -64.05273, -10.46684 ], [ -64.05342, -10.46656 ], [ -64.05398, -10.4692 ], [ -64.05556, -10.46637 ], [ -64.05689, -10.4657 ], [ -64.06013, -10.46914 ], [ -64.0626, -10.4731 ], [ -64.06546, -10.47066 ], [ -64.07599, -10.46692 ], [ -64.07621, -10.4638 ], [ -64.07897, -10.4653 ], [ -64.07891, -10.46353 ], [ -64.07953, -10.46247 ], [ -64.0844, -10.4661 ], [ -64.08734, -10.46612 ], [ -64.08837, -10.46502 ], [ -64.08522, -10.46397 ], [ -64.08477, -10.46213 ], [ -64.08578, -10.4619 ], [ -64.08683, -10.46336 ], [ -64.08857, -10.46194 ], [ -64.09294, -10.46228 ], [ -64.0935, -10.46118 ], [ -64.0932, -10.45768 ], [ -64.09382, -10.45667 ], [ -64.09678, -10.45527 ], [ -64.09994, -10.44761 ], [ -64.10382, -10.44677 ], [ -64.10694, -10.44926 ], [ -64.10946, -10.44965 ], [ -64.10983, -10.44468 ], [ -64.1112, -10.44272 ], [ -64.11511, -10.44378 ], [ -64.1181, -10.44344 ], [ -64.12282, -10.43661 ], [ -64.12543, -10.43582 ], [ -64.12674, -10.4362 ], [ -64.12688, -10.43714 ], [ -64.1257, -10.43883 ], [ -64.12447, -10.43931 ], [ -64.12366, -10.44252 ], [ -64.12605, -10.4434 ], [ -64.12891, -10.44588 ], [ -64.13072, -10.44364 ], [ -64.13247, -10.44271 ], [ -64.13288, -10.44065 ], [ -64.13377, -10.43967 ], [ -64.13586, -10.43944 ], [ -64.13767, -10.44052 ], [ -64.13939, -10.43996 ], [ -64.13952, -10.43884 ], [ -64.13633, -10.43606 ], [ -64.13548, -10.43366 ], [ -64.13793, -10.43397 ], [ -64.13996, -10.4329 ], [ -64.14145, -10.43367 ], [ -64.1441, -10.43184 ], [ -64.14616, -10.43216 ], [ -64.1456, -10.42912 ], [ -64.14613, -10.42719 ], [ -64.1443, -10.42611 ], [ -64.14478, -10.42558 ], [ -64.14727, -10.42564 ], [ -64.14636, -10.42391 ], [ -64.14657, -10.42291 ], [ -64.14868, -10.42311 ], [ -64.14958, -10.42189 ], [ -64.15038, -10.42288 ], [ -64.15199, -10.42295 ], [ -64.15192, -10.42483 ], [ -64.15294, -10.42448 ] ] } },
{ "type": "Feature", "properties": { "name": "Rio Branco" }, "geometry": { "type": "LineString", "coordinates": [ [ -64.00742, -9.70675 ], [ -64.00511, -9.70532 ], [ -64.00493, -9.70358 ], [ -64.00807, -9.69928 ], [ -64.00813, -9.69666 ], [ -64.00674, -9.69511 ], [ -64.00549, -9.69152 ], [ -64.00195, -9.68957 ], [ -64.00088, -9.68754 ], [ -64.00217, -9.68659 ], [ -64.00474, -9.6809 ], [ -64.00459, -9.67997 ], [ -64.00386, -9.67993 ], [ -64.0039, -9.67862 ], [ -64.00517, -9.67703 ], [ -64.0042, -9.67582 ], [ -64.00852, -9.67197 ], [ -64.01322, -9.67087 ], [ -64.0148, -9.6717 ], [ -64.01538, -9.67009 ], [ -64.01592, -9.67166 ], [ -64.01746, -9.67162 ], [ -64.01819, -9.67299 ], [ -64.02103, -9.67464 ], [ -64.02038, -9.66861 ], [ -64.02208, -9.66571 ], [ -64.02068, -9.66483 ], [ -64.02017, -9.66159 ], [ -64.02294, -9.65922 ], [ -64.02287, -9.65848 ], [ -64.02199, -9.65801 ], [ -64.02315, -9.65772 ], [ -64.02362, -9.65679 ], [ -64.02216, -9.65372 ], [ -64.01991, -9.65167 ], [ -64.02075, -9.64807 ], [ -64.02362, -9.64659 ], [ -64.02425, -9.64232 ], [ -64.02609, -9.64242 ], [ -64.02635, -9.64088 ], [ -64.02744, -9.64192 ], [ -64.02937, -9.64065 ], [ -64.02929, -9.63743 ], [ -64.03109, -9.63665 ], [ -64.03279, -9.63798 ], [ -64.03474, -9.63578 ], [ -64.0365, -9.63555 ], [ -64.03729, -9.63622 ], [ -64.03678, -9.63798 ], [ -64.03907, -9.63745 ], [ -64.03944, -9.63677 ], [ -64.03832, -9.63529 ], [ -64.04015, -9.63593 ], [ -64.03997, -9.63151 ], [ -64.0415, -9.62838 ], [ -64.04278, -9.62717 ], [ -64.04461, -9.627 ], [ -64.04684, -9.62888 ], [ -64.05227, -9.63072 ], [ -64.05351, -9.63032 ], [ -64.05375, -9.62802 ], [ -64.06036, -9.62717 ], [ -64.05714, -9.61949 ], [ -64.05748, -9.61816 ], [ -64.05978, -9.61615 ], [ -64.06768, -9.61752 ], [ -64.06959, -9.61107 ], [ -64.07504, -9.6105 ], [ -64.0766, -9.60612 ] ] } },
{ "type": "Feature", "properties": { "name": "Rio Branco" }, "geometry": { "type": "LineString", "coordinates": [ [ -64.0766, -9.60612 ], [ -64.07864, -9.60062 ], [ -64.07826, -9.59898 ], [ -64.0793, -9.59814 ], [ -64.07926, -9.59713 ], [ -64.07986, -9.59695 ], [ -64.08213, -9.59924 ], [ -64.08179, -9.5967 ], [ -64.08364, -9.59495 ], [ -64.08266, -9.59412 ], [ -64.08409, -9.59097 ], [ -64.08585, -9.58956 ], [ -64.08817, -9.59104 ], [ -64.0961, -9.593 ], [ -64.09838, -9.59188 ], [ -64.09632, -9.58937 ], [ -64.09645, -9.58841 ], [ -64.10451, -9.58882 ], [ -64.10749, -9.58778 ], [ -64.11197, -9.59114 ], [ -64.11431, -9.59083 ], [ -64.11603, -9.5929 ], [ -64.11678, -9.5925 ], [ -64.11697, -9.59093 ], [ -64.11989, -9.59228 ], [ -64.12304, -9.59901 ], [ -64.12418, -9.59863 ], [ -64.12733, -9.59474 ], [ -64.12918, -9.59482 ], [ -64.13154, -9.59605 ], [ -64.1322, -9.59533 ], [ -64.13109, -9.59396 ], [ -64.131, -9.59222 ], [ -64.13329, -9.58776 ], [ -64.13254, -9.58558 ], [ -64.1346, -9.58571 ], [ -64.13677, -9.58352 ], [ -64.14227, -9.58373 ], [ -64.14414, -9.57423 ], [ -64.14506, -9.57435 ], [ -64.15119, -9.57932 ], [ -64.15288, -9.57935 ], [ -64.15413, -9.57461 ], [ -64.15122, -9.57031 ], [ -64.15116, -9.56783 ], [ -64.15134, -9.56692 ], [ -64.15386, -9.56476 ], [ -64.15537, -9.56251 ], [ -64.16049, -9.56166 ], [ -64.16821, -9.562 ], [ -64.16889, -9.56125 ], [ -64.1686, -9.55897 ] ] } },
{ "type": "Feature", "properties": { "name": "Rio Branco" }, "geometry": { "type": "LineString", "coordinates": [ [ -64.1686, -9.55897 ], [ -64.16898, -9.55652 ], [ -64.16849, -9.5549 ], [ -64.16876, -9.55446 ], [ -64.17013, -9.55472 ], [ -64.17093, -9.55286 ], [ -64.17496, -9.55389 ], [ -64.17699, -9.55793 ], [ -64.17933, -9.55706 ], [ -64.18203, -9.54923 ], [ -64.18202, -9.54757 ], [ -64.18315, -9.54842 ], [ -64.18366, -9.54747 ], [ -64.18298, -9.54624 ], [ -64.18455, -9.54517 ], [ -64.18616, -9.54508 ], [ -64.18731, -9.54603 ], [ -64.1902, -9.54654 ], [ -64.19105, -9.54782 ], [ -64.19256, -9.54844 ], [ -64.19299, -9.54693 ], [ -64.19442, -9.5476 ], [ -64.19457, -9.54602 ], [ -64.19582, -9.54655 ], [ -64.19622, -9.54414 ], [ -64.1974, -9.54454 ], [ -64.19784, -9.54061 ], [ -64.19994, -9.54124 ], [ -64.20153, -9.53919 ], [ -64.20673, -9.53956 ], [ -64.20705, -9.54106 ], [ -64.20621, -9.54397 ], [ -64.20673, -9.54466 ], [ -64.20719, -9.54434 ], [ -64.20877, -9.53982 ], [ -64.21062, -9.53826 ], [ -64.20984, -9.5369 ], [ -64.20835, -9.5366 ], [ -64.20487, -9.53816 ], [ -64.20475, -9.53508 ], [ -64.20599, -9.53113 ], [ -64.20309, -9.52949 ], [ -64.20461, -9.52677 ], [ -64.20567, -9.52685 ], [ -64.20857, -9.53226 ], [ -64.20911, -9.53263 ], [ -64.21132, -9.53159 ], [ -64.2122, -9.53042 ], [ -64.2118, -9.52629 ], [ -64.21352, -9.52935 ], [ -64.21474, -9.52918 ], [ -64.21592, -9.52276 ], [ -64.21786, -9.52009 ], [ -64.21837, -9.52442 ], [ -64.22029, -9.52402 ], [ -64.22121, -9.52849 ], [ -64.22343, -9.52793 ], [ -64.22457, -9.5287 ], [ -64.22846, -9.52845 ], [ -64.2292, -9.52466 ], [ -64.22742, -9.51642 ], [ -64.23066, -9.51476 ], [ -64.23392, -9.51553 ], [ -64.2343, -9.51844 ] ] } },
{ "type": "Feature", "properties": { "name": "Rio Branco" }, "geometry": { "type": "LineString", "coordinates": [ [ -64.2343, -9.51844 ], [ -64.23516, -9.5206 ], [ -64.23995, -9.5155 ], [ -64.24215, -9.51852 ], [ -64.24111, -9.51914 ], [ -64.23959, -9.51756 ], [ -64.24017, -9.51933 ], [ -64.24115, -9.51996 ], [ -64.24093, -9.52109 ], [ -64.24123, -9.52166 ], [ -64.24321, -9.52176 ], [ -64.24784, -9.51915 ], [ -64.24946, -9.51689 ], [ -64.2513, -9.52041 ], [ -64.25521, -9.51988 ], [ -64.25484, -9.52161 ], [ -64.25671, -9.52189 ], [ -64.25617, -9.52384 ], [ -64.2648, -9.52523 ], [ -64.26596, -9.52478 ], [ -64.26851, -9.52128 ], [ -64.26999, -9.52085 ], [ -64.26883, -9.51536 ], [ -64.26651, -9.51113 ], [ -64.26655, -9.51027 ], [ -64.26903, -9.50786 ], [ -64.26951, -9.5064 ], [ -64.26895, -9.50561 ], [ -64.26579, -9.50576 ], [ -64.26266, -9.50758 ], [ -64.26358, -9.5013 ], [ -64.26498, -9.49956 ], [ -64.26555, -9.4996 ], [ -64.26659, -9.50166 ], [ -64.27231, -9.50118 ], [ -64.27508, -9.49518 ], [ -64.27455, -9.49253 ], [ -64.27379, -9.49241 ], [ -64.27286, -9.49367 ], [ -64.27174, -9.49391 ], [ -64.26886, -9.49348 ], [ -64.26846, -9.4919 ], [ -64.27242, -9.49118 ], [ -64.27375, -9.49047 ], [ -64.27463, -9.48881 ], [ -64.27463, -9.48735 ], [ -64.27198, -9.48313 ], [ -64.26814, -9.48396 ], [ -64.26782, -9.48194 ], [ -64.26882, -9.48024 ], [ -64.26902, -9.47811 ], [ -64.2717, -9.47464 ], [ -64.27467, -9.47701 ], [ -64.27615, -9.47732 ], [ -64.27803, -9.47649 ], [ -64.27891, -9.47408 ], [ -64.28051, -9.47254 ], [ -64.28344, -9.47211 ], [ -64.28652, -9.47286 ], [ -64.28896, -9.4727 ], [ -64.28844, -9.47001 ], [ -64.2888, -9.46725 ], [ -64.286, -9.46377 ], [ -64.2862, -9.46239 ], [ -64.28872, -9.45884 ], [ -64.29104, -9.45927 ], [ -64.2902, -9.46401 ], [ -64.29068, -9.46555 ], [ -64.29209, -9.46662 ], [ -64.29792, -9.46742 ], [ -64.29984, -9.46608 ], [ -64.30437, -9.46597 ], [ -64.30482, -9.46508 ], [ -64.30358, -9.46474 ], [ -64.30301, -9.46351 ], [ -64.30334, -9.4604 ] ] } },
{ "type": "Feature", "properties": { "name": "Rio Branco" }, "geometry": { "type": "LineString", "coordinates": [ [ -64.30334, -9.4604 ], [ -64.30569, -9.46005 ], [ -64.30981, -9.45793 ], [ -64.31319, -9.4586 ], [ -64.31414, -9.46021 ], [ -64.31562, -9.46052 ], [ -64.31637, -9.45911 ], [ -64.3166, -9.45178 ], [ -64.3188, -9.4487 ], [ -64.31893, -9.44596 ] ] } },
{ "type": "Feature", "properties": { "name": "Rio Formoso" }, "geometry": { "type": "LineString", "coordinates": [ [ -64.5228, -10.27825 ], [ -64.51897, -10.2755 ], [ -64.51901, -10.27381 ], [ -64.52165, -10.27349 ], [ -64.52046, -10.26918 ], [ -64.51744, -10.26714 ], [ -64.51586, -10.26763 ], [ -64.51401, -10.26551 ], [ -64.51314, -10.26577 ], [ -64.5132, -10.2667 ], [ -64.51226, -10.2667 ], [ -64.51154, -10.26554 ], [ -64.51185, -10.26314 ], [ -64.51053, -10.26213 ], [ -64.51041, -10.25961 ], [ -64.50859, -10.25665 ], [ -64.5065, -10.25616 ], [ -64.50594, -10.25834 ], [ -64.50232, -10.25435 ], [ -64.49907, -10.25587 ], [ -64.49739, -10.25299 ], [ -64.49928, -10.25097 ], [ -64.49797, -10.24935 ], [ -64.49914, -10.24852 ], [ -64.49911, -10.24766 ], [ -64.49737, -10.24654 ], [ -64.49502, -10.24643 ], [ -64.49324, -10.24517 ], [ -64.49182, -10.24355 ], [ -64.49053, -10.2401 ], [ -64.48833, -10.23951 ], [ -64.48692, -10.23987 ], [ -64.48574, -10.23911 ], [ -64.48449, -10.24019 ], [ -64.48319, -10.23936 ], [ -64.48266, -10.23392 ], [ -64.48128, -10.23392 ], [ -64.47995, -10.22972 ], [ -64.4788, -10.22845 ], [ -64.47834, -10.22527 ], [ -64.47696, -10.22402 ], [ -64.4763, -10.22186 ], [ -64.47502, -10.22137 ], [ -64.4728, -10.22205 ], [ -64.47189, -10.2207 ], [ -64.47297, -10.21928 ], [ -64.47113, -10.2184 ], [ -64.47208, -10.21716 ], [ -64.47088, -10.21493 ], [ -64.46863, -10.21342 ], [ -64.46711, -10.21336 ], [ -64.46657, -10.21203 ], [ -64.46536, -10.21219 ], [ -64.4645, -10.2115 ], [ -64.46471, -10.20991 ], [ -64.46395, -10.21 ], [ -64.46391, -10.20912 ], [ -64.46575, -10.20743 ], [ -64.46463, -10.20753 ], [ -64.4646, -10.20687 ], [ -64.46566, -10.20616 ], [ -64.46398, -10.20621 ], [ -64.46352, -10.20567 ], [ -64.46373, -10.20317 ], [ -64.4629, -10.2024 ], [ -64.46342, -10.20099 ], [ -64.46443, -10.20053 ], [ -64.46378, -10.20029 ], [ -64.46337, -10.19872 ], [ -64.46133, -10.19694 ], [ -64.45872, -10.19621 ], [ -64.45552, -10.19405 ], [ -64.45022, -10.18844 ], [ -64.44872, -10.18593 ], [ -64.44983, -10.18294 ], [ -64.44849, -10.1816 ], [ -64.44913, -10.17942 ], [ -64.44825, -10.17804 ], [ -64.4494, -10.17512 ], [ -64.44808, -10.17291 ], [ -64.45, -10.17022 ], [ -64.44971, -10.1679 ], [ -64.44854, -10.16706 ], [ -64.44689, -10.16742 ], [ -64.44556, -10.16601 ], [ -64.44468, -10.16675 ], [ -64.44345, -10.16517 ], [ -64.44301, -10.16609 ], [ -64.44214, -10.16493 ], [ -64.4408, -10.16525 ], [ -64.44012, -10.16443 ], [ -64.43955, -10.16515 ], [ -64.43855, -10.165 ], [ -64.43847, -10.16379 ], [ -64.43933, -10.16292 ], [ -64.43891, -10.16196 ], [ -64.4398, -10.161 ], [ -64.43827, -10.16039 ], [ -64.43871, -10.15876 ], [ -64.4378, -10.1581 ], [ -64.43889, -10.15672 ], [ -64.43757, -10.156 ], [ -64.43836, -10.15501 ], [ -64.43743, -10.15357 ], [ -64.43622, -10.1528 ], [ -64.43523, -10.15343 ], [ -64.43233, -10.15203 ], [ -64.43494, -10.15199 ], [ -64.43391, -10.14928 ], [ -64.43278, -10.15015 ], [ -64.43168, -10.15014 ], [ -64.43041, -10.14756 ], [ -64.42791, -10.14744 ], [ -64.42626, -10.14664 ], [ -64.42483, -10.14429 ], [ -64.42437, -10.14132 ], [ -64.42249, -10.14018 ], [ -64.41943, -10.14215 ], [ -64.41779, -10.14116 ], [ -64.41464, -10.14105 ], [ -64.41363, -10.1398 ], [ -64.41338, -10.13787 ], [ -64.41247, -10.1376 ], [ -64.4121, -10.13569 ], [ -64.41107, -10.13572 ], [ -64.41218, -10.13212 ], [ -64.41151, -10.13159 ], [ -64.41176, -10.12709 ], [ -64.41079, -10.12625 ], [ -64.40927, -10.12606 ], [ -64.4086, -10.12475 ], [ -64.40884, -10.12365 ], [ -64.40814, -10.12289 ], [ -64.40905, -10.12141 ], [ -64.40845, -10.11979 ], [ -64.40942, -10.11834 ], [ -64.40686, -10.11433 ], [ -64.40589, -10.11149 ], [ -64.40224, -10.10761 ], [ -64.40291, -10.10566 ], [ -64.40717, -10.10158 ], [ -64.40649, -10.09974 ], [ -64.40439, -10.09902 ], [ -64.40279, -10.09736 ], [ -64.40255, -10.09532 ], [ -64.40161, -10.09413 ], [ -64.40225, -10.09191 ], [ -64.40155, -10.0868 ], [ -64.39731, -10.08596 ], [ -64.39533, -10.08365 ], [ -64.39406, -10.08061 ], [ -64.39176, -10.07754 ], [ -64.39173, -10.07374 ], [ -64.3903, -10.07309 ], [ -64.38965, -10.07035 ], [ -64.38439, -10.06664 ], [ -64.38156, -10.06622 ], [ -64.37967, -10.06779 ], [ -64.37754, -10.06795 ], [ -64.37422, -10.06558 ], [ -64.37351, -10.0632 ], [ -64.37735, -10.05978 ], [ -64.37708, -10.05653 ], [ -64.37884, -10.05381 ], [ -64.37948, -10.05054 ], [ -64.37514, -10.04558 ], [ -64.37503, -10.04224 ], [ -64.37657, -10.03943 ], [ -64.37499, -10.03443 ], [ -64.37306, -10.03228 ] ] } },
{ "type": "Feature", "properties": { "name": "Rio Formoso" }, "geometry": { "type": "LineString", "coordinates": [ [ -64.37306, -10.03228 ], [ -64.37239, -10.03079 ], [ -64.36494, -10.02786 ], [ -64.36479, -10.02651 ], [ -64.36345, -10.02618 ], [ -64.36444, -10.0252 ], [ -64.36374, -10.02418 ], [ -64.36418, -10.02338 ], [ -64.35966, -10.02227 ], [ -64.35954, -10.01934 ], [ -64.36002, -10.01895 ], [ -64.3588, -10.01798 ], [ -64.35953, -10.01737 ], [ -64.35722, -10.01621 ], [ -64.35607, -10.01466 ], [ -64.35328, -10.01348 ], [ -64.34632, -10.01331 ], [ -64.34389, -10.01147 ], [ -64.34374, -10.00991 ], [ -64.34226, -10.00767 ], [ -64.34177, -10.00472 ], [ -64.34107, -10.00479 ], [ -64.34161, -10.00309 ], [ -64.34101, -10.00193 ], [ -64.34244, -10.00218 ], [ -64.3419, -10.00108 ], [ -64.34236, -10.0003 ], [ -64.34118, -9.99995 ] ] } },
{ "type": "Feature", "properties": { "name": "Rio Formoso" }, "geometry": { "type": "LineString", "coordinates": [ [ -64.34118, -9.99995 ], [ -64.34247, -9.99863 ], [ -64.34246, -9.99726 ], [ -64.34335, -9.99588 ], [ -64.34143, -9.99457 ], [ -64.33986, -9.99148 ], [ -64.34481, -9.99022 ], [ -64.34657, -9.98776 ], [ -64.34653, -9.98609 ], [ -64.34442, -9.9854 ], [ -64.34375, -9.98337 ], [ -64.34419, -9.98311 ], [ -64.34623, -9.98444 ], [ -64.34715, -9.98339 ], [ -64.34725, -9.98198 ], [ -64.34598, -9.97992 ], [ -64.34635, -9.97905 ], [ -64.34533, -9.97874 ], [ -64.34527, -9.97596 ], [ -64.34335, -9.97588 ], [ -64.34497, -9.97444 ], [ -64.34542, -9.97308 ], [ -64.34462, -9.9713 ], [ -64.34675, -9.96949 ], [ -64.34641, -9.96743 ], [ -64.3439, -9.95963 ], [ -64.34276, -9.95903 ], [ -64.34124, -9.95618 ], [ -64.33546, -9.9556 ], [ -64.33463, -9.95473 ], [ -64.3356, -9.9536 ], [ -64.33406, -9.95344 ], [ -64.3336, -9.95276 ], [ -64.33441, -9.95142 ], [ -64.33386, -9.95059 ], [ -64.33443, -9.95023 ], [ -64.33234, -9.9473 ], [ -64.33287, -9.94607 ], [ -64.33247, -9.94545 ], [ -64.33313, -9.94532 ], [ -64.33287, -9.94397 ], [ -64.33367, -9.94281 ], [ -64.33437, -9.94305 ], [ -64.33411, -9.94201 ], [ -64.33493, -9.9417 ], [ -64.33338, -9.94033 ], [ -64.33268, -9.93871 ], [ -64.33162, -9.9384 ], [ -64.33232, -9.93749 ], [ -64.33115, -9.93648 ], [ -64.33244, -9.93398 ], [ -64.33115, -9.93205 ], [ -64.33115, -9.93095 ], [ -64.32899, -9.9302 ], [ -64.32843, -9.93165 ], [ -64.32758, -9.93061 ], [ -64.32704, -9.9315 ], [ -64.32671, -9.92934 ], [ -64.32564, -9.92886 ], [ -64.32521, -9.9272 ], [ -64.32353, -9.92549 ], [ -64.32399, -9.92231 ], [ -64.32248, -9.92023 ], [ -64.32341, -9.91742 ], [ -64.32207, -9.91471 ], [ -64.32364, -9.9144 ], [ -64.32426, -9.91352 ], [ -64.32336, -9.91299 ], [ -64.32399, -9.91211 ], [ -64.32311, -9.91032 ], [ -64.3226, -9.90943 ], [ -64.32145, -9.90942 ], [ -64.32177, -9.90842 ], [ -64.32035, -9.90648 ], [ -64.32125, -9.90588 ], [ -64.32102, -9.90476 ], [ -64.32211, -9.90414 ], [ -64.32069, -9.90401 ], [ -64.32061, -9.90294 ], [ -64.32124, -9.90234 ], [ -64.3227, -9.90241 ], [ -64.32215, -9.90173 ], [ -64.3224, -9.9007 ], [ -64.32117, -9.89887 ], [ -64.31849, -9.8964 ], [ -64.31972, -9.8954 ] ] } },
{ "type": "Feature", "properties": { "name": "Rio Jaci Paraná" }, "geometry": { "type": "LineString", "coordinates": [ [ -64.31311, -9.85152 ], [ -64.31175, -9.85004 ], [ -64.31038, -9.8499 ], [ -64.3085, -9.84856 ], [ -64.30458, -9.84823 ], [ -64.30136, -9.84655 ], [ -64.29983, -9.84367 ], [ -64.29801, -9.84296 ], [ -64.29764, -9.84218 ], [ -64.30078, -9.83981 ], [ -64.30238, -9.83655 ], [ -64.3048, -9.8359 ], [ -64.30358, -9.8343 ], [ -64.30362, -9.83182 ], [ -64.30144, -9.83226 ], [ -64.3012, -9.83145 ], [ -64.30275, -9.82839 ], [ -64.30402, -9.82747 ], [ -64.30426, -9.8258 ], [ -64.30826, -9.82343 ], [ -64.3092, -9.82191 ], [ -64.30985, -9.81526 ], [ -64.3115, -9.81294 ], [ -64.31095, -9.81149 ] ] } },
{ "type": "Feature", "properties": { "name": "Rio Jaci Paraná" }, "geometry": { "type": "LineString", "coordinates": [ [ -64.31972, -9.8954 ], [ -64.32188, -9.89482 ], [ -64.32403, -9.89547 ], [ -64.32443, -9.89486 ], [ -64.32331, -9.89262 ], [ -64.32509, -9.89215 ], [ -64.32482, -9.88964 ], [ -64.32694, -9.8857 ], [ -64.32743, -9.88326 ], [ -64.32304, -9.88251 ], [ -64.3227, -9.88195 ], [ -64.32371, -9.88016 ], [ -64.3234, -9.87883 ], [ -64.3224, -9.87791 ], [ -64.31968, -9.87759 ], [ -64.31956, -9.87644 ], [ -64.32045, -9.87597 ], [ -64.32124, -9.87361 ], [ -64.32281, -9.8722 ], [ -64.32249, -9.87049 ], [ -64.32337, -9.86878 ], [ -64.32276, -9.86786 ], [ -64.32051, -9.86804 ], [ -64.31905, -9.86627 ], [ -64.31648, -9.8659 ], [ -64.3173, -9.86322 ], [ -64.31681, -9.86179 ], [ -64.31873, -9.86191 ], [ -64.3188, -9.86102 ], [ -64.31735, -9.86054 ], [ -64.31578, -9.85812 ], [ -64.31455, -9.8575 ], [ -64.31357, -9.85354 ], [ -64.31385, -9.85256 ], [ -64.31311, -9.85152 ] ] } },
{ "type": "Feature", "properties": { "name": "Rio Candeiras" }, "geometry": { "type": "LineString", "coordinates": [ [ -63.64835, -10.58283 ], [ -63.64882, -10.58041 ], [ -63.64715, -10.57737 ], [ -63.64582, -10.57652 ] ] } },
{ "type": "Feature", "properties": { "name": "Rio Candeiras" }, "geometry": { "type": "LineString", "coordinates": [ [ -63.64833, -10.58294 ], [ -63.64835, -10.58283 ] ] } },
{ "type": "Feature", "properties": { "name": "Braço Direito" }, "geometry": { "type": "LineString", "coordinates": [ [ -63.34245, -9.48608 ], [ -63.34197, -9.48298 ], [ -63.33956, -9.47871 ], [ -63.33956, -9.47543 ], [ -63.33506, -9.47011 ], [ -63.33032, -9.46053 ], [ -63.32901, -9.44918 ], [ -63.32763, -9.44389 ], [ -63.32763, -9.44093 ], [ -63.32686, -9.43943 ] ] } },
{ "type": "Feature", "properties": { "name": "Braço Direito" }, "geometry": { "type": "LineString", "coordinates": [ [ -63.34247, -9.48619 ], [ -63.34245, -9.48608 ] ] } },
{ "type": "Feature", "properties": { "name": "Braço Direito" }, "geometry": { "type": "LineString", "coordinates": [ [ -63.32681, -9.43933 ], [ -63.32515, -9.4361 ], [ -63.32444, -9.43123 ] ] } },
{ "type": "Feature", "properties": { "name": "Braço Direito" }, "geometry": { "type": "LineString", "coordinates": [ [ -63.32686, -9.43943 ], [ -63.32681, -9.43933 ] ] } },
{ "type": "Feature", "properties": { "name": "Braço Direito" }, "geometry": { "type": "LineString", "coordinates": [ [ -63.32176, -9.73723 ], [ -63.32189, -9.73446 ], [ -63.32398, -9.72792 ], [ -63.32653, -9.72599 ], [ -63.32768, -9.72431 ], [ -63.32804, -9.72265 ], [ -63.32653, -9.7192 ], [ -63.32739, -9.71207 ], [ -63.32861, -9.71072 ], [ -63.32966, -9.70662 ], [ -63.3334, -9.7047 ], [ -63.33183, -9.70125 ], [ -63.33231, -9.69984 ], [ -63.33016, -9.69729 ], [ -63.32587, -9.69512 ], [ -63.32469, -9.69008 ] ] } },
{ "type": "Feature", "properties": { "name": "Braço Direito" }, "geometry": { "type": "LineString", "coordinates": [ [ -63.32469, -9.69008 ], [ -63.32474, -9.69 ] ] } },
{ "type": "Feature", "properties": { "name": "Braço Direito" }, "geometry": { "type": "LineString", "coordinates": [ [ -63.32501, -9.76535 ], [ -63.32343, -9.76291 ], [ -63.3224, -9.7557 ], [ -63.32295, -9.75383 ], [ -63.32262, -9.74465 ], [ -63.32313, -9.74311 ], [ -63.32252, -9.74066 ], [ -63.32132, -9.74029 ], [ -63.32175, -9.73734 ] ] } },
{ "type": "Feature", "properties": { "name": "Braço Direito" }, "geometry": { "type": "LineString", "coordinates": [ [ -63.32175, -9.73734 ], [ -63.32176, -9.73723 ] ] } },
{ "type": "Feature", "properties": { "name": "Riacho do Nove" }, "geometry": { "type": "LineString", "coordinates": [ [ -63.00893, -9.9106 ], [ -63.00964, -9.91042 ], [ -63.01016, -9.90886 ], [ -63.01189, -9.90851 ], [ -63.01317, -9.90673 ], [ -63.01501, -9.90705 ], [ -63.01611, -9.90556 ] ] } },
{ "type": "Feature", "properties": { "name": "Riacho do Nove" }, "geometry": { "type": "LineString", "coordinates": [ [ -63.00878, -9.91295 ], [ -63.00886, -9.91069 ] ] } },
{ "type": "Feature", "properties": { "name": "Braço Direito" }, "geometry": { "type": "LineString", "coordinates": [ [ -63.32474, -9.69 ], [ -63.32662, -9.68771 ], [ -63.32708, -9.68371 ], [ -63.32596, -9.67615 ], [ -63.32353, -9.67569 ], [ -63.31616, -9.67115 ], [ -63.3107, -9.66968 ], [ -63.30938, -9.66844 ] ] } },
{ "type": "Feature", "properties": { "name": "Braço Direito" }, "geometry": { "type": "LineString", "coordinates": [ [ -63.30938, -9.66844 ], [ -63.30927, -9.66835 ] ] } },
{ "type": "Feature", "properties": { "name": "Canaã" }, "geometry": { "type": "LineString", "coordinates": [ [ -63.03451, -10.20206 ], [ -63.03447, -10.20035 ], [ -63.0332, -10.19946 ], [ -63.03325, -10.19701 ], [ -63.03524, -10.19503 ], [ -63.03774, -10.19455 ], [ -63.03962, -10.19284 ], [ -63.04099, -10.19263 ], [ -63.04125, -10.1915 ], [ -63.04289, -10.19157 ], [ -63.04549, -10.19056 ], [ -63.04621, -10.18866 ], [ -63.0459, -10.1863 ], [ -63.04931, -10.18277 ], [ -63.04775, -10.18195 ], [ -63.04611, -10.17885 ], [ -63.04655, -10.17752 ], [ -63.04777, -10.17769 ], [ -63.0497, -10.17639 ], [ -63.05063, -10.17481 ], [ -63.05215, -10.17565 ], [ -63.05299, -10.17447 ], [ -63.05321, -10.17199 ], [ -63.05602, -10.16855 ], [ -63.05612, -10.16728 ], [ -63.05924, -10.16449 ], [ -63.059, -10.16389 ], [ -63.05958, -10.16341 ], [ -63.05792, -10.16143 ], [ -63.06035, -10.15891 ], [ -63.06213, -10.15489 ], [ -63.06297, -10.15487 ], [ -63.06278, -10.15369 ], [ -63.06338, -10.15326 ], [ -63.06369, -10.15371 ], [ -63.06405, -10.15215 ], [ -63.06343, -10.1502 ], [ -63.06526, -10.14775 ], [ -63.06336, -10.14621 ], [ -63.0626, -10.14367 ], [ -63.06231, -10.13674 ], [ -63.06149, -10.1357 ], [ -63.06318, -10.13537 ] ] } },
{ "type": "Feature", "properties": { "name": "Canaã" }, "geometry": { "type": "LineString", "coordinates": [ [ -63.03437, -10.20216 ], [ -63.03451, -10.20206 ] ] } },
{ "type": "Feature", "properties": { "name": "Rio São João" }, "geometry": { "type": "LineString", "coordinates": [ [ -62.75553, -9.93286 ], [ -62.75288, -9.91331 ], [ -62.75682, -9.91001 ], [ -62.76327, -9.91571 ], [ -62.77057, -9.91505 ], [ -62.77574, -9.91816 ], [ -62.77861, -9.91823 ], [ -62.78245, -9.92156 ], [ -62.78492, -9.92251 ], [ -62.79027, -9.91651 ], [ -62.79634, -9.915 ], [ -62.79798, -9.9153 ], [ -62.80034, -9.91433 ], [ -62.80508, -9.90954 ], [ -62.81378, -9.9051 ], [ -62.81779, -9.89849 ], [ -62.81862, -9.89194 ], [ -62.82017, -9.88762 ], [ -62.82197, -9.88464 ], [ -62.82497, -9.88164 ], [ -62.82481, -9.88083 ], [ -62.82615, -9.88066 ], [ -62.82622, -9.87965 ] ] } },
{ "type": "Feature", "properties": { "name": "Rio São João" }, "geometry": { "type": "LineString", "coordinates": [ [ -62.75555, -9.93297 ], [ -62.75553, -9.93286 ] ] } },
{ "type": "Feature", "properties": { "name": "Rio Belém" }, "geometry": { "type": "LineString", "coordinates": [ [ -62.24289, -9.42513 ], [ -62.23959, -9.42674 ], [ -62.23487, -9.42714 ], [ -62.23257, -9.42636 ], [ -62.22905, -9.42651 ], [ -62.22278, -9.4282 ], [ -62.22126, -9.42803 ] ] } },
{ "type": "Feature", "properties": { "name": "Rio Madalena" }, "geometry": { "type": "LineString", "coordinates": [ [ -62.97505, -9.83427 ], [ -62.9787, -9.83377 ], [ -62.98227, -9.83464 ], [ -62.98393, -9.83714 ], [ -62.99066, -9.8373 ], [ -62.99803, -9.84557 ], [ -63.00095, -9.84623 ], [ -63.00325, -9.84984 ], [ -63.0054, -9.85199 ], [ -63.00729, -9.85273 ], [ -63.00919, -9.85231 ], [ -63.01151, -9.85317 ], [ -63.01263, -9.85296 ], [ -63.0166, -9.85177 ], [ -63.018, -9.85051 ], [ -63.02016, -9.85109 ], [ -63.02463, -9.85063 ], [ -63.02553, -9.85004 ], [ -63.02978, -9.85037 ], [ -63.03406, -9.84683 ], [ -63.03507, -9.84721 ], [ -63.0353, -9.84836 ] ] } },
{ "type": "Feature", "properties": { "name": "Rio Madalena" }, "geometry": { "type": "LineString", "coordinates": [ [ -62.97496, -9.83428 ], [ -62.97505, -9.83427 ] ] } },
{ "type": "Feature", "properties": { "name": "Rio Madalena" }, "geometry": { "type": "LineString", "coordinates": [ [ -62.9286, -9.83984 ], [ -62.93147, -9.84038 ], [ -62.93257, -9.83961 ], [ -62.93337, -9.83768 ], [ -62.93695, -9.83523 ], [ -62.93987, -9.8343 ], [ -62.94289, -9.83572 ], [ -62.94451, -9.83549 ], [ -62.94771, -9.83213 ], [ -62.94991, -9.83208 ], [ -62.95144, -9.83357 ], [ -62.9519, -9.83693 ], [ -62.95792, -9.84458 ], [ -62.95943, -9.84558 ], [ -62.96168, -9.84447 ], [ -62.96299, -9.84059 ], [ -62.96838, -9.83824 ], [ -62.96971, -9.83838 ], [ -62.97114, -9.83703 ], [ -62.9718, -9.83712 ], [ -62.97335, -9.83468 ], [ -62.97496, -9.83428 ] ] } },
{ "type": "Feature", "properties": { "name": "Rio Madalena" }, "geometry": { "type": "LineString", "coordinates": [ [ -62.9285, -9.83976 ], [ -62.9286, -9.83984 ] ] } },
{ "type": "Feature", "properties": { "name": "Rio São João" }, "geometry": { "type": "LineString", "coordinates": [ [ -62.73134, -9.97803 ], [ -62.73304, -9.97671 ], [ -62.73397, -9.9745 ], [ -62.73478, -9.97402 ], [ -62.73785, -9.97422 ], [ -62.74026, -9.97335 ], [ -62.74165, -9.96289 ], [ -62.74459, -9.95351 ], [ -62.75583, -9.93504 ], [ -62.75555, -9.93297 ] ] } },
{ "type": "Feature", "properties": { "name": "Rio São João" }, "geometry": { "type": "LineString", "coordinates": [ [ -62.7313, -9.97812 ], [ -62.73134, -9.97803 ] ] } },
{ "type": "Feature", "properties": { "name": "Rio Pacaás Novos" }, "geometry": { "type": "LineString", "coordinates": [ [ -63.61049, -10.83445 ], [ -63.61482, -10.83662 ], [ -63.6227, -10.84264 ], [ -63.62397, -10.84282 ], [ -63.62474, -10.84381 ], [ -63.62731, -10.8441 ], [ -63.62758, -10.84521 ], [ -63.63394, -10.84949 ], [ -63.63685, -10.85701 ], [ -63.63619, -10.85833 ], [ -63.63683, -10.85932 ], [ -63.63602, -10.86243 ], [ -63.63714, -10.86379 ], [ -63.63769, -10.86721 ], [ -63.64024, -10.86923 ], [ -63.64068, -10.87086 ], [ -63.64213, -10.87213 ], [ -63.64307, -10.87218 ], [ -63.6453, -10.87484 ], [ -63.64946, -10.87665 ], [ -63.65255, -10.87712 ], [ -63.65303, -10.87823 ], [ -63.65109, -10.87916 ], [ -63.65153, -10.88064 ], [ -63.65068, -10.88222 ], [ -63.64876, -10.88335 ], [ -63.64974, -10.88438 ], [ -63.65178, -10.88445 ], [ -63.65217, -10.89023 ], [ -63.65302, -10.89084 ], [ -63.65278, -10.89248 ], [ -63.65416, -10.89582 ], [ -63.65309, -10.89662 ], [ -63.65167, -10.90489 ], [ -63.65189, -10.90684 ], [ -63.65327, -10.90828 ], [ -63.65203, -10.90931 ], [ -63.65062, -10.90926 ], [ -63.64911, -10.91074 ], [ -63.64951, -10.91435 ], [ -63.65277, -10.91515 ], [ -63.65162, -10.91627 ], [ -63.65179, -10.91709 ], [ -63.65594, -10.91921 ], [ -63.65778, -10.92089 ], [ -63.65635, -10.92197 ], [ -63.65596, -10.92383 ], [ -63.65425, -10.9246 ], [ -63.65362, -10.92574 ], [ -63.64922, -10.92713 ], [ -63.64666, -10.93024 ], [ -63.64405, -10.93044 ], [ -63.64274, -10.93183 ], [ -63.63859, -10.93174 ], [ -63.63833, -10.93374 ], [ -63.63189, -10.9337 ], [ -63.63159, -10.935 ], [ -63.62853, -10.93709 ], [ -63.62656, -10.94005 ], [ -63.62682, -10.94123 ], [ -63.62248, -10.94942 ], [ -63.62655, -10.9518 ], [ -63.63038, -10.95486 ], [ -63.632, -10.95753 ], [ -63.63352, -10.95819 ], [ -63.63547, -10.95788 ], [ -63.63646, -10.95896 ], [ -63.63959, -10.95926 ], [ -63.64042, -10.95998 ], [ -63.64258, -10.95986 ], [ -63.64664, -10.96122 ], [ -63.64811, -10.96292 ], [ -63.65024, -10.96146 ] ] } },
{ "type": "Feature", "properties": { "name": "Rio Pacaás Novos" }, "geometry": { "type": "LineString", "coordinates": [ [ -63.95711, -10.94801 ], [ -63.95753, -10.95138 ], [ -63.95815, -10.9515 ], [ -63.95892, -10.94959 ], [ -63.95989, -10.94933 ], [ -63.96426, -10.95216 ], [ -63.96551, -10.95566 ], [ -63.96495, -10.95875 ], [ -63.96614, -10.96038 ], [ -63.96969, -10.95948 ], [ -63.97084, -10.95771 ], [ -63.97389, -10.95634 ], [ -63.9745, -10.95406 ], [ -63.98047, -10.95276 ], [ -63.98193, -10.95081 ], [ -63.98362, -10.95074 ], [ -63.98537, -10.94875 ], [ -63.99014, -10.9488 ], [ -63.99113, -10.9503 ], [ -63.99106, -10.95364 ], [ -63.99311, -10.95872 ], [ -63.99495, -10.96111 ], [ -63.9976, -10.96243 ], [ -64.00168, -10.961 ], [ -64.0028, -10.96222 ], [ -64.00449, -10.96214 ], [ -64.00405, -10.96441 ], [ -64.00462, -10.97005 ], [ -64.00271, -10.97318 ], [ -64.0052, -10.97903 ], [ -64.00521, -10.98043 ], [ -64.00392, -10.98333 ], [ -64.00662, -10.9855 ], [ -64.00659, -10.9877 ], [ -64.00936, -10.98654 ], [ -64.00979, -10.98485 ], [ -64.01193, -10.9864 ], [ -64.01551, -10.98674 ], [ -64.01663, -10.98598 ], [ -64.01777, -10.98741 ], [ -64.01839, -10.9858 ], [ -64.02046, -10.98704 ], [ -64.02139, -10.98868 ], [ -64.02135, -10.99075 ], [ -64.02314, -10.9908 ], [ -64.02282, -10.99266 ], [ -64.02376, -10.99378 ], [ -64.02335, -10.99556 ], [ -64.02405, -10.99604 ], [ -64.02308, -10.99838 ], [ -64.02166, -10.99873 ], [ -64.02208, -10.99993 ], [ -64.02139, -11.00097 ], [ -64.02151, -11.00374 ], [ -64.02224, -11.00443 ], [ -64.02437, -11.00475 ], [ -64.02911, -11.00466 ], [ -64.02875, -11.00766 ], [ -64.02665, -11.01006 ], [ -64.02984, -11.01032 ], [ -64.03113, -11.01316 ], [ -64.03264, -11.01339 ], [ -64.0336, -11.01433 ], [ -64.03543, -11.01421 ], [ -64.03602, -11.01354 ], [ -64.03997, -11.01615 ], [ -64.04279, -11.01576 ], [ -64.04466, -11.01804 ], [ -64.04465, -11.02023 ], [ -64.04616, -11.01982 ], [ -64.04691, -11.02075 ], [ -64.04631, -11.0188 ], [ -64.04706, -11.01895 ], [ -64.04791, -11.02054 ], [ -64.04778, -11.02245 ], [ -64.04876, -11.02341 ], [ -64.04835, -11.02453 ], [ -64.0495, -11.02657 ], [ -64.05247, -11.02742 ], [ -64.05253, -11.02842 ], [ -64.05363, -11.02957 ], [ -64.056, -11.02951 ], [ -64.05607, -11.03047 ], [ -64.05477, -11.03057 ], [ -64.05478, -11.03198 ], [ -64.05594, -11.0324 ], [ -64.05537, -11.03371 ], [ -64.05653, -11.0345 ], [ -64.05869, -11.03812 ], [ -64.06016, -11.03905 ], [ -64.06052, -11.04228 ], [ -64.06215, -11.04261 ], [ -64.06137, -11.04363 ], [ -64.06143, -11.04519 ], [ -64.06362, -11.04681 ], [ -64.06475, -11.05039 ], [ -64.06606, -11.05079 ], [ -64.06576, -11.05317 ], [ -64.06731, -11.05256 ], [ -64.06974, -11.05609 ], [ -64.06797, -11.05884 ], [ -64.0691, -11.0642 ], [ -64.07062, -11.06257 ], [ -64.07125, -11.06411 ], [ -64.07306, -11.06389 ], [ -64.07243, -11.06473 ], [ -64.07083, -11.06492 ], [ -64.07198, -11.0656 ], [ -64.07148, -11.06681 ], [ -64.07235, -11.06728 ], [ -64.07235, -11.06795 ], [ -64.07343, -11.06689 ], [ -64.07376, -11.06886 ], [ -64.07431, -11.0688 ], [ -64.0745, -11.06756 ], [ -64.07519, -11.06856 ], [ -64.07582, -11.06768 ], [ -64.07701, -11.06821 ], [ -64.07652, -11.06907 ], [ -64.07731, -11.06976 ], [ -64.07659, -11.07011 ], [ -64.07811, -11.07139 ], [ -64.07711, -11.07176 ], [ -64.07782, -11.07242 ], [ -64.07759, -11.0735 ], [ -64.07846, -11.07548 ], [ -64.07757, -11.07587 ], [ -64.0777, -11.077 ], [ -64.0765, -11.07835 ], [ -64.07821, -11.0814 ], [ -64.07963, -11.08159 ], [ -64.0788, -11.08289 ], [ -64.08018, -11.08364 ], [ -64.08039, -11.08428 ], [ -64.07956, -11.0844 ], [ -64.0814, -11.08586 ], [ -64.08125, -11.08699 ], [ -64.0831, -11.08891 ], [ -64.08458, -11.08861 ], [ -64.08601, -11.08952 ], [ -64.08591, -11.09149 ], [ -64.08677, -11.09158 ], [ -64.08632, -11.09362 ], [ -64.08786, -11.0943 ], [ -64.08837, -11.09391 ], [ -64.08804, -11.09545 ], [ -64.08941, -11.09477 ], [ -64.08902, -11.09653 ], [ -64.09093, -11.09768 ], [ -64.0909, -11.09885 ], [ -64.09338, -11.09973 ], [ -64.09784, -11.09956 ], [ -64.09752, -11.09799 ], [ -64.09935, -11.09796 ], [ -64.10097, -11.09836 ], [ -64.10269, -11.10022 ], [ -64.10374, -11.10318 ], [ -64.10151, -11.10542 ], [ -64.10155, -11.10747 ], [ -64.10287, -11.10819 ], [ -64.10197, -11.10911 ], [ -64.10069, -11.10766 ], [ -64.10107, -11.10989 ], [ -64.1047, -11.1132 ], [ -64.10475, -11.1149 ], [ -64.1059, -11.1147 ], [ -64.10723, -11.11549 ], [ -64.10759, -11.11748 ], [ -64.10834, -11.1175 ], [ -64.10935, -11.11587 ], [ -64.11089, -11.11534 ], [ -64.1111, -11.11699 ], [ -64.11239, -11.11794 ], [ -64.11169, -11.11867 ], [ -64.10995, -11.11871 ], [ -64.11173, -11.11948 ], [ -64.11146, -11.12068 ], [ -64.11386, -11.12159 ], [ -64.11591, -11.11963 ], [ -64.11765, -11.11956 ], [ -64.11766, -11.11821 ], [ -64.11865, -11.1183 ] ] } },
{ "type": "Feature", "properties": { "name": "Rio Pacaás Novos" }, "geometry": { "type": "LineString", "coordinates": [ [ -64.39829, -11.23708 ], [ -64.39874, -11.23523 ], [ -64.39989, -11.23524 ], [ -64.40169, -11.24003 ], [ -64.40127, -11.24052 ], [ -64.39985, -11.23973 ], [ -64.39941, -11.24028 ], [ -64.40158, -11.24195 ], [ -64.4021, -11.24325 ], [ -64.40492, -11.24352 ], [ -64.40699, -11.24455 ], [ -64.40964, -11.24436 ], [ -64.40949, -11.24797 ], [ -64.41049, -11.24876 ], [ -64.4155, -11.24803 ], [ -64.4178, -11.24941 ], [ -64.41984, -11.24952 ], [ -64.42184, -11.24828 ], [ -64.4221, -11.2453 ], [ -64.43131, -11.24507 ], [ -64.43352, -11.24356 ], [ -64.43513, -11.24566 ], [ -64.43575, -11.2454 ], [ -64.43571, -11.24384 ], [ -64.4369, -11.24361 ], [ -64.43771, -11.24638 ], [ -64.43819, -11.24568 ], [ -64.43808, -11.24284 ], [ -64.43972, -11.2415 ], [ -64.44537, -11.24299 ], [ -64.44673, -11.24405 ], [ -64.44715, -11.24289 ], [ -64.44821, -11.2448 ], [ -64.45086, -11.24726 ], [ -64.45113, -11.24858 ], [ -64.4517, -11.24826 ], [ -64.45151, -11.24585 ], [ -64.45427, -11.24695 ], [ -64.4549, -11.24827 ], [ -64.45599, -11.24809 ], [ -64.45587, -11.24988 ], [ -64.45432, -11.24908 ], [ -64.45382, -11.24942 ], [ -64.45369, -11.25253 ], [ -64.45524, -11.25445 ], [ -64.45718, -11.25523 ], [ -64.45862, -11.25469 ], [ -64.4589, -11.25545 ], [ -64.4575, -11.25577 ], [ -64.45761, -11.25663 ], [ -64.46064, -11.25803 ], [ -64.46192, -11.25745 ], [ -64.46587, -11.25346 ], [ -64.47432, -11.25092 ], [ -64.47533, -11.25136 ], [ -64.4734, -11.25396 ], [ -64.47467, -11.25478 ], [ -64.47407, -11.25625 ], [ -64.48017, -11.25464 ], [ -64.48087, -11.25497 ], [ -64.48058, -11.25638 ], [ -64.48233, -11.25695 ], [ -64.48325, -11.25521 ], [ -64.48648, -11.25568 ], [ -64.48632, -11.25686 ], [ -64.48769, -11.25648 ], [ -64.48858, -11.25534 ], [ -64.4878, -11.25146 ], [ -64.49001, -11.24843 ], [ -64.49405, -11.24972 ], [ -64.49316, -11.24818 ], [ -64.49362, -11.24657 ], [ -64.4929, -11.24613 ], [ -64.49422, -11.24514 ], [ -64.49248, -11.2426 ], [ -64.49419, -11.24155 ], [ -64.50048, -11.24368 ], [ -64.50377, -11.24266 ], [ -64.50383, -11.24423 ], [ -64.50163, -11.24478 ], [ -64.50219, -11.24611 ], [ -64.50412, -11.24652 ], [ -64.50684, -11.24581 ], [ -64.50826, -11.24877 ], [ -64.50904, -11.2491 ], [ -64.5097, -11.24716 ], [ -64.50818, -11.24579 ], [ -64.50909, -11.243 ], [ -64.50855, -11.24055 ], [ -64.51135, -11.23929 ], [ -64.51302, -11.23931 ], [ -64.51458, -11.24144 ], [ -64.51846, -11.24271 ], [ -64.51802, -11.23939 ], [ -64.51909, -11.23897 ], [ -64.52714, -11.24412 ], [ -64.52824, -11.24376 ], [ -64.52845, -11.24195 ], [ -64.53064, -11.24178 ], [ -64.53225, -11.24061 ], [ -64.53359, -11.24107 ], [ -64.53388, -11.24219 ], [ -64.53516, -11.24134 ], [ -64.53984, -11.24491 ], [ -64.54016, -11.246 ], [ -64.5393, -11.24748 ], [ -64.53956, -11.24831 ], [ -64.54293, -11.24742 ], [ -64.54351, -11.24983 ], [ -64.5447, -11.25041 ], [ -64.54407, -11.25146 ] ] } },
{ "type": "Feature", "properties": { "name": "Rio Pacaás Novos" }, "geometry": { "type": "LineString", "coordinates": [ [ -64.54407, -11.25146 ], [ -64.5436, -11.2522 ], [ -64.54412, -11.25245 ], [ -64.54835, -11.25226 ], [ -64.55107, -11.25304 ], [ -64.55169, -11.25058 ], [ -64.55452, -11.2522 ], [ -64.55792, -11.25065 ], [ -64.55743, -11.2523 ], [ -64.55802, -11.25261 ], [ -64.56118, -11.2507 ], [ -64.56132, -11.25123 ], [ -64.55994, -11.25232 ], [ -64.56127, -11.25294 ], [ -64.56221, -11.25252 ], [ -64.56272, -11.25056 ], [ -64.56355, -11.25176 ], [ -64.56459, -11.25117 ], [ -64.56531, -11.25191 ], [ -64.56627, -11.25025 ], [ -64.57005, -11.25117 ], [ -64.57088, -11.25314 ], [ -64.57306, -11.25268 ], [ -64.57298, -11.25535 ], [ -64.57756, -11.25592 ], [ -64.57846, -11.25531 ], [ -64.57921, -11.25146 ], [ -64.58003, -11.25056 ], [ -64.58278, -11.2524 ], [ -64.58298, -11.25344 ], [ -64.58433, -11.2533 ], [ -64.58477, -11.25519 ], [ -64.58812, -11.25406 ], [ -64.58728, -11.25523 ], [ -64.58753, -11.25614 ], [ -64.5898, -11.25662 ], [ -64.59084, -11.25754 ], [ -64.59286, -11.25627 ], [ -64.5929, -11.25801 ], [ -64.59454, -11.257 ], [ -64.59467, -11.2579 ], [ -64.59581, -11.25829 ], [ -64.59692, -11.25576 ], [ -64.59858, -11.25488 ], [ -64.59913, -11.25643 ], [ -64.59936, -11.25482 ], [ -64.60081, -11.25445 ], [ -64.60066, -11.25541 ], [ -64.60128, -11.25592 ], [ -64.6033, -11.2555 ], [ -64.6032, -11.25661 ], [ -64.60511, -11.25488 ], [ -64.60491, -11.25716 ], [ -64.60775, -11.25747 ], [ -64.60695, -11.25605 ], [ -64.60876, -11.25711 ], [ -64.60865, -11.25541 ], [ -64.61116, -11.25491 ], [ -64.61113, -11.25602 ], [ -64.61229, -11.25602 ], [ -64.61462, -11.2542 ], [ -64.61522, -11.25447 ], [ -64.62095, -11.25142 ], [ -64.62563, -11.2446 ], [ -64.62567, -11.23923 ], [ -64.64011, -11.23818 ], [ -64.64801, -11.24043 ], [ -64.6546, -11.23656 ], [ -64.66101, -11.23424 ], [ -64.67359, -11.24049 ], [ -64.68942, -11.24498 ], [ -64.70154, -11.25335 ], [ -64.71538, -11.25097 ], [ -64.72307, -11.25443 ], [ -64.72654, -11.24594 ], [ -64.73815, -11.23788 ], [ -64.75233, -11.23732 ], [ -64.78287, -11.22183 ], [ -64.79815, -11.21151 ], [ -64.80785, -11.21572 ], [ -64.81282, -11.20707 ], [ -64.82495, -11.20663 ], [ -64.8345, -11.19497 ] ] } },
{ "type": "Feature", "properties": { "name": "Rio Pacaás Novos" }, "geometry": { "type": "LineString", "coordinates": [ [ -64.11865, -11.1183 ], [ -64.11935, -11.11845 ], [ -64.12011, -11.1204 ], [ -64.1253, -11.12049 ], [ -64.13412, -11.12434 ], [ -64.13742, -11.12181 ], [ -64.14613, -11.12217 ], [ -64.14929, -11.12432 ], [ -64.15337, -11.12398 ], [ -64.16553, -11.13023 ], [ -64.1636, -11.13737 ], [ -64.16386, -11.14394 ], [ -64.17512, -11.14857 ], [ -64.18178, -11.14756 ], [ -64.1892, -11.14786 ], [ -64.196, -11.15369 ], [ -64.19583, -11.15807 ], [ -64.19892, -11.16143 ], [ -64.20504, -11.1663 ], [ -64.20776, -11.17183 ], [ -64.21838, -11.17044 ], [ -64.21628, -11.1668 ], [ -64.21924, -11.16514 ], [ -64.22023, -11.16741 ], [ -64.2248, -11.16623 ], [ -64.23935, -11.16503 ], [ -64.25795, -11.1699 ], [ -64.26516, -11.16985 ], [ -64.26763, -11.1723 ], [ -64.27458, -11.17362 ], [ -64.28338, -11.1828 ], [ -64.28552, -11.18691 ], [ -64.28565, -11.19269 ], [ -64.29827, -11.18886 ], [ -64.29881, -11.18924 ], [ -64.29775, -11.19034 ], [ -64.29535, -11.19133 ], [ -64.29486, -11.19434 ], [ -64.29681, -11.19486 ], [ -64.29775, -11.19354 ], [ -64.29973, -11.19509 ], [ -64.29848, -11.19615 ], [ -64.2999, -11.19724 ], [ -64.30827, -11.19267 ], [ -64.31365, -11.19221 ], [ -64.32625, -11.20286 ], [ -64.32745, -11.20859 ], [ -64.33524, -11.20972 ], [ -64.33848, -11.20753 ], [ -64.33996, -11.20345 ], [ -64.34994, -11.20911 ], [ -64.35603, -11.20974 ], [ -64.36217, -11.21597 ], [ -64.37026, -11.2169 ], [ -64.37416, -11.21454 ], [ -64.38455, -11.22225 ], [ -64.39427, -11.22528 ], [ -64.39717, -11.23159 ], [ -64.39829, -11.23708 ] ] } },
{ "type": "Feature", "properties": { "name": "Ribeirão Carinhoso" }, "geometry": { "type": "LineString", "coordinates": [ [ -63.0408, -9.96332 ], [ -63.04414, -9.9631 ], [ -63.04488, -9.96397 ], [ -63.04569, -9.96361 ], [ -63.04736, -9.96478 ] ] } },
{ "type": "Feature", "properties": { "name": "Ribeirão das Ariquemes" }, "geometry": { "type": "LineString", "coordinates": [ [ -63.05712, -9.92939 ], [ -63.0586, -9.93129 ] ] } },
{ "type": "Feature", "properties": { "name": "Ribeirão Carinhoso" }, "geometry": { "type": "LineString", "coordinates": [ [ -63.01483, -9.9466 ], [ -63.01663, -9.94786 ], [ -63.01671, -9.94875 ], [ -63.01879, -9.95109 ], [ -63.01962, -9.95109 ] ] } },
{ "type": "Feature", "properties": { "name": "Ribeirão Carinhoso" }, "geometry": { "type": "LineString", "coordinates": [ [ -63.0197, -9.95115 ], [ -63.02374, -9.95314 ], [ -63.02402, -9.95413 ] ] } },
{ "type": "Feature", "properties": { "name": "Rio dos Marmelos" }, "geometry": { "type": "LineString", "coordinates": [ [ -61.95204, -8.4162 ], [ -61.94903, -8.41216 ], [ -61.94628, -8.40589 ], [ -61.94553, -8.40252 ], [ -61.94871, -8.40099 ], [ -61.94996, -8.39878 ], [ -61.94767, -8.39731 ], [ -61.94669, -8.39454 ], [ -61.94325, -8.39462 ], [ -61.9433, -8.39351 ], [ -61.94083, -8.39008 ], [ -61.94088, -8.38927 ], [ -61.93988, -8.38918 ], [ -61.93968, -8.38837 ], [ -61.93904, -8.38862 ], [ -61.93919, -8.39037 ], [ -61.93763, -8.38969 ], [ -61.93842, -8.38852 ], [ -61.93766, -8.38737 ], [ -61.93895, -8.38728 ], [ -61.93862, -8.38594 ], [ -61.93567, -8.38642 ], [ -61.93567, -8.38812 ], [ -61.93354, -8.38662 ], [ -61.9332, -8.38471 ], [ -61.93193, -8.38508 ], [ -61.9318, -8.38337 ], [ -61.93277, -8.3824 ], [ -61.93229, -8.38137 ], [ -61.93267, -8.38068 ], [ -61.92891, -8.37691 ], [ -61.92785, -8.37666 ], [ -61.92814, -8.37506 ], [ -61.92704, -8.37312 ], [ -61.92634, -8.37291 ], [ -61.92585, -8.37399 ], [ -61.92477, -8.37396 ], [ -61.92549, -8.37284 ], [ -61.92514, -8.37123 ], [ -61.92178, -8.37035 ], [ -61.92093, -8.37139 ], [ -61.91983, -8.36933 ], [ -61.91883, -8.36458 ], [ -61.92073, -8.36474 ], [ -61.92055, -8.36034 ], [ -61.92001, -8.35981 ], [ -61.91897, -8.36046 ], [ -61.91784, -8.36005 ], [ -61.9168, -8.35901 ], [ -61.91699, -8.35743 ], [ -61.91428, -8.35563 ], [ -61.91306, -8.35258 ], [ -61.91234, -8.34743 ], [ -61.9107, -8.34717 ], [ -61.90933, -8.34793 ], [ -61.90883, -8.34741 ], [ -61.90846, -8.3444 ], [ -61.91081, -8.3389 ], [ -61.9113, -8.33622 ], [ -61.91027, -8.33322 ], [ -61.90817, -8.33179 ], [ -61.90627, -8.32838 ], [ -61.90728, -8.32563 ], [ -61.91026, -8.32228 ], [ -61.91274, -8.31786 ], [ -61.91337, -8.31485 ], [ -61.91454, -8.31488 ], [ -61.91657, -8.31723 ], [ -61.91729, -8.31715 ], [ -61.91781, -8.31574 ], [ -61.91845, -8.3159 ], [ -61.9176, -8.31876 ], [ -61.91959, -8.31678 ], [ -61.92021, -8.31515 ], [ -61.91939, -8.31343 ], [ -61.91928, -8.31083 ], [ -61.92093, -8.30905 ], [ -61.92081, -8.30686 ], [ -61.92239, -8.30585 ], [ -61.92088, -8.3047 ], [ -61.92204, -8.3043 ], [ -61.92189, -8.30368 ], [ -61.92002, -8.30274 ], [ -61.91699, -8.30234 ] ] } },
{ "type": "Feature", "properties": { "name": "Rio dos Marmelos" }, "geometry": { "type": "LineString", "coordinates": [ [ -61.98026, -8.52326 ], [ -61.97937, -8.51783 ], [ -61.97508, -8.51342 ], [ -61.97542, -8.51271 ], [ -61.97714, -8.51273 ], [ -61.97754, -8.5117 ], [ -61.9755, -8.50256 ], [ -61.97175, -8.49748 ], [ -61.97265, -8.49648 ], [ -61.97493, -8.49582 ], [ -61.9789, -8.49201 ], [ -61.97986, -8.48883 ], [ -61.98154, -8.4875 ], [ -61.97898, -8.48416 ], [ -61.97778, -8.48523 ], [ -61.97693, -8.48427 ], [ -61.97606, -8.48433 ], [ -61.97786, -8.48349 ], [ -61.97683, -8.48165 ], [ -61.97614, -8.48285 ], [ -61.97525, -8.48127 ], [ -61.97327, -8.48257 ], [ -61.97176, -8.48195 ], [ -61.97162, -8.48137 ], [ -61.97249, -8.48083 ], [ -61.97192, -8.47884 ], [ -61.97285, -8.47461 ], [ -61.97169, -8.47154 ], [ -61.97103, -8.47145 ], [ -61.97034, -8.47245 ], [ -61.96961, -8.47174 ], [ -61.97323, -8.46625 ], [ -61.97772, -8.4612 ], [ -61.97942, -8.45648 ], [ -61.98113, -8.45426 ], [ -61.97886, -8.45337 ], [ -61.97824, -8.45165 ], [ -61.9774, -8.45299 ], [ -61.97586, -8.45193 ], [ -61.97719, -8.45053 ], [ -61.97714, -8.44981 ], [ -61.97559, -8.4503 ], [ -61.97292, -8.44887 ], [ -61.97174, -8.44988 ], [ -61.97051, -8.44924 ], [ -61.9709, -8.44692 ], [ -61.97344, -8.44274 ], [ -61.97247, -8.44177 ], [ -61.97127, -8.442 ], [ -61.97062, -8.44126 ], [ -61.97138, -8.43867 ], [ -61.97017, -8.43908 ], [ -61.96913, -8.43586 ], [ -61.96564, -8.43516 ], [ -61.96523, -8.4334 ], [ -61.96405, -8.4322 ], [ -61.96261, -8.4319 ], [ -61.96323, -8.43105 ], [ -61.96497, -8.43152 ], [ -61.96376, -8.42903 ], [ -61.96398, -8.42641 ], [ -61.96228, -8.42703 ], [ -61.96106, -8.42675 ], [ -61.95535, -8.42227 ], [ -61.95315, -8.41992 ], [ -61.95204, -8.4162 ] ] } },
{ "type": "Feature", "properties": { "name": "Rio dos Marmelos" }, "geometry": { "type": "LineString", "coordinates": [ [ -61.9701, -8.62553 ], [ -61.97171, -8.62139 ], [ -61.97705, -8.62034 ] ] } },
{ "type": "Feature", "properties": { "name": "Rio dos Marmelos" }, "geometry": { "type": "LineString", "coordinates": [ [ -61.97705, -8.62034 ], [ -61.9789, -8.62049 ], [ -61.97919, -8.62002 ], [ -61.978, -8.61739 ], [ -61.97647, -8.61732 ], [ -61.97479, -8.61515 ], [ -61.97483, -8.61425 ], [ -61.97886, -8.6124 ], [ -61.97954, -8.61065 ], [ -61.97924, -8.60669 ], [ -61.98252, -8.60421 ], [ -61.98381, -8.60032 ], [ -61.98369, -8.59694 ], [ -61.98231, -8.59258 ], [ -61.9847, -8.58992 ], [ -61.98482, -8.58891 ], [ -61.98432, -8.58818 ], [ -61.98186, -8.58749 ], [ -61.98139, -8.58499 ], [ -61.98859, -8.58126 ], [ -61.99039, -8.57602 ], [ -61.98824, -8.57497 ], [ -61.98839, -8.5716 ], [ -61.98733, -8.56759 ], [ -61.98884, -8.5658 ], [ -61.98889, -8.56231 ], [ -61.99101, -8.5552 ], [ -61.9894, -8.5525 ], [ -61.98923, -8.55422 ], [ -61.98696, -8.55502 ], [ -61.98426, -8.55013 ], [ -61.97983, -8.54541 ], [ -61.97919, -8.54341 ], [ -61.97796, -8.54382 ], [ -61.97777, -8.5424 ], [ -61.97678, -8.54248 ], [ -61.97686, -8.54121 ], [ -61.97819, -8.54062 ], [ -61.97881, -8.53829 ], [ -61.97787, -8.53444 ], [ -61.97857, -8.53228 ], [ -61.97774, -8.52993 ], [ -61.98026, -8.52326 ] ] } },
{ "type": "Feature", "properties": { "name": "Ribeirão Carinhoso" }, "geometry": { "type": "LineString", "coordinates": [ [ -63.03536, -9.96087 ], [ -63.03701, -9.96068 ], [ -63.03941, -9.96381 ], [ -63.04071, -9.96332 ] ] } },
{ "type": "Feature", "properties": { "name": "Riacho do Nove" }, "geometry": { "type": "LineString", "coordinates": [ [ -63.00978, -9.91786 ], [ -63.00996, -9.91566 ], [ -63.00888, -9.91315 ] ] } },
{ "type": "Feature", "properties": { "name": "Ribeirão das Ariquemes" }, "geometry": { "type": "LineString", "coordinates": [ [ -63.0475, -9.93345 ], [ -63.04834, -9.93165 ] ] } }
]
}
