{
"type": "FeatureCollection",
"name": "SELECT",
"crs": { "type": "name", "properties": { "name": "urn:ogc:def:crs:OGC:1.3:CRS84" } },
"xy_coordinate_resolution": 1e-05,
"features": [
{ "type": "Feature", "properties": { "name": null, "cls": "trunk" }, "geometry": { "type": "LineString", "coordinates": [ [ -63.86209, -8.78329 ], [ -63.86946, -8.7792 ] ] } },
{ "type": "Feature", "properties": { "name": "Avenida Rio de Janeiro", "cls": "secondary" }, "geometry": { "type": "LineString", "coordinates": [ [ -63.88116, -8.77129 ], [ -63.88024, -8.77106 ] ] } },
{ "type": "Feature", "properties": { "name": null, "cls": "trunk" }, "geometry": { "type": "LineString", "coordinates": [ [ -63.71797, -8.79973 ], [ -63.71634, -8.79866 ] ] } },
{ "type": "Feature", "properties": { "name": null, "cls": "trunk" }, "geometry": { "type": "LineString", "coordinates": [ [ -63.30345, -9.08079 ], [ -63.30588, -9.07947 ] ] } },
{ "type": "Feature", "properties": { "name": null, "cls": "trunk" }, "geometry": { "type": "LineString", "coordinates": [ [ -63.31243, -9.07584 ], [ -63.31947, -9.07244 ], [ -63.33922, -9.07235 ], [ -63.3708, -9.08286 ], [ -63.37369, -9.08322 ], [ -63.37735, -9.08248 ] ] } },
{ "type": "Feature", "properties": { "name": "Avenida Juscelino Kubitschek", "cls": "trunk" }, "geometry": { "type": "LineString", "coordinates": [ [ -62.46411, -10.44728 ], [ -62.4598, -10.4537 ] ] } },
{ "type": "Feature", "properties": { "name": null, "cls": "trunk" }, "geometry": { "type": "LineString", "coordinates": [ [ -62.03938, -10.79205 ], [ -62.06139, -10.77964 ], [ -62.10351, -10.77122 ], [ -62.12212, -10.76655 ], [ -62.16462, -10.7533 ], [ -62.16777, -10.7512 ] ] } },
{ "type": "Feature", "properties": { "name": "Avenida Jorge Teixeira", "cls": "secondary" }, "geometry": { "type": "LineString", "coordinates": [ [ -62.5591, -10.91686 ], [ -62.55964, -10.91729 ] ] } },
{ "type": "Feature", "properties": { "name": null, "cls": "primary" }, "geometry": { "type": "LineString", "coordinates": [ [ -62.51589, -10.40617 ], [ -62.51394, -10.4045 ], [ -62.51112, -10.40368 ], [ -62.50686, -10.40082 ], [ -62.50266, -10.3932 ], [ -62.4964, -10.38704 ], [ -62.48362, -10.38124 ], [ -62.481, -10.37797 ], [ -62.48177, -10.37219 ], [ -62.47435, -10.36481 ], [ -62.47338, -10.36213 ], [ -62.46897, -10.35968 ], [ -62.44324, -10.3334 ], [ -62.4392, -10.33074 ], [ -62.43755, -10.32809 ], [ -62.42449, -10.31492 ], [ -62.42221, -10.3094 ], [ -62.41586, -10.30611 ], [ -62.41416, -10.30446 ] ] } },
{ "type": "Feature", "properties": { "name": null, "cls": "secondary" }, "geometry": { "type": "LineString", "coordinates": [ [ -62.50205, -10.87155 ], [ -62.51939, -10.88504 ], [ -62.52472, -10.89507 ], [ -62.52636, -10.89574 ], [ -62.53132, -10.8959 ], [ -62.5342, -10.89692 ], [ -62.54908, -10.90878 ] ] } },
{ "type": "Feature", "properties": { "name": null, "cls": "primary" }, "geometry": { "type": "LineString", "coordinates": [ [ -62.17482, -9.93405 ], [ -62.17478, -9.93062 ], [ -62.17379, -9.92823 ], [ -62.17481, -9.92579 ], [ -62.17477, -9.91083 ], [ -62.17375, -9.90701 ], [ -62.17501, -9.89425 ], [ -62.17481, -9.87432 ] ] } },
{ "type": "Feature", "properties": { "name": null, "cls": "secondary" }, "geometry": { "type": "LineString", "coordinates": [ [ -62.29254, -10.70182 ], [ -62.38096, -10.77307 ], [ -62.38313, -10.77605 ], [ -62.38573, -10.7774 ] ] } },
{ "type": "Feature", "properties": { "name": "Avenida Senador Olavo Píres", "cls": "primary" }, "geometry": { "type": "LineString", "coordinates": [ [ -62.35184, -10.24274 ], [ -62.35621, -10.24716 ] ] } },
{ "type": "Feature", "properties": { "name": null, "cls": "secondary" }, "geometry": { "type": "LineString", "coordinates": [ [ -62.38573, -10.7774 ], [ -62.39361, -10.78384 ], [ -62.39481, -10.78635 ], [ -62.39592, -10.78661 ], [ -62.39763, -10.78559 ] ] } },
{ "type": "Feature", "properties": { "name": null, "cls": "primary" }, "geometry": { "type": "LineString", "coordinates": [ [ -62.3341, -11.27463 ], [ -62.33405, -11.29053 ] ] } },
{ "type": "Feature", "properties": { "name": null, "cls": "secondary" }, "geometry": { "type": "LineString", "coordinates": [ [ -63.51126, -10.51458 ], [ -63.5173, -10.51349 ], [ -63.5236, -10.50972 ], [ -63.52581, -10.50937 ], [ -63.54142, -10.5149 ], [ -63.54375, -10.51747 ], [ -63.54631, -10.52269 ], [ -63.54644, -10.53082 ], [ -63.54762, -10.53285 ], [ -63.55289, -10.53669 ], [ -63.56127, -10.53952 ], [ -63.5758, -10.54893 ], [ -63.57703, -10.55071 ], [ -63.57736, -10.55647 ], [ -63.57801, -10.55794 ], [ -63.58072, -10.56017 ], [ -63.58782, -10.56359 ] ] } },
{ "type": "Feature", "properties": { "name": null, "cls": "secondary" }, "geometry": { "type": "LineString", "coordinates": [ [ -62.4122, -10.79857 ], [ -62.42653, -10.81046 ] ] } },
{ "type": "Feature", "properties": { "name": null, "cls": "primary" }, "geometry": { "type": "LineString", "coordinates": [ [ -62.17867, -10.02978 ], [ -62.17862, -10.02525 ], [ -62.1715, -10.01451 ], [ -62.17486, -10.00633 ], [ -62.17485, -9.98463 ], [ -62.17581, -9.98164 ], [ -62.17253, -9.97477 ], [ -62.17485, -9.96684 ], [ -62.17482, -9.954 ], [ -62.17412, -9.95059 ], [ -62.17483, -9.9465 ] ] } },
{ "type": "Feature", "properties": { "name": null, "cls": "primary" }, "geometry": { "type": "LineString", "coordinates": [ [ -62.18284, -10.03736 ], [ -62.17895, -10.03115 ], [ -62.17867, -10.02978 ] ] } },
{ "type": "Feature", "properties": { "name": null, "cls": "primary" }, "geometry": { "type": "LineString", "coordinates": [ [ -62.13866, -11.22372 ], [ -62.12989, -11.22588 ], [ -62.12843, -11.22561 ], [ -62.12352, -11.21628 ], [ -62.12014, -11.21256 ], [ -62.11716, -11.20672 ], [ -62.11565, -11.20588 ], [ -62.06432, -11.20203 ], [ -62.06077, -11.20234 ], [ -62.01447, -11.20068 ], [ -62.00924, -11.20247 ], [ -62.00558, -11.20062 ], [ -61.97332, -11.20016 ] ] } },
{ "type": "Feature", "properties": { "name": null, "cls": "primary" }, "geometry": { "type": "LineString", "coordinates": [ [ -62.30995, -11.37098 ], [ -62.33572, -11.39752 ], [ -62.36221, -11.42848 ] ] } },
{ "type": "Feature", "properties": { "name": null, "cls": "secondary" }, "geometry": { "type": "LineString", "coordinates": [ [ -62.40833, -10.79118 ], [ -62.40944, -10.79272 ], [ -62.41008, -10.7956 ], [ -62.4122, -10.79857 ] ] } },
{ "type": "Feature", "properties": { "name": null, "cls": "secondary" }, "geometry": { "type": "LineString", "coordinates": [ [ -62.39763, -10.78559 ], [ -62.39951, -10.78534 ], [ -62.40833, -10.79118 ] ] } },
{ "type": "Feature", "properties": { "name": null, "cls": "secondary" }, "geometry": { "type": "LineString", "coordinates": [ [ -62.18839, -10.63125 ], [ -62.19663, -10.65904 ], [ -62.19527, -10.66465 ], [ -62.19789, -10.67034 ], [ -62.20626, -10.67326 ], [ -62.20831, -10.67593 ], [ -62.21016, -10.68075 ], [ -62.22923, -10.6944 ], [ -62.23321, -10.69635 ] ] } },
{ "type": "Feature", "properties": { "name": "Avenida JK", "cls": "primary" }, "geometry": { "type": "LineString", "coordinates": [ [ -62.35184, -10.24274 ], [ -62.34708, -10.24847 ], [ -62.34482, -10.25244 ] ] } },
{ "type": "Feature", "properties": { "name": null, "cls": "secondary" }, "geometry": { "type": "LineString", "coordinates": [ [ -62.48359, -10.8564 ], [ -62.48536, -10.8591 ], [ -62.48687, -10.86347 ], [ -62.48987, -10.86714 ], [ -62.49578, -10.87131 ], [ -62.50205, -10.87155 ] ] } },
{ "type": "Feature", "properties": { "name": null, "cls": "primary" }, "geometry": { "type": "LineString", "coordinates": [ [ -62.30552, -10.23092 ], [ -62.30406, -10.22946 ], [ -62.28165, -10.19411 ] ] } },
{ "type": "Feature", "properties": { "name": null, "cls": "primary" }, "geometry": { "type": "LineString", "coordinates": [ [ -62.20446, -10.07165 ], [ -62.20281, -10.06975 ] ] } },
{ "type": "Feature", "properties": { "name": null, "cls": "primary" }, "geometry": { "type": "LineString", "coordinates": [ [ -63.13363, -9.97977 ], [ -63.17805, -10.03036 ] ] } },
{ "type": "Feature", "properties": { "name": "Rodovia BR-421", "cls": "primary" }, "geometry": { "type": "LineString", "coordinates": [ [ -63.42152, -10.35739 ], [ -63.4274, -10.36036 ] ] } },
{ "type": "Feature", "properties": { "name": null, "cls": "primary" }, "geometry": { "type": "LineString", "coordinates": [ [ -63.0716, -9.92621 ], [ -63.07342, -9.92795 ], [ -63.0962, -9.93844 ], [ -63.104, -9.94677 ], [ -63.10736, -9.94778 ], [ -63.10879, -9.95189 ], [ -63.11155, -9.9551 ] ] } },
{ "type": "Feature", "properties": { "name": null, "cls": "primary" }, "geometry": { "type": "LineString", "coordinates": [ [ -63.05602, -9.91615 ], [ -63.07094, -9.92546 ] ] } },
{ "type": "Feature", "properties": { "name": null, "cls": "primary" }, "geometry": { "type": "LineString", "coordinates": [ [ -61.97332, -11.20016 ], [ -61.94585, -11.19976 ], [ -61.93751, -11.19689 ], [ -61.93497, -11.19795 ] ] } },
{ "type": "Feature", "properties": { "name": "Estrada do Pacífico", "cls": "trunk" }, "geometry": { "type": "LineString", "coordinates": [ [ -64.38831, -9.25849 ], [ -64.39094, -9.26004 ], [ -64.39615, -9.2586 ] ] } },
{ "type": "Feature", "properties": { "name": "Estrada do Pacífico", "cls": "trunk" }, "geometry": { "type": "LineString", "coordinates": [ [ -64.38699, -9.25739 ], [ -64.38831, -9.25849 ] ] } },
{ "type": "Feature", "properties": { "name": "Rodovia Manaus–Porto Velho", "cls": "trunk" }, "geometry": { "type": "LineString", "coordinates": [ [ -63.91567, -8.74315 ], [ -63.9161, -8.74282 ] ] } },
{ "type": "Feature", "properties": { "name": "Rodovia Manaus–Porto Velho", "cls": "trunk" }, "geometry": { "type": "LineString", "coordinates": [ [ -63.9161, -8.74282 ], [ -63.91592, -8.74334 ] ] } },
{ "type": "Feature", "properties": { "name": null, "cls": "trunk" }, "geometry": { "type": "LineString", "coordinates": [ [ -63.91556, -8.74369 ], [ -63.91538, -8.74333 ], [ -63.91575, -8.74316 ], [ -63.91591, -8.74352 ], [ -63.91556, -8.74369 ] ] } },
{ "type": "Feature", "properties": { "name": "Avenida dos Imigrantes", "cls": "trunk" }, "geometry": { "type": "LineString", "coordinates": [ [ -63.9154, -8.74355 ], [ -63.90383, -8.74265 ] ] } },
{ "type": "Feature", "properties": { "name": "Rodovia Manaus–Porto Velho", "cls": "trunk" }, "geometry": { "type": "LineString", "coordinates": [ [ -63.9161, -8.74282 ], [ -63.91695, -8.73974 ] ] } },
{ "type": "Feature", "properties": { "name": "Avenida Rio de Janeiro", "cls": "secondary" }, "geometry": { "type": "LineString", "coordinates": [ [ -63.84385, -8.76282 ], [ -63.8726, -8.76925 ] ] } },
{ "type": "Feature", "properties": { "name": null, "cls": "secondary" }, "geometry": { "type": "LineString", "coordinates": [ [ -63.88126, -8.77113 ], [ -63.88135, -8.77126 ], [ -63.88123, -8.77133 ], [ -63.88114, -8.77122 ], [ -63.88126, -8.77113 ] ] } },
{ "type": "Feature", "properties": { "name": "Avenida Governador Jorge Teixeira", "cls": "primary" }, "geometry": { "type": "LineString", "coordinates": [ [ -63.89745, -8.71513 ], [ -63.89553, -8.71556 ], [ -63.89151, -8.73419 ] ] } },
{ "type": "Feature", "properties": { "name": "Avenida Rio de Janeiro", "cls": "secondary" }, "geometry": { "type": "LineString", "coordinates": [ [ -63.88672, -8.7725 ], [ -63.88517, -8.77158 ], [ -63.88388, -8.77182 ] ] } },
{ "type": "Feature", "properties": { "name": "Avenida Governador Jorge Teixeira", "cls": "primary" }, "geometry": { "type": "LineString", "coordinates": [ [ -63.89116, -8.73411 ], [ -63.89527, -8.71501 ], [ -63.89729, -8.7146 ] ] } },
{ "type": "Feature", "properties": { "name": "Avenida dos Imigrantes", "cls": "trunk" }, "geometry": { "type": "LineString", "coordinates": [ [ -63.90383, -8.74265 ], [ -63.90266, -8.74253 ] ] } },
{ "type": "Feature", "properties": { "name": "Avenida dos Imigrantes", "cls": "secondary" }, "geometry": { "type": "LineString", "coordinates": [ [ -63.8669, -8.73533 ], [ -63.87859, -8.73736 ] ] } },
{ "type": "Feature", "properties": { "name": "Avenida dos Imigrantes", "cls": "secondary" }, "geometry": { "type": "LineString", "coordinates": [ [ -63.88984, -8.73991 ], [ -63.87871, -8.73749 ] ] } },
{ "type": "Feature", "properties": { "name": "Avenida dos Imigrantes", "cls": "trunk" }, "geometry": { "type": "LineString", "coordinates": [ [ -63.90219, -8.74238 ], [ -63.90256, -8.7424 ] ] } },
{ "type": "Feature", "properties": { "name": null, "cls": "trunk" }, "geometry": { "type": "LineString", "coordinates": [ [ -63.87956, -8.77356 ], [ -63.8769, -8.77507 ] ] } },
{ "type": "Feature", "properties": { "name": null, "cls": "secondary" }, "geometry": { "type": "LineString", "coordinates": [ [ -63.86647, -8.73558 ], [ -63.86647, -8.73522 ], [ -63.86683, -8.73521 ], [ -63.86682, -8.73559 ], [ -63.86647, -8.73558 ] ] } },
{ "type": "Feature", "properties": { "name": "Rua Rogério Weber", "cls": "secondary" }, "geometry": { "type": "LineString", "coordinates": [ [ -63.90443, -8.77631 ], [ -63.90644, -8.76552 ] ] } },
{ "type": "Feature", "properties": { "name": null, "cls": "primary" }, "geometry": { "type": "LineString", "coordinates": [ [ -63.89729, -8.7146 ], [ -63.89745, -8.71513 ] ] } },
{ "type": "Feature", "properties": { "name": null, "cls": "trunk" }, "geometry": { "type": "LineString", "coordinates": [ [ -63.89034, -8.73987 ], [ -63.89007, -8.74009 ], [ -63.88984, -8.73978 ], [ -63.89014, -8.73959 ], [ -63.89034, -8.73987 ] ] } },
{ "type": "Feature", "properties": { "name": "Avenida Guaporé", "cls": "secondary" }, "geometry": { "type": "LineString", "coordinates": [ [ -63.86675, -8.73563 ], [ -63.86479, -8.7442 ] ] } },
{ "type": "Feature", "properties": { "name": "Avenida Calama", "cls": "secondary" }, "geometry": { "type": "LineString", "coordinates": [ [ -63.86996, -8.74529 ], [ -63.88309, -8.74816 ] ] } },
{ "type": "Feature", "properties": { "name": "Avenida Prefeito Chiquilito Erse", "cls": "secondary" }, "geometry": { "type": "LineString", "coordinates": [ [ -63.87859, -8.73736 ], [ -63.87867, -8.73673 ] ] } },
{ "type": "Feature", "properties": { "name": "Avenida Calama", "cls": "secondary" }, "geometry": { "type": "LineString", "coordinates": [ [ -63.88788, -8.74917 ], [ -63.88822, -8.74925 ] ] } },
{ "type": "Feature", "properties": { "name": "Avenida Rio de Janeiro", "cls": "secondary" }, "geometry": { "type": "LineString", "coordinates": [ [ -63.88135, -8.77126 ], [ -63.88348, -8.76986 ] ] } },
{ "type": "Feature", "properties": { "name": "Avenida Rio Madeira", "cls": "secondary" }, "geometry": { "type": "LineString", "coordinates": [ [ -63.87872, -8.73739 ], [ -63.87871, -8.73749 ] ] } },
{ "type": "Feature", "properties": { "name": "Avenida Jorge Teixeira", "cls": "trunk" }, "geometry": { "type": "LineString", "coordinates": [ [ -63.89659, -8.78427 ], [ -63.88651, -8.77461 ] ] } },
{ "type": "Feature", "properties": { "name": "Estrada do Pacífico", "cls": "trunk" }, "geometry": { "type": "LineString", "coordinates": [ [ -64.33563, -9.21088 ], [ -64.33173, -9.20385 ], [ -64.32515, -9.20083 ], [ -64.31991, -9.19657 ], [ -64.3176, -9.19574 ], [ -64.31543, -9.1959 ], [ -64.28426, -9.2054 ], [ -64.28101, -9.20559 ], [ -64.27782, -9.20463 ], [ -64.10461, -9.10968 ], [ -64.0831, -9.08753 ], [ -64.05537, -9.07409 ], [ -64.03375, -9.07092 ], [ -64.01855, -9.05853 ], [ -64.0105, -9.05396 ], [ -64.00631, -9.0476 ], [ -64.00567, -9.04422 ], [ -64.01155, -9.02806 ], [ -64.01181, -9.02522 ], [ -64.0014, -8.98116 ], [ -63.98137, -8.94727 ], [ -63.96315, -8.90707 ] ] } },
{ "type": "Feature", "properties": { "name": "Rua da Beira", "cls": "secondary" }, "geometry": { "type": "LineString", "coordinates": [ [ -63.85919, -8.78486 ], [ -63.86896, -8.77915 ] ] } },
{ "type": "Feature", "properties": { "name": "Rua da Beira", "cls": "secondary" }, "geometry": { "type": "LineString", "coordinates": [ [ -63.88391, -8.77186 ], [ -63.88463, -8.77257 ] ] } },
{ "type": "Feature", "properties": { "name": null, "cls": "trunk" }, "geometry": { "type": "LineString", "coordinates": [ [ -63.86438, -8.78223 ], [ -63.8596, -8.78496 ] ] } },
{ "type": "Feature", "properties": { "name": "Rua da Beira", "cls": "secondary" }, "geometry": { "type": "LineString", "coordinates": [ [ -63.87194, -8.77816 ], [ -63.86994, -8.77934 ] ] } },
{ "type": "Feature", "properties": { "name": "Estrada do Pacífico", "cls": "trunk" }, "geometry": { "type": "LineString", "coordinates": [ [ -64.33602, -9.21176 ], [ -64.3375, -9.21444 ], [ -64.34298, -9.21974 ], [ -64.34584, -9.23127 ], [ -64.34992, -9.23574 ], [ -64.37719, -9.25069 ], [ -64.38095, -9.25416 ], [ -64.38699, -9.25739 ] ] } },
{ "type": "Feature", "properties": { "name": "Estrada do Pacífico", "cls": "trunk" }, "geometry": { "type": "LineString", "coordinates": [ [ -64.33563, -9.21088 ], [ -64.33602, -9.21176 ] ] } },
{ "type": "Feature", "properties": { "name": "Avenida Transcontinental", "cls": "primary" }, "geometry": { "type": "LineString", "coordinates": [ [ -61.93069, -10.89262 ], [ -61.93042, -10.90306 ] ] } },
{ "type": "Feature", "properties": { "name": "Avenida Transcontinental", "cls": "primary" }, "geometry": { "type": "LineString", "coordinates": [ [ -61.94271, -10.88042 ], [ -61.93926, -10.88269 ] ] } },
{ "type": "Feature", "properties": { "name": null, "cls": "primary" }, "geometry": { "type": "LineString", "coordinates": [ [ -61.96149, -10.92324 ], [ -61.9662, -10.93292 ], [ -61.97825, -10.94558 ], [ -61.98889, -10.95859 ], [ -61.99652, -10.96953 ], [ -62.0073, -10.99626 ], [ -62.01041, -11.00591 ], [ -62.0127, -11.0085 ], [ -62.0175, -11.0101 ], [ -62.01862, -11.01134 ], [ -62.01556, -11.02518 ], [ -62.01085, -11.04175 ], [ -62.01006, -11.06023 ] ] } },
{ "type": "Feature", "properties": { "name": "Anel Viário", "cls": "trunk" }, "geometry": { "type": "LineString", "coordinates": [ [ -61.94902, -10.91799 ], [ -61.95494, -10.91679 ], [ -61.95682, -10.91571 ] ] } },
{ "type": "Feature", "properties": { "name": null, "cls": "primary" }, "geometry": { "type": "LineString", "coordinates": [ [ -61.93497, -11.19795 ], [ -61.93261, -11.19934 ] ] } },
{ "type": "Feature", "properties": { "name": null, "cls": "primary" }, "geometry": { "type": "LineString", "coordinates": [ [ -61.93261, -11.19934 ], [ -61.92986, -11.20063 ], [ -61.91904, -11.19963 ], [ -61.90251, -11.19942 ] ] } },
{ "type": "Feature", "properties": { "name": null, "cls": "primary" }, "geometry": { "type": "LineString", "coordinates": [ [ -63.07094, -9.92546 ], [ -63.0716, -9.92621 ] ] } },
{ "type": "Feature", "properties": { "name": "Avenida Candeias", "cls": "secondary" }, "geometry": { "type": "LineString", "coordinates": [ [ -63.04742, -9.91652 ], [ -63.04762, -9.90451 ] ] } },
{ "type": "Feature", "properties": { "name": "Avenida Jaru", "cls": "secondary" }, "geometry": { "type": "LineString", "coordinates": [ [ -63.03461, -9.90384 ], [ -63.03673, -9.90393 ], [ -63.03863, -9.90499 ], [ -63.04163, -9.90417 ], [ -63.04943, -9.90444 ] ] } },
{ "type": "Feature", "properties": { "name": "Avenida Tabapuã", "cls": "secondary" }, "geometry": { "type": "LineString", "coordinates": [ [ -63.04755, -9.90922 ], [ -63.03448, -9.90893 ] ] } },
{ "type": "Feature", "properties": { "name": "Avenida Tabapuã", "cls": "secondary" }, "geometry": { "type": "LineString", "coordinates": [ [ -63.03453, -9.90876 ], [ -63.04755, -9.90906 ] ] } },
{ "type": "Feature", "properties": { "name": "Avenida Canaã", "cls": "secondary" }, "geometry": { "type": "LineString", "coordinates": [ [ -63.03441, -9.9133 ], [ -63.04768, -9.91366 ] ] } },
{ "type": "Feature", "properties": { "name": "Avenida Canaã", "cls": "secondary" }, "geometry": { "type": "LineString", "coordinates": [ [ -63.04768, -9.91366 ], [ -63.03441, -9.91342 ] ] } },
{ "type": "Feature", "properties": { "name": "Avenida Tancredo Neves", "cls": "secondary" }, "geometry": { "type": "LineString", "coordinates": [ [ -63.03408, -9.92125 ], [ -63.03436, -9.90893 ] ] } },
{ "type": "Feature", "properties": { "name": "Avenida Jaru", "cls": "secondary" }, "geometry": { "type": "LineString", "coordinates": [ [ -63.05561, -9.9048 ], [ -63.04164, -9.90428 ], [ -63.03859, -9.90511 ], [ -63.03676, -9.90404 ], [ -63.0346, -9.90395 ] ] } },
{ "type": "Feature", "properties": { "name": "Avenida Candeias", "cls": "secondary" }, "geometry": { "type": "LineString", "coordinates": [ [ -63.0478, -9.9045 ], [ -63.04783, -9.91638 ] ] } },
{ "type": "Feature", "properties": { "name": "Avenida Juscelino Kubitschek", "cls": "secondary" }, "geometry": { "type": "LineString", "coordinates": [ [ -63.03158, -9.92087 ], [ -63.03197, -9.89916 ] ] } },
{ "type": "Feature", "properties": { "name": null, "cls": "primary" }, "geometry": { "type": "LineString", "coordinates": [ [ -62.26252, -11.32213 ], [ -62.2886, -11.34894 ] ] } },
{ "type": "Feature", "properties": { "name": null, "cls": "primary" }, "geometry": { "type": "LineString", "coordinates": [ [ -62.30487, -11.36571 ], [ -62.30213, -11.36291 ] ] } },
{ "type": "Feature", "properties": { "name": null, "cls": "primary" }, "geometry": { "type": "LineString", "coordinates": [ [ -62.30213, -11.36291 ], [ -62.2885, -11.34902 ] ] } },
{ "type": "Feature", "properties": { "name": null, "cls": "primary" }, "geometry": { "type": "LineString", "coordinates": [ [ -62.26252, -11.32213 ], [ -62.23316, -11.29213 ] ] } },
{ "type": "Feature", "properties": { "name": "Avenida Canaã", "cls": "secondary" }, "geometry": { "type": "LineString", "coordinates": [ [ -63.05542, -9.91382 ], [ -63.04768, -9.91366 ] ] } },
{ "type": "Feature", "properties": { "name": "Avenida Tancredo Neves", "cls": "secondary" }, "geometry": { "type": "LineString", "coordinates": [ [ -63.03471, -9.89923 ], [ -63.0345, -9.90872 ] ] } },
{ "type": "Feature", "properties": { "name": "Avenida Tancredo Neves", "cls": "secondary" }, "geometry": { "type": "LineString", "coordinates": [ [ -63.03465, -9.89719 ], [ -63.0347, -9.89438 ] ] } },
{ "type": "Feature", "properties": { "name": "Avenida Tancredo Neves", "cls": "secondary" }, "geometry": { "type": "LineString", "coordinates": [ [ -63.03485, -9.89437 ], [ -63.03472, -9.89903 ] ] } },
{ "type": "Feature", "properties": { "name": null, "cls": "secondary" }, "geometry": { "type": "LineString", "coordinates": [ [ -63.03458, -9.89921 ], [ -63.03457, -9.89905 ], [ -63.03472, -9.89903 ], [ -63.03474, -9.8992 ], [ -63.03458, -9.89921 ] ] } },
{ "type": "Feature", "properties": { "name": "Avenida Juscelino Kubitschek", "cls": "secondary" }, "geometry": { "type": "LineString", "coordinates": [ [ -63.0322, -9.89439 ], [ -63.03211, -9.89898 ] ] } },
{ "type": "Feature", "properties": { "name": "Avenida Tancredo Neves", "cls": "secondary" }, "geometry": { "type": "LineString", "coordinates": [ [ -63.03438, -9.90871 ], [ -63.03459, -9.89922 ] ] } },
{ "type": "Feature", "properties": { "name": null, "cls": "secondary" }, "geometry": { "type": "LineString", "coordinates": [ [ -63.03431, -9.90886 ], [ -63.03438, -9.90871 ], [ -63.03455, -9.9088 ], [ -63.03445, -9.90895 ], [ -63.03431, -9.90886 ] ] } },
{ "type": "Feature", "properties": { "name": "Avenida Juscelino Kubitschek", "cls": "secondary" }, "geometry": { "type": "LineString", "coordinates": [ [ -63.03197, -9.89897 ], [ -63.03205, -9.89439 ] ] } },
{ "type": "Feature", "properties": { "name": "Avenida Juscelino Kubitschek", "cls": "secondary" }, "geometry": { "type": "LineString", "coordinates": [ [ -63.0321, -9.89917 ], [ -63.03173, -9.92083 ] ] } },
{ "type": "Feature", "properties": { "name": "Avenida Tancredo Neves", "cls": "secondary" }, "geometry": { "type": "LineString", "coordinates": [ [ -63.03448, -9.90893 ], [ -63.03431, -9.92118 ] ] } },
{ "type": "Feature", "properties": { "name": "Avenida Canaã", "cls": "secondary" }, "geometry": { "type": "LineString", "coordinates": [ [ -63.03186, -9.9134 ], [ -63.01697, -9.91321 ] ] } },
{ "type": "Feature", "properties": { "name": "Avenida Tabapuã", "cls": "secondary" }, "geometry": { "type": "LineString", "coordinates": [ [ -63.02419, -9.90854 ], [ -63.03176, -9.90871 ] ] } },
{ "type": "Feature", "properties": { "name": "Avenida Tabapuã", "cls": "secondary" }, "geometry": { "type": "LineString", "coordinates": [ [ -63.03176, -9.90884 ], [ -63.02418, -9.90869 ] ] } },
{ "type": "Feature", "properties": { "name": "Avenida Jaru", "cls": "secondary" }, "geometry": { "type": "LineString", "coordinates": [ [ -63.02194, -9.90359 ], [ -63.03187, -9.90379 ] ] } },
{ "type": "Feature", "properties": { "name": "Avenida Jaru", "cls": "secondary" }, "geometry": { "type": "LineString", "coordinates": [ [ -63.03185, -9.90398 ], [ -63.02193, -9.90376 ] ] } },
{ "type": "Feature", "properties": { "name": "Avenida Machadinho", "cls": "secondary" }, "geometry": { "type": "LineString", "coordinates": [ [ -63.03467, -9.89435 ], [ -63.03224, -9.89432 ] ] } },
{ "type": "Feature", "properties": { "name": "Avenida Tancredo Neves", "cls": "secondary" }, "geometry": { "type": "LineString", "coordinates": [ [ -63.03473, -9.89417 ], [ -63.03485, -9.88839 ] ] } },
{ "type": "Feature", "properties": { "name": "Rua Diamantes", "cls": "secondary" }, "geometry": { "type": "LineString", "coordinates": [ [ -63.01721, -9.91321 ], [ -63.01735, -9.9062 ] ] } },
{ "type": "Feature", "properties": { "name": "Rua Diamantes", "cls": "secondary" }, "geometry": { "type": "LineString", "coordinates": [ [ -63.0175, -9.90368 ], [ -63.01735, -9.91322 ] ] } },
{ "type": "Feature", "properties": { "name": "Rua Vimberé", "cls": "secondary" }, "geometry": { "type": "LineString", "coordinates": [ [ -63.02426, -9.90382 ], [ -63.02411, -9.91319 ] ] } },
{ "type": "Feature", "properties": { "name": null, "cls": "secondary" }, "geometry": { "type": "LineString", "coordinates": [ [ -63.04762, -9.90451 ], [ -63.04761, -9.90433 ] ] } },
{ "type": "Feature", "properties": { "name": null, "cls": "secondary" }, "geometry": { "type": "LineString", "coordinates": [ [ -63.04779, -9.90434 ], [ -63.0478, -9.9045 ] ] } },
{ "type": "Feature", "properties": { "name": null, "cls": "secondary" }, "geometry": { "type": "LineString", "coordinates": [ [ -63.01697, -9.91309 ], [ -63.01697, -9.91321 ] ] } },
{ "type": "Feature", "properties": { "name": null, "cls": "secondary" }, "geometry": { "type": "LineString", "coordinates": [ [ -63.02175, -9.90373 ], [ -63.0218, -9.90356 ], [ -63.02197, -9.90362 ], [ -63.02189, -9.90378 ], [ -63.02175, -9.90373 ] ] } },
{ "type": "Feature", "properties": { "name": null, "cls": "trunk" }, "geometry": { "type": "LineString", "coordinates": [ [ -63.05944, -9.84614 ], [ -63.05968, -9.84489 ] ] } },
{ "type": "Feature", "properties": { "name": null, "cls": "trunk" }, "geometry": { "type": "LineString", "coordinates": [ [ -63.05968, -9.84489 ], [ -63.06085, -9.84137 ], [ -63.0646, -9.83838 ], [ -63.06647, -9.83591 ], [ -63.07288, -9.82056 ], [ -63.07479, -9.81114 ], [ -63.07669, -9.80932 ], [ -63.08208, -9.80681 ], [ -63.08449, -9.80367 ], [ -63.09733, -9.75404 ], [ -63.10004, -9.75253 ], [ -63.10919, -9.75439 ], [ -63.11161, -9.75251 ], [ -63.11252, -9.73288 ], [ -63.11373, -9.73037 ], [ -63.11958, -9.72452 ], [ -63.11987, -9.72038 ], [ -63.11856, -9.71719 ] ] } },
{ "type": "Feature", "properties": { "name": null, "cls": "secondary" }, "geometry": { "type": "LineString", "coordinates": [ [ -63.49908, -10.49893 ], [ -63.50786, -10.51188 ], [ -63.51126, -10.51458 ] ] } },
{ "type": "Feature", "properties": { "name": null, "cls": "secondary" }, "geometry": { "type": "LineString", "coordinates": [ [ -63.44014, -10.37518 ], [ -63.44259, -10.38987 ], [ -63.46653, -10.41344 ], [ -63.46766, -10.4158 ], [ -63.47277, -10.43792 ], [ -63.48158, -10.44967 ], [ -63.48145, -10.45971 ], [ -63.48064, -10.46137 ], [ -63.47758, -10.46429 ], [ -63.47681, -10.46617 ], [ -63.47634, -10.47632 ], [ -63.4768, -10.47875 ], [ -63.47828, -10.48071 ], [ -63.49908, -10.49893 ] ] } },
{ "type": "Feature", "properties": { "name": "Estrada do Pacífico", "cls": "trunk" }, "geometry": { "type": "LineString", "coordinates": [ [ -64.55053, -9.28667 ], [ -64.54533, -9.28457 ] ] } },
{ "type": "Feature", "properties": { "name": "Estrada do Pacífico", "cls": "trunk" }, "geometry": { "type": "LineString", "coordinates": [ [ -64.54533, -9.28457 ], [ -64.55053, -9.28667 ] ] } },
{ "type": "Feature", "properties": { "name": null, "cls": "primary" }, "geometry": { "type": "LineString", "coordinates": [ [ -63.42815, -10.36005 ], [ -63.42806, -10.36053 ] ] } },
{ "type": "Feature", "properties": { "name": null, "cls": "primary" }, "geometry": { "type": "LineString", "coordinates": [ [ -63.42781, -10.3604 ], [ -63.42806, -10.36053 ] ] } },
{ "type": "Feature", "properties": { "name": "RO-460", "cls": "primary" }, "geometry": { "type": "LineString", "coordinates": [ [ -63.42815, -10.36005 ], [ -63.43101, -10.35607 ], [ -63.43361, -10.3481 ], [ -63.43593, -10.34627 ], [ -63.43802, -10.34334 ], [ -63.44127, -10.3426 ] ] } },
{ "type": "Feature", "properties": { "name": null, "cls": "secondary" }, "geometry": { "type": "LineString", "coordinates": [ [ -63.6083, -10.5741 ], [ -63.61601, -10.57483 ] ] } },
{ "type": "Feature", "properties": { "name": null, "cls": "secondary" }, "geometry": { "type": "LineString", "coordinates": [ [ -64.2382, -9.25507 ], [ -64.23787, -9.25773 ], [ -64.23901, -9.25947 ], [ -64.23774, -9.26141 ], [ -64.23876, -9.26501 ], [ -64.23877, -9.27099 ], [ -64.2377, -9.29293 ], [ -64.23707, -9.29619 ], [ -64.23741, -9.30041 ], [ -64.237, -9.30087 ], [ -64.23504, -9.30072 ], [ -64.23466, -9.30134 ], [ -64.23534, -9.30653 ], [ -64.23678, -9.30814 ], [ -64.23697, -9.30953 ], [ -64.23814, -9.31044 ], [ -64.23774, -9.31701 ], [ -64.23819, -9.32374 ] ] } },
{ "type": "Feature", "properties": { "name": "Avenida Tiradentes", "cls": "secondary" }, "geometry": { "type": "LineString", "coordinates": [ [ -63.97018, -9.62084 ], [ -63.96, -9.64704 ] ] } },
{ "type": "Feature", "properties": { "name": "Avenida Tiradentes", "cls": "secondary" }, "geometry": { "type": "LineString", "coordinates": [ [ -63.95992, -9.64699 ], [ -63.97018, -9.62084 ] ] } },
{ "type": "Feature", "properties": { "name": "Rio Pardo - Jaci Paraná", "cls": "secondary" }, "geometry": { "type": "LineString", "coordinates": [ [ -64.00604, -9.53105 ], [ -64.0126, -9.53213 ], [ -64.01463, -9.53333 ], [ -64.01744, -9.53323 ], [ -64.03886, -9.53757 ], [ -64.04122, -9.53825 ], [ -64.04231, -9.53922 ], [ -64.04696, -9.5394 ], [ -64.06713, -9.54367 ], [ -64.07039, -9.54354 ], [ -64.07171, -9.54461 ], [ -64.07764, -9.54591 ], [ -64.10727, -9.55143 ], [ -64.12507, -9.5554 ], [ -64.12602, -9.55469 ], [ -64.12505, -9.55077 ], [ -64.12597, -9.54957 ], [ -64.13701, -9.5458 ], [ -64.13971, -9.54685 ], [ -64.14132, -9.55149 ], [ -64.14087, -9.55357 ], [ -64.14197, -9.55398 ], [ -64.1436, -9.55325 ], [ -64.14452, -9.55416 ], [ -64.14639, -9.55422 ], [ -64.14577, -9.5506 ], [ -64.14508, -9.54993 ], [ -64.14515, -9.54778 ] ] } },
{ "type": "Feature", "properties": { "name": "Avenida Porto Velho", "cls": "secondary" }, "geometry": { "type": "LineString", "coordinates": [ [ -63.82767, -10.18916 ], [ -63.82769, -10.19231 ] ] } },
{ "type": "Feature", "properties": { "name": null, "cls": "secondary" }, "geometry": { "type": "LineString", "coordinates": [ [ -64.19296, -10.26326 ], [ -64.19192, -10.26323 ] ] } },
{ "type": "Feature", "properties": { "name": "Ponte Sobre o Rio Madeira", "cls": "trunk" }, "geometry": { "type": "LineString", "coordinates": [ [ -63.92769, -8.73846 ], [ -63.91824, -8.73728 ] ] } },
{ "type": "Feature", "properties": { "name": null, "cls": "secondary" }, "geometry": { "type": "LineString", "coordinates": [ [ -64.19296, -10.26326 ], [ -64.19597, -10.26296 ], [ -64.19885, -10.26034 ], [ -64.20494, -10.26116 ], [ -64.20752, -10.26 ], [ -64.20925, -10.25995 ], [ -64.2129, -10.26169 ], [ -64.21524, -10.26208 ], [ -64.28067, -10.2688 ] ] } },
{ "type": "Feature", "properties": { "name": null, "cls": "secondary" }, "geometry": { "type": "LineString", "coordinates": [ [ -63.07637, -9.52621 ], [ -63.07313, -9.52539 ], [ -63.00672, -9.52546 ], [ -63.00332, -9.52594 ] ] } },
{ "type": "Feature", "properties": { "name": null, "cls": "secondary" }, "geometry": { "type": "LineString", "coordinates": [ [ -63.07637, -9.52621 ], [ -63.07712, -9.52621 ] ] } },
{ "type": "Feature", "properties": { "name": null, "cls": "secondary" }, "geometry": { "type": "LineString", "coordinates": [ [ -63.07713, -9.52656 ], [ -63.07712, -9.52621 ] ] } },
{ "type": "Feature", "properties": { "name": null, "cls": "secondary" }, "geometry": { "type": "LineString", "coordinates": [ [ -62.79082, -10.87278 ], [ -62.79066, -10.8772 ], [ -62.78149, -10.89303 ], [ -62.77532, -10.89812 ], [ -62.77253, -10.89871 ], [ -62.77181, -10.90008 ], [ -62.76505, -10.90507 ] ] } },
{ "type": "Feature", "properties": { "name": null, "cls": "secondary" }, "geometry": { "type": "LineString", "coordinates": [ [ -62.67959, -11.02975 ], [ -62.67585, -11.02558 ] ] } },
{ "type": "Feature", "properties": { "name": null, "cls": "secondary" }, "geometry": { "type": "LineString", "coordinates": [ [ -62.68126, -11.03102 ], [ -62.68107, -11.03102 ] ] } },
{ "type": "Feature", "properties": { "name": null, "cls": "secondary" }, "geometry": { "type": "LineString", "coordinates": [ [ -62.44358, -10.82415 ], [ -62.46065, -10.83796 ], [ -62.46177, -10.83968 ], [ -62.46318, -10.84479 ], [ -62.46474, -10.84688 ], [ -62.46787, -10.84898 ], [ -62.47209, -10.84811 ], [ -62.47365, -10.8484 ], [ -62.47611, -10.85032 ], [ -62.47857, -10.8512 ], [ -62.48, -10.85339 ], [ -62.48359, -10.8564 ] ] } },
{ "type": "Feature", "properties": { "name": "Avenida Jorge Teixeira", "cls": "secondary" }, "geometry": { "type": "LineString", "coordinates": [ [ -62.54908, -10.90878 ], [ -62.5543, -10.91297 ] ] } },
{ "type": "Feature", "properties": { "name": null, "cls": "secondary" }, "geometry": { "type": "LineString", "coordinates": [ [ -62.58494, -10.93695 ], [ -62.58664, -10.93886 ], [ -62.6268, -10.97078 ], [ -62.67277, -11.02213 ] ] } },
{ "type": "Feature", "properties": { "name": null, "cls": "primary" }, "geometry": { "type": "LineString", "coordinates": [ [ -62.25366, -10.93002 ], [ -62.21387, -10.83118 ], [ -62.20883, -10.82713 ], [ -62.20881, -10.82578 ], [ -62.2102, -10.82314 ], [ -62.20824, -10.81798 ], [ -62.21096, -10.81352 ], [ -62.21085, -10.81205 ], [ -62.20963, -10.81093 ], [ -62.20562, -10.81012 ], [ -62.2047, -10.80902 ], [ -62.19029, -10.77315 ], [ -62.1901, -10.77051 ], [ -62.18852, -10.7687 ], [ -62.18806, -10.76402 ] ] } },
{ "type": "Feature", "properties": { "name": "Avenida Pedra Branca", "cls": "secondary" }, "geometry": { "type": "LineString", "coordinates": [ [ -62.7301, -10.60895 ], [ -62.72904, -10.60775 ] ] } },
{ "type": "Feature", "properties": { "name": null, "cls": "secondary" }, "geometry": { "type": "LineString", "coordinates": [ [ -62.79168, -10.57751 ], [ -62.79504, -10.58065 ] ] } },
{ "type": "Feature", "properties": { "name": null, "cls": "secondary" }, "geometry": { "type": "LineString", "coordinates": [ [ -61.95838, -9.43456 ], [ -61.95872, -9.42702 ], [ -61.9603, -9.42574 ] ] } },
{ "type": "Feature", "properties": { "name": null, "cls": "primary" }, "geometry": { "type": "LineString", "coordinates": [ [ -62.20754, -11.24422 ], [ -62.20433, -11.24015 ], [ -62.19719, -11.24047 ], [ -62.19568, -11.23988 ], [ -62.1835, -11.22819 ], [ -62.17403, -11.22526 ] ] } },
{ "type": "Feature", "properties": { "name": null, "cls": "primary" }, "geometry": { "type": "LineString", "coordinates": [ [ -62.20773, -11.24468 ], [ -62.20754, -11.24422 ] ] } },
{ "type": "Feature", "properties": { "name": null, "cls": "secondary" }, "geometry": { "type": "LineString", "coordinates": [ [ -63.79576, -10.23264 ], [ -63.81638, -10.24326 ], [ -63.82391, -10.25876 ], [ -63.85626, -10.25888 ], [ -63.85805, -10.25667 ], [ -63.85886, -10.25655 ], [ -63.86022, -10.25867 ], [ -63.86419, -10.25921 ], [ -63.89501, -10.25885 ], [ -63.89772, -10.2594 ], [ -63.89879, -10.25884 ], [ -63.90542, -10.25877 ], [ -63.92475, -10.2593 ], [ -63.92975, -10.25886 ] ] } },
{ "type": "Feature", "properties": { "name": "Rua Maçaranduba", "cls": "secondary" }, "geometry": { "type": "LineString", "coordinates": [ [ -64.28089, -10.26877 ], [ -64.29066, -10.26983 ] ] } },
{ "type": "Feature", "properties": { "name": "Rua Maçaranduba", "cls": "secondary" }, "geometry": { "type": "LineString", "coordinates": [ [ -64.2915, -10.26995 ], [ -64.28089, -10.26886 ] ] } },
{ "type": "Feature", "properties": { "name": "Rua Maçaranduba", "cls": "secondary" }, "geometry": { "type": "LineString", "coordinates": [ [ -64.29066, -10.26983 ], [ -64.2915, -10.26995 ] ] } },
{ "type": "Feature", "properties": { "name": "Estrada do Pacífico", "cls": "trunk" }, "geometry": { "type": "LineString", "coordinates": [ [ -64.39615, -9.2586 ], [ -64.42596, -9.25719 ], [ -64.53196, -9.27923 ], [ -64.54533, -9.28457 ] ] } },
{ "type": "Feature", "properties": { "name": null, "cls": "secondary" }, "geometry": { "type": "LineString", "coordinates": [ [ -63.12151, -9.71595 ], [ -63.12237, -9.71648 ] ] } },
{ "type": "Feature", "properties": { "name": null, "cls": "secondary" }, "geometry": { "type": "LineString", "coordinates": [ [ -63.12151, -9.71595 ], [ -63.11878, -9.71636 ] ] } },
{ "type": "Feature", "properties": { "name": null, "cls": "secondary" }, "geometry": { "type": "LineString", "coordinates": [ [ -63.11878, -9.71636 ], [ -63.11844, -9.71676 ] ] } },
{ "type": "Feature", "properties": { "name": null, "cls": "secondary" }, "geometry": { "type": "LineString", "coordinates": [ [ -63.12237, -9.71648 ], [ -63.12418, -9.71744 ], [ -63.12658, -9.7163 ], [ -63.13986, -9.71737 ] ] } },
{ "type": "Feature", "properties": { "name": null, "cls": "secondary" }, "geometry": { "type": "LineString", "coordinates": [ [ -63.14018, -9.71723 ], [ -63.14041, -9.71752 ] ] } },
{ "type": "Feature", "properties": { "name": null, "cls": "secondary" }, "geometry": { "type": "LineString", "coordinates": [ [ -63.14027, -9.71784 ], [ -63.14019, -9.71753 ] ] } },
{ "type": "Feature", "properties": { "name": null, "cls": "secondary" }, "geometry": { "type": "LineString", "coordinates": [ [ -63.14027, -9.71784 ], [ -63.13843, -9.7553 ] ] } },
{ "type": "Feature", "properties": { "name": null, "cls": "secondary" }, "geometry": { "type": "LineString", "coordinates": [ [ -63.13913, -9.75581 ], [ -63.19045, -9.75819 ], [ -63.19547, -9.75893 ], [ -63.19868, -9.75857 ], [ -63.20266, -9.75922 ], [ -63.22393, -9.75991 ], [ -63.27902, -9.75979 ], [ -63.28675, -9.76112 ], [ -63.28763, -9.76089 ], [ -63.288, -9.76004 ] ] } },
{ "type": "Feature", "properties": { "name": null, "cls": "secondary" }, "geometry": { "type": "LineString", "coordinates": [ [ -63.288, -9.76004 ], [ -63.28814, -9.75959 ] ] } },
{ "type": "Feature", "properties": { "name": null, "cls": "secondary" }, "geometry": { "type": "LineString", "coordinates": [ [ -63.28814, -9.75959 ], [ -63.28925, -9.75825 ], [ -63.29897, -9.75981 ], [ -63.31868, -9.75977 ] ] } },
{ "type": "Feature", "properties": { "name": "Avenida Jorge Teixeira", "cls": "secondary" }, "geometry": { "type": "LineString", "coordinates": [ [ -63.31868, -9.75977 ], [ -63.31882, -9.72894 ] ] } },
{ "type": "Feature", "properties": { "name": "Avenida Jorge Teixeira", "cls": "secondary" }, "geometry": { "type": "LineString", "coordinates": [ [ -63.31895, -9.72338 ], [ -63.31882, -9.72894 ] ] } },
{ "type": "Feature", "properties": { "name": "Avenida Jorge Teixeira", "cls": "secondary" }, "geometry": { "type": "LineString", "coordinates": [ [ -63.31882, -9.72894 ], [ -63.3188, -9.7234 ] ] } },
{ "type": "Feature", "properties": { "name": "RO-460", "cls": "primary" }, "geometry": { "type": "LineString", "coordinates": [ [ -63.73064, -10.28083 ], [ -63.73136, -10.28062 ] ] } },
{ "type": "Feature", "properties": { "name": "RO-460", "cls": "primary" }, "geometry": { "type": "LineString", "coordinates": [ [ -63.73136, -10.28062 ], [ -63.73365, -10.2795 ], [ -63.74491, -10.26544 ] ] } },
{ "type": "Feature", "properties": { "name": null, "cls": "secondary" }, "geometry": { "type": "LineString", "coordinates": [ [ -63.45345, -9.23164 ], [ -63.47373, -9.21403 ], [ -63.47467, -9.21225 ], [ -63.47476, -9.20884 ] ] } },
{ "type": "Feature", "properties": { "name": null, "cls": "secondary" }, "geometry": { "type": "LineString", "coordinates": [ [ -64.24057, -9.36579 ], [ -64.23719, -9.38299 ], [ -64.23816, -9.4033 ], [ -64.23612, -9.41421 ], [ -64.23659, -9.41678 ], [ -64.2359, -9.42295 ], [ -64.23619, -9.42534 ], [ -64.23737, -9.42776 ], [ -64.23614, -9.43057 ], [ -64.23725, -9.43786 ], [ -64.23722, -9.44594 ], [ -64.22256, -9.44563 ], [ -64.22006, -9.44638 ], [ -64.21724, -9.44551 ], [ -64.21429, -9.44868 ], [ -64.21423, -9.45027 ], [ -64.21756, -9.45086 ], [ -64.22175, -9.4499 ], [ -64.22266, -9.45192 ], [ -64.22301, -9.45678 ], [ -64.22233, -9.45783 ] ] } },
{ "type": "Feature", "properties": { "name": null, "cls": "secondary" }, "geometry": { "type": "LineString", "coordinates": [ [ -64.24053, -9.36565 ], [ -64.24057, -9.36579 ] ] } },
{ "type": "Feature", "properties": { "name": null, "cls": "trunk" }, "geometry": { "type": "LineString", "coordinates": [ [ -63.81486, -8.80045 ], [ -63.7591, -8.80062 ], [ -63.74925, -8.80361 ], [ -63.7405, -8.80065 ], [ -63.72066, -8.80055 ], [ -63.71797, -8.79973 ] ] } },
{ "type": "Feature", "properties": { "name": null, "cls": "trunk" }, "geometry": { "type": "LineString", "coordinates": [ [ -63.6844, -8.7959 ], [ -63.7048, -8.79806 ], [ -63.71417, -8.79769 ], [ -63.71681, -8.79868 ] ] } },
{ "type": "Feature", "properties": { "name": "Anel Viário", "cls": "trunk" }, "geometry": { "type": "LineString", "coordinates": [ [ -61.9314, -10.92072 ], [ -61.93446, -10.92073 ], [ -61.9447, -10.91879 ] ] } },
{ "type": "Feature", "properties": { "name": "Avenida Jorge Teixeira", "cls": "primary" }, "geometry": { "type": "LineString", "coordinates": [ [ -62.00997, -11.06965 ], [ -62.01006, -11.06023 ] ] } },
{ "type": "Feature", "properties": { "name": "Avenida Jorge Teixeira", "cls": "primary" }, "geometry": { "type": "LineString", "coordinates": [ [ -62.01006, -11.06023 ], [ -62.00997, -11.06965 ] ] } },
{ "type": "Feature", "properties": { "name": null, "cls": "primary" }, "geometry": { "type": "LineString", "coordinates": [ [ -62.00997, -11.06965 ], [ -62.0097, -11.08189 ], [ -62.01104, -11.10039 ], [ -62.00987, -11.12026 ], [ -62.01048, -11.12804 ], [ -62.01041, -11.14586 ], [ -62.00924, -11.20247 ] ] } },
{ "type": "Feature", "properties": { "name": null, "cls": "primary" }, "geometry": { "type": "LineString", "coordinates": [ [ -62.34482, -10.25244 ], [ -62.33837, -10.25484 ], [ -62.33564, -10.25962 ], [ -62.33621, -10.26446 ], [ -62.33164, -10.26717 ] ] } },
{ "type": "Feature", "properties": { "name": "Avenida Jamari", "cls": "secondary" }, "geometry": { "type": "LineString", "coordinates": [ [ -63.03423, -9.91959 ], [ -63.04743, -9.91543 ] ] } },
{ "type": "Feature", "properties": { "name": "Avenida Jamari", "cls": "secondary" }, "geometry": { "type": "LineString", "coordinates": [ [ -63.03424, -9.92 ], [ -63.03182, -9.92098 ] ] } },
{ "type": "Feature", "properties": { "name": "Avenida Jamari", "cls": "secondary" }, "geometry": { "type": "LineString", "coordinates": [ [ -63.03412, -9.91967 ], [ -63.03423, -9.91959 ] ] } },
{ "type": "Feature", "properties": { "name": "Avenida Jamari", "cls": "secondary" }, "geometry": { "type": "LineString", "coordinates": [ [ -63.04744, -9.91566 ], [ -63.03424, -9.92 ] ] } },
{ "type": "Feature", "properties": { "name": "Rotatória Rodoviária", "cls": "secondary" }, "geometry": { "type": "LineString", "coordinates": [ [ -63.03161, -9.92084 ], [ -63.03179, -9.92088 ], [ -63.03176, -9.92107 ], [ -63.03156, -9.92103 ], [ -63.03161, -9.92084 ] ] } },
{ "type": "Feature", "properties": { "name": "Avenida Jamari", "cls": "secondary" }, "geometry": { "type": "LineString", "coordinates": [ [ -63.03179, -9.92088 ], [ -63.0341, -9.91997 ] ] } },
{ "type": "Feature", "properties": { "name": null, "cls": "secondary" }, "geometry": { "type": "LineString", "coordinates": [ [ -63.03176, -9.92107 ], [ -63.03189, -9.92206 ] ] } },
{ "type": "Feature", "properties": { "name": null, "cls": "secondary" }, "geometry": { "type": "LineString", "coordinates": [ [ -63.03156, -9.92217 ], [ -63.03161, -9.92108 ] ] } },
{ "type": "Feature", "properties": { "name": "Avenida Jamari", "cls": "secondary" }, "geometry": { "type": "LineString", "coordinates": [ [ -63.01712, -9.92593 ], [ -63.03154, -9.92093 ] ] } },
{ "type": "Feature", "properties": { "name": "Avenida Jamari", "cls": "secondary" }, "geometry": { "type": "LineString", "coordinates": [ [ -63.03159, -9.92106 ], [ -63.01714, -9.92608 ] ] } },
{ "type": "Feature", "properties": { "name": "Acesso BR-364", "cls": "primary" }, "geometry": { "type": "LineString", "coordinates": [ [ -63.05561, -9.91577 ], [ -63.05602, -9.91615 ] ] } },
{ "type": "Feature", "properties": { "name": "Acesso BR-364", "cls": "primary" }, "geometry": { "type": "LineString", "coordinates": [ [ -63.05602, -9.91615 ], [ -63.0558, -9.91616 ] ] } },
{ "type": "Feature", "properties": { "name": null, "cls": "secondary" }, "geometry": { "type": "LineString", "coordinates": [ [ -63.05517, -9.91607 ], [ -63.05523, -9.9155 ] ] } },
{ "type": "Feature", "properties": { "name": "Acesso", "cls": "trunk" }, "geometry": { "type": "LineString", "coordinates": [ [ -63.05555, -9.91628 ], [ -63.05538, -9.91707 ] ] } },
{ "type": "Feature", "properties": { "name": "Acesso", "cls": "trunk" }, "geometry": { "type": "LineString", "coordinates": [ [ -63.05538, -9.91707 ], [ -63.0553, -9.91635 ] ] } },
{ "type": "Feature", "properties": { "name": null, "cls": "trunk" }, "geometry": { "type": "LineString", "coordinates": [ [ -63.05559, -9.91619 ], [ -63.05555, -9.91628 ] ] } },
{ "type": "Feature", "properties": { "name": "Acesso", "cls": "trunk" }, "geometry": { "type": "LineString", "coordinates": [ [ -63.0553, -9.91635 ], [ -63.05527, -9.91616 ] ] } },
{ "type": "Feature", "properties": { "name": "Acesso", "cls": "trunk" }, "geometry": { "type": "LineString", "coordinates": [ [ -63.05549, -9.91494 ], [ -63.05561, -9.91577 ] ] } },
{ "type": "Feature", "properties": { "name": "Acesso", "cls": "trunk" }, "geometry": { "type": "LineString", "coordinates": [ [ -63.0553, -9.91571 ], [ -63.05533, -9.9156 ] ] } },
{ "type": "Feature", "properties": { "name": "Via Lateral", "cls": "secondary" }, "geometry": { "type": "LineString", "coordinates": [ [ -63.0574, -9.8782 ], [ -63.05537, -9.92007 ] ] } },
{ "type": "Feature", "properties": { "name": null, "cls": "secondary" }, "geometry": { "type": "LineString", "coordinates": [ [ -63.05517, -9.91626 ], [ -63.05517, -9.91619 ] ] } },
{ "type": "Feature", "properties": { "name": "Via Lateral", "cls": "secondary" }, "geometry": { "type": "LineString", "coordinates": [ [ -63.05488, -9.92673 ], [ -63.05517, -9.91626 ] ] } },
{ "type": "Feature", "properties": { "name": null, "cls": "trunk" }, "geometry": { "type": "LineString", "coordinates": [ [ -63.05559, -9.91619 ], [ -63.05527, -9.91616 ] ] } },
{ "type": "Feature", "properties": { "name": null, "cls": "secondary" }, "geometry": { "type": "LineString", "coordinates": [ [ -63.05517, -9.91619 ], [ -63.05517, -9.91607 ] ] } },
{ "type": "Feature", "properties": { "name": "Acesso", "cls": "trunk" }, "geometry": { "type": "LineString", "coordinates": [ [ -63.05533, -9.9156 ], [ -63.05549, -9.91494 ] ] } },
{ "type": "Feature", "properties": { "name": "Via Lateral", "cls": "secondary" }, "geometry": { "type": "LineString", "coordinates": [ [ -63.05523, -9.9155 ], [ -63.0568, -9.88123 ], [ -63.05739, -9.87832 ] ] } },
{ "type": "Feature", "properties": { "name": "Avenida Capitão Silvio", "cls": "secondary" }, "geometry": { "type": "LineString", "coordinates": [ [ -63.05504, -9.91572 ], [ -63.0553, -9.91571 ] ] } },
{ "type": "Feature", "properties": { "name": "Avenida Capitão Silvio", "cls": "secondary" }, "geometry": { "type": "LineString", "coordinates": [ [ -63.05506, -9.91608 ], [ -63.05078, -9.9161 ], [ -63.02939, -9.92391 ], [ -63.02866, -9.92318 ] ] } },
{ "type": "Feature", "properties": { "name": "Avenida Capitão Silvio", "cls": "secondary" }, "geometry": { "type": "LineString", "coordinates": [ [ -63.05527, -9.91616 ], [ -63.05506, -9.91608 ] ] } },
{ "type": "Feature", "properties": { "name": "Acesso BR-364", "cls": "primary" }, "geometry": { "type": "LineString", "coordinates": [ [ -63.0558, -9.91616 ], [ -63.05559, -9.91619 ] ] } },
{ "type": "Feature", "properties": { "name": null, "cls": "trunk" }, "geometry": { "type": "LineString", "coordinates": [ [ -63.05613, -9.90457 ], [ -63.05612, -9.90495 ] ] } },
{ "type": "Feature", "properties": { "name": null, "cls": "trunk" }, "geometry": { "type": "LineString", "coordinates": [ [ -63.05595, -9.9055 ], [ -63.05585, -9.90492 ] ] } },
{ "type": "Feature", "properties": { "name": null, "cls": "trunk" }, "geometry": { "type": "LineString", "coordinates": [ [ -63.05612, -9.90495 ], [ -63.05595, -9.9055 ] ] } },
{ "type": "Feature", "properties": { "name": null, "cls": "secondary" }, "geometry": { "type": "LineString", "coordinates": [ [ -63.05634, -9.90486 ], [ -63.05618, -9.90489 ] ] } },
{ "type": "Feature", "properties": { "name": null, "cls": "secondary" }, "geometry": { "type": "LineString", "coordinates": [ [ -63.05613, -9.90457 ], [ -63.05623, -9.90466 ] ] } },
{ "type": "Feature", "properties": { "name": null, "cls": "trunk" }, "geometry": { "type": "LineString", "coordinates": [ [ -63.05602, -9.90401 ], [ -63.05613, -9.90457 ] ] } },
{ "type": "Feature", "properties": { "name": null, "cls": "trunk" }, "geometry": { "type": "LineString", "coordinates": [ [ -63.05586, -9.9046 ], [ -63.05602, -9.90401 ] ] } },
{ "type": "Feature", "properties": { "name": null, "cls": "secondary" }, "geometry": { "type": "LineString", "coordinates": [ [ -63.05575, -9.90464 ], [ -63.05586, -9.9046 ] ] } },
{ "type": "Feature", "properties": { "name": null, "cls": "secondary" }, "geometry": { "type": "LineString", "coordinates": [ [ -63.05585, -9.90492 ], [ -63.05576, -9.90486 ] ] } },
{ "type": "Feature", "properties": { "name": null, "cls": "secondary" }, "geometry": { "type": "LineString", "coordinates": [ [ -63.05623, -9.90466 ], [ -63.05636, -9.90474 ] ] } },
{ "type": "Feature", "properties": { "name": null, "cls": "secondary" }, "geometry": { "type": "LineString", "coordinates": [ [ -63.05612, -9.90495 ], [ -63.05585, -9.90492 ] ] } },
{ "type": "Feature", "properties": { "name": null, "cls": "secondary" }, "geometry": { "type": "LineString", "coordinates": [ [ -63.05618, -9.90489 ], [ -63.05612, -9.90495 ] ] } },
{ "type": "Feature", "properties": { "name": null, "cls": "secondary" }, "geometry": { "type": "LineString", "coordinates": [ [ -63.05586, -9.9046 ], [ -63.05613, -9.90457 ] ] } },
{ "type": "Feature", "properties": { "name": null, "cls": "secondary" }, "geometry": { "type": "LineString", "coordinates": [ [ -63.05562, -9.90467 ], [ -63.05575, -9.90464 ] ] } },
{ "type": "Feature", "properties": { "name": null, "cls": "secondary" }, "geometry": { "type": "LineString", "coordinates": [ [ -63.05576, -9.90486 ], [ -63.05561, -9.9048 ] ] } },
{ "type": "Feature", "properties": { "name": "Avenida Hugo Frey", "cls": "secondary" }, "geometry": { "type": "LineString", "coordinates": [ [ -63.05667, -9.8886 ], [ -63.03504, -9.88831 ] ] } },
{ "type": "Feature", "properties": { "name": null, "cls": "trunk" }, "geometry": { "type": "LineString", "coordinates": [ [ -63.05685, -9.88825 ], [ -63.05698, -9.8885 ], [ -63.05682, -9.88876 ], [ -63.05668, -9.88848 ], [ -63.05685, -9.88825 ] ] } },
{ "type": "Feature", "properties": { "name": null, "cls": "secondary" }, "geometry": { "type": "LineString", "coordinates": [ [ -63.05717, -9.88859 ], [ -63.05696, -9.88861 ] ] } },
{ "type": "Feature", "properties": { "name": null, "cls": "secondary" }, "geometry": { "type": "LineString", "coordinates": [ [ -63.05696, -9.88836 ], [ -63.05718, -9.88846 ] ] } },
{ "type": "Feature", "properties": { "name": null, "cls": "trunk" }, "geometry": { "type": "LineString", "coordinates": [ [ -63.05692, -9.88871 ], [ -63.05675, -9.88939 ] ] } },
{ "type": "Feature", "properties": { "name": null, "cls": "trunk" }, "geometry": { "type": "LineString", "coordinates": [ [ -63.05675, -9.88939 ], [ -63.05669, -9.88869 ] ] } },
{ "type": "Feature", "properties": { "name": null, "cls": "trunk" }, "geometry": { "type": "LineString", "coordinates": [ [ -63.05686, -9.88766 ], [ -63.05694, -9.88832 ] ] } },
{ "type": "Feature", "properties": { "name": null, "cls": "trunk" }, "geometry": { "type": "LineString", "coordinates": [ [ -63.05671, -9.88832 ], [ -63.05686, -9.88766 ] ] } },
{ "type": "Feature", "properties": { "name": null, "cls": "secondary" }, "geometry": { "type": "LineString", "coordinates": [ [ -63.0567, -9.88456 ], [ -63.05692, -9.88449 ] ] } },
{ "type": "Feature", "properties": { "name": null, "cls": "trunk" }, "geometry": { "type": "LineString", "coordinates": [ [ -63.05707, -9.88434 ], [ -63.05722, -9.88455 ], [ -63.05706, -9.88488 ], [ -63.0569, -9.88471 ], [ -63.05707, -9.88434 ] ] } },
{ "type": "Feature", "properties": { "name": null, "cls": "secondary" }, "geometry": { "type": "LineString", "coordinates": [ [ -63.0569, -9.88471 ], [ -63.0567, -9.88464 ] ] } },
{ "type": "Feature", "properties": { "name": null, "cls": "trunk" }, "geometry": { "type": "LineString", "coordinates": [ [ -63.05699, -9.88545 ], [ -63.05693, -9.88482 ] ] } },
{ "type": "Feature", "properties": { "name": null, "cls": "trunk" }, "geometry": { "type": "LineString", "coordinates": [ [ -63.05715, -9.88485 ], [ -63.05699, -9.88545 ] ] } },
{ "type": "Feature", "properties": { "name": null, "cls": "trunk" }, "geometry": { "type": "LineString", "coordinates": [ [ -63.05695, -9.88441 ], [ -63.0571, -9.88367 ] ] } },
{ "type": "Feature", "properties": { "name": null, "cls": "trunk" }, "geometry": { "type": "LineString", "coordinates": [ [ -63.0571, -9.88367 ], [ -63.05721, -9.88444 ] ] } },
{ "type": "Feature", "properties": { "name": null, "cls": "secondary" }, "geometry": { "type": "LineString", "coordinates": [ [ -63.05722, -9.8845 ], [ -63.05743, -9.88456 ] ] } },
{ "type": "Feature", "properties": { "name": null, "cls": "secondary" }, "geometry": { "type": "LineString", "coordinates": [ [ -63.0574, -9.88472 ], [ -63.0572, -9.88476 ] ] } },
{ "type": "Feature", "properties": { "name": "Avenida Capitão Silvio", "cls": "secondary" }, "geometry": { "type": "LineString", "coordinates": [ [ -63.02866, -9.92318 ], [ -63.04949, -9.91581 ], [ -63.05504, -9.91572 ] ] } },
{ "type": "Feature", "properties": { "name": null, "cls": "secondary" }, "geometry": { "type": "LineString", "coordinates": [ [ -62.8998, -9.70556 ], [ -62.90209, -9.70561 ] ] } },
{ "type": "Feature", "properties": { "name": null, "cls": "secondary" }, "geometry": { "type": "LineString", "coordinates": [ [ -62.90209, -9.70561 ], [ -62.8998, -9.70566 ] ] } },
{ "type": "Feature", "properties": { "name": null, "cls": "secondary" }, "geometry": { "type": "LineString", "coordinates": [ [ -62.91897, -9.70591 ], [ -62.9872, -9.70653 ], [ -62.99042, -9.7071 ], [ -62.99288, -9.70657 ], [ -63.00111, -9.70657 ], [ -63.00289, -9.70504 ], [ -63.00585, -9.70669 ], [ -63.05434, -9.70682 ], [ -63.05793, -9.7064 ], [ -63.09498, -9.7069 ], [ -63.10418, -9.70501 ], [ -63.11119, -9.70687 ] ] } },
{ "type": "Feature", "properties": { "name": null, "cls": "secondary" }, "geometry": { "type": "LineString", "coordinates": [ [ -63.11181, -9.70705 ], [ -63.11161, -9.70677 ] ] } },
{ "type": "Feature", "properties": { "name": "Avenida Jorge Teixeira", "cls": "trunk" }, "geometry": { "type": "LineString", "coordinates": [ [ -63.93719, -8.84318 ], [ -63.93771, -8.83209 ], [ -63.93687, -8.82942 ], [ -63.93518, -8.82768 ], [ -63.9245, -8.82069 ], [ -63.92134, -8.81707 ], [ -63.91699, -8.80905 ] ] } },
{ "type": "Feature", "properties": { "name": "Avenida Jorge Teixeira", "cls": "trunk" }, "geometry": { "type": "LineString", "coordinates": [ [ -63.91707, -8.80899 ], [ -63.91947, -8.81386 ], [ -63.92469, -8.82067 ], [ -63.9353, -8.8276 ], [ -63.93698, -8.82931 ], [ -63.93792, -8.83342 ], [ -63.93719, -8.84318 ] ] } },
{ "type": "Feature", "properties": { "name": "Avenida Rio de Janeiro", "cls": "secondary" }, "geometry": { "type": "LineString", "coordinates": [ [ -63.88699, -8.77245 ], [ -63.90445, -8.77619 ] ] } },
{ "type": "Feature", "properties": { "name": null, "cls": "trunk" }, "geometry": { "type": "LineString", "coordinates": [ [ -63.81792, -8.80019 ], [ -63.82539, -8.80038 ], [ -63.82919, -8.80123 ], [ -63.83177, -8.80084 ], [ -63.85927, -8.78505 ] ] } },
{ "type": "Feature", "properties": { "name": null, "cls": "trunk" }, "geometry": { "type": "LineString", "coordinates": [ [ -63.85827, -8.78572 ], [ -63.83157, -8.80099 ], [ -63.81793, -8.80059 ] ] } },
{ "type": "Feature", "properties": { "name": null, "cls": "secondary" }, "geometry": { "type": "LineString", "coordinates": [ [ -63.42832, -10.36084 ], [ -63.43183, -10.36265 ], [ -63.43377, -10.3644 ], [ -63.43949, -10.37299 ], [ -63.44014, -10.37518 ] ] } },
{ "type": "Feature", "properties": { "name": "Avenida Ayrton Senna", "cls": "primary" }, "geometry": { "type": "LineString", "coordinates": [ [ -63.81669, -10.21878 ], [ -63.82781, -10.21244 ] ] } },
{ "type": "Feature", "properties": { "name": null, "cls": "trunk" }, "geometry": { "type": "LineString", "coordinates": [ [ -62.00161, -10.84358 ], [ -62.00932, -10.83818 ], [ -62.01209, -10.83203 ] ] } },
{ "type": "Feature", "properties": { "name": "Rodovia BR-364", "cls": "trunk" }, "geometry": { "type": "LineString", "coordinates": [ [ -61.90152, -11.19584 ], [ -61.90179, -11.19892 ] ] } },
{ "type": "Feature", "properties": { "name": "Avenida Transcontinental", "cls": "primary" }, "geometry": { "type": "LineString", "coordinates": [ [ -61.93351, -10.88646 ], [ -61.93921, -10.88262 ] ] } },
{ "type": "Feature", "properties": { "name": null, "cls": "trunk" }, "geometry": { "type": "LineString", "coordinates": [ [ -63.48778, -8.77471 ], [ -63.48861, -8.7748 ] ] } },
{ "type": "Feature", "properties": { "name": null, "cls": "trunk" }, "geometry": { "type": "LineString", "coordinates": [ [ -63.71634, -8.79866 ], [ -63.71404, -8.79784 ], [ -63.70638, -8.79839 ], [ -63.6844, -8.7959 ] ] } },
{ "type": "Feature", "properties": { "name": "Avenida Jorge Teixeira", "cls": "trunk" }, "geometry": { "type": "LineString", "coordinates": [ [ -63.88352, -8.76975 ], [ -63.88386, -8.76771 ] ] } },
{ "type": "Feature", "properties": { "name": "Avenida Prefeito Chiquilito Erse", "cls": "secondary" }, "geometry": { "type": "LineString", "coordinates": [ [ -63.87367, -8.77641 ], [ -63.87194, -8.77276 ], [ -63.87842, -8.74256 ] ] } },
{ "type": "Feature", "properties": { "name": "Avenida Prefeito Chiquilito Erse", "cls": "secondary" }, "geometry": { "type": "LineString", "coordinates": [ [ -63.87867, -8.73673 ], [ -63.87872, -8.73739 ] ] } },
{ "type": "Feature", "properties": { "name": "Avenida Rio de Janeiro", "cls": "secondary" }, "geometry": { "type": "LineString", "coordinates": [ [ -63.87268, -8.76934 ], [ -63.87259, -8.76932 ] ] } },
{ "type": "Feature", "properties": { "name": "Avenida Rio de Janeiro", "cls": "secondary" }, "geometry": { "type": "LineString", "coordinates": [ [ -63.87259, -8.76932 ], [ -63.84383, -8.76291 ] ] } },
{ "type": "Feature", "properties": { "name": "Avenida Rio de Janeiro", "cls": "secondary" }, "geometry": { "type": "LineString", "coordinates": [ [ -63.87444, -8.76965 ], [ -63.88027, -8.77095 ] ] } },
{ "type": "Feature", "properties": { "name": "Avenida Rio de Janeiro", "cls": "secondary" }, "geometry": { "type": "LineString", "coordinates": [ [ -63.8726, -8.76925 ], [ -63.8727, -8.76927 ] ] } },
{ "type": "Feature", "properties": { "name": "Avenida 7 de Setembro", "cls": "secondary" }, "geometry": { "type": "LineString", "coordinates": [ [ -63.8797, -8.75969 ], [ -63.87477, -8.75866 ] ] } },
{ "type": "Feature", "properties": { "name": null, "cls": "secondary" }, "geometry": { "type": "LineString", "coordinates": [ [ -63.87174, -8.77812 ], [ -63.87162, -8.77767 ], [ -63.87211, -8.77756 ], [ -63.87222, -8.77797 ], [ -63.87174, -8.77812 ] ] } },
{ "type": "Feature", "properties": { "name": null, "cls": "trunk" }, "geometry": { "type": "LineString", "coordinates": [ [ -63.87249, -8.77758 ], [ -63.87143, -8.77819 ] ] } },
{ "type": "Feature", "properties": { "name": null, "cls": "trunk" }, "geometry": { "type": "LineString", "coordinates": [ [ -63.87143, -8.77819 ], [ -63.86438, -8.78223 ] ] } },
{ "type": "Feature", "properties": { "name": null, "cls": "trunk" }, "geometry": { "type": "LineString", "coordinates": [ [ -63.87138, -8.7781 ], [ -63.87243, -8.7775 ] ] } },
{ "type": "Feature", "properties": { "name": "Rua da Beira", "cls": "secondary" }, "geometry": { "type": "LineString", "coordinates": [ [ -63.87379, -8.77635 ], [ -63.88027, -8.77283 ], [ -63.88117, -8.7718 ] ] } },
{ "type": "Feature", "properties": { "name": "Avenida Guaporé", "cls": "secondary" }, "geometry": { "type": "LineString", "coordinates": [ [ -63.8628, -8.75332 ], [ -63.85536, -8.78694 ] ] } },
{ "type": "Feature", "properties": { "name": "Avenida Guaporé", "cls": "secondary" }, "geometry": { "type": "LineString", "coordinates": [ [ -63.85536, -8.78694 ], [ -63.85545, -8.78709 ] ] } },
{ "type": "Feature", "properties": { "name": "Avenida Mamoré", "cls": "secondary" }, "geometry": { "type": "LineString", "coordinates": [ [ -63.84097, -8.77571 ], [ -63.83911, -8.78535 ], [ -63.84666, -8.79214 ] ] } },
{ "type": "Feature", "properties": { "name": "Avenida Mamoré", "cls": "secondary" }, "geometry": { "type": "LineString", "coordinates": [ [ -63.84622, -8.79239 ], [ -63.83895, -8.78515 ], [ -63.84097, -8.77571 ] ] } },
{ "type": "Feature", "properties": { "name": null, "cls": "trunk" }, "geometry": { "type": "LineString", "coordinates": [ [ -63.81793, -8.80059 ], [ -63.81486, -8.80045 ] ] } },
{ "type": "Feature", "properties": { "name": null, "cls": "trunk" }, "geometry": { "type": "LineString", "coordinates": [ [ -63.71803, -8.79947 ], [ -63.72073, -8.80045 ], [ -63.74136, -8.80056 ], [ -63.74915, -8.8035 ], [ -63.76125, -8.80012 ], [ -63.81792, -8.80019 ] ] } },
{ "type": "Feature", "properties": { "name": null, "cls": "trunk" }, "geometry": { "type": "LineString", "coordinates": [ [ -63.71681, -8.79868 ], [ -63.71803, -8.79947 ] ] } },
{ "type": "Feature", "properties": { "name": null, "cls": "trunk" }, "geometry": { "type": "LineString", "coordinates": [ [ -63.65053, -8.79236 ], [ -63.48861, -8.7748 ] ] } },
{ "type": "Feature", "properties": { "name": null, "cls": "trunk" }, "geometry": { "type": "LineString", "coordinates": [ [ -63.48644, -8.77456 ], [ -63.481, -8.7751 ], [ -63.47677, -8.77873 ] ] } },
{ "type": "Feature", "properties": { "name": "Avenida Francisco Vieira de Souza", "cls": "secondary" }, "geometry": { "type": "LineString", "coordinates": [ [ -62.80224, -10.85992 ], [ -62.79497, -10.8529 ] ] } },
{ "type": "Feature", "properties": { "name": null, "cls": "secondary" }, "geometry": { "type": "LineString", "coordinates": [ [ -62.89611, -10.4786 ], [ -62.8957, -10.47679 ], [ -62.8965, -10.47508 ], [ -62.89493, -10.47286 ], [ -62.89721, -10.47187 ], [ -62.89836, -10.47022 ], [ -62.9038, -10.46796 ], [ -62.9048, -10.46406 ], [ -62.89925, -10.45331 ], [ -62.89972, -10.42068 ], [ -62.90098, -10.41838 ], [ -62.89987, -10.41759 ], [ -62.90008, -10.40994 ], [ -62.89536, -10.40606 ], [ -62.89559, -10.40411 ], [ -62.89906, -10.40158 ], [ -62.90128, -10.39637 ] ] } },
{ "type": "Feature", "properties": { "name": null, "cls": "secondary" }, "geometry": { "type": "LineString", "coordinates": [ [ -63.01788, -10.53622 ], [ -63.01747, -10.53112 ], [ -63.01541, -10.52939 ], [ -63.01449, -10.52606 ], [ -63.01514, -10.52244 ], [ -63.01497, -10.518 ], [ -63.01028, -10.51127 ], [ -63.00797, -10.50625 ], [ -63.00961, -10.5036 ], [ -63.002, -10.49805 ], [ -63.00313, -10.49672 ], [ -63.00185, -10.49532 ], [ -63.00029, -10.4908 ], [ -63.00211, -10.48929 ], [ -63.0024, -10.48783 ], [ -63.00037, -10.48789 ], [ -62.99982, -10.48583 ] ] } },
{ "type": "Feature", "properties": { "name": "Avenida Calama", "cls": "secondary" }, "geometry": { "type": "LineString", "coordinates": [ [ -63.88309, -8.74816 ], [ -63.88788, -8.74917 ] ] } },
{ "type": "Feature", "properties": { "name": "Avenida 7 de Setembro", "cls": "secondary" }, "geometry": { "type": "LineString", "coordinates": [ [ -63.88563, -8.76103 ], [ -63.88533, -8.76096 ] ] } },
{ "type": "Feature", "properties": { "name": "Avenida 7 de Setembro", "cls": "secondary" }, "geometry": { "type": "LineString", "coordinates": [ [ -63.88533, -8.76096 ], [ -63.88066, -8.75989 ] ] } },
{ "type": "Feature", "properties": { "name": "Avenida Jorge Teixeira", "cls": "trunk" }, "geometry": { "type": "LineString", "coordinates": [ [ -63.88582, -8.75872 ], [ -63.88986, -8.73996 ] ] } },
{ "type": "Feature", "properties": { "name": null, "cls": "secondary" }, "geometry": { "type": "LineString", "coordinates": [ [ -63.86284, -8.75324 ], [ -63.86274, -8.75334 ], [ -63.86265, -8.75324 ], [ -63.86275, -8.75316 ], [ -63.86284, -8.75324 ] ] } },
{ "type": "Feature", "properties": { "name": "Avenida Guaporé", "cls": "secondary" }, "geometry": { "type": "LineString", "coordinates": [ [ -63.86269, -8.75317 ], [ -63.86471, -8.74395 ] ] } },
{ "type": "Feature", "properties": { "name": "Avenida Guaporé", "cls": "secondary" }, "geometry": { "type": "LineString", "coordinates": [ [ -63.85979, -8.76644 ], [ -63.86268, -8.75331 ] ] } },
{ "type": "Feature", "properties": { "name": "Rua Guapore", "cls": "secondary" }, "geometry": { "type": "LineString", "coordinates": [ [ -63.8552, -8.78724 ], [ -63.85979, -8.76644 ] ] } },
{ "type": "Feature", "properties": { "name": "Avenida Jorge Teixeira", "cls": "trunk" }, "geometry": { "type": "LineString", "coordinates": [ [ -63.88417, -8.76778 ], [ -63.88373, -8.76988 ] ] } },
{ "type": "Feature", "properties": { "name": "Avenida Jorge Teixeira", "cls": "trunk" }, "geometry": { "type": "LineString", "coordinates": [ [ -63.88425, -8.766 ], [ -63.88489, -8.76303 ] ] } },
{ "type": "Feature", "properties": { "name": "Rua da Beira", "cls": "secondary" }, "geometry": { "type": "LineString", "coordinates": [ [ -63.88584, -8.77425 ], [ -63.88518, -8.77356 ] ] } },
{ "type": "Feature", "properties": { "name": "Rua da Beira", "cls": "secondary" }, "geometry": { "type": "LineString", "coordinates": [ [ -63.87953, -8.7737 ], [ -63.8752, -8.77622 ] ] } },
{ "type": "Feature", "properties": { "name": "Rua Abunã", "cls": "secondary" }, "geometry": { "type": "LineString", "coordinates": [ [ -63.88796, -8.75032 ], [ -63.88765, -8.75025 ] ] } },
{ "type": "Feature", "properties": { "name": "Rua Abunã", "cls": "secondary" }, "geometry": { "type": "LineString", "coordinates": [ [ -63.88765, -8.75025 ], [ -63.88329, -8.74931 ] ] } },
{ "type": "Feature", "properties": { "name": null, "cls": "trunk" }, "geometry": { "type": "LineString", "coordinates": [ [ -63.10124, -9.48035 ], [ -63.10211, -9.48 ] ] } },
{ "type": "Feature", "properties": { "name": null, "cls": "trunk" }, "geometry": { "type": "LineString", "coordinates": [ [ -63.10211, -9.48 ], [ -63.10344, -9.47928 ], [ -63.1039, -9.47805 ], [ -63.10179, -9.47207 ], [ -63.10276, -9.44249 ], [ -63.12339, -9.4104 ], [ -63.13899, -9.34837 ] ] } },
{ "type": "Feature", "properties": { "name": null, "cls": "primary" }, "geometry": { "type": "LineString", "coordinates": [ [ -63.11155, -9.9551 ], [ -63.11188, -9.95545 ] ] } },
{ "type": "Feature", "properties": { "name": null, "cls": "primary" }, "geometry": { "type": "LineString", "coordinates": [ [ -63.11188, -9.95545 ], [ -63.13363, -9.97977 ] ] } },
{ "type": "Feature", "properties": { "name": null, "cls": "secondary" }, "geometry": { "type": "LineString", "coordinates": [ [ -63.14019, -9.71753 ], [ -63.14018, -9.71723 ] ] } },
{ "type": "Feature", "properties": { "name": null, "cls": "secondary" }, "geometry": { "type": "LineString", "coordinates": [ [ -63.14041, -9.71752 ], [ -63.14019, -9.71753 ] ] } },
{ "type": "Feature", "properties": { "name": null, "cls": "secondary" }, "geometry": { "type": "LineString", "coordinates": [ [ -63.13913, -9.75581 ], [ -63.13874, -9.75588 ] ] } },
{ "type": "Feature", "properties": { "name": null, "cls": "secondary" }, "geometry": { "type": "LineString", "coordinates": [ [ -63.13874, -9.75567 ], [ -63.13913, -9.75581 ] ] } },
{ "type": "Feature", "properties": { "name": "Avenida Ayrton Senna", "cls": "primary" }, "geometry": { "type": "LineString", "coordinates": [ [ -63.82776, -10.21258 ], [ -63.82468, -10.2143 ] ] } },
{ "type": "Feature", "properties": { "name": null, "cls": "secondary" }, "geometry": { "type": "LineString", "coordinates": [ [ -63.01738, -9.90368 ], [ -63.01742, -9.90351 ] ] } },
{ "type": "Feature", "properties": { "name": null, "cls": "secondary" }, "geometry": { "type": "LineString", "coordinates": [ [ -63.89235, -8.77991 ], [ -63.89352, -8.78104 ] ] } },
{ "type": "Feature", "properties": { "name": "Rua Aluísio Azevedo", "cls": "secondary" }, "geometry": { "type": "LineString", "coordinates": [ [ -63.89537, -8.78278 ], [ -63.89735, -8.78356 ] ] } },
{ "type": "Feature", "properties": { "name": "Rua Alto Lins", "cls": "secondary" }, "geometry": { "type": "LineString", "coordinates": [ [ -63.89331, -8.78138 ], [ -63.89054, -8.77868 ] ] } },
{ "type": "Feature", "properties": { "name": "Rua da Beira", "cls": "secondary" }, "geometry": { "type": "LineString", "coordinates": [ [ -63.86994, -8.77934 ], [ -63.86452, -8.78246 ] ] } },
{ "type": "Feature", "properties": { "name": "Avenida Mamoré", "cls": "secondary" }, "geometry": { "type": "LineString", "coordinates": [ [ -63.84301, -8.76665 ], [ -63.84305, -8.76649 ] ] } },
{ "type": "Feature", "properties": { "name": "Avenida Mamoré", "cls": "secondary" }, "geometry": { "type": "LineString", "coordinates": [ [ -63.84305, -8.76649 ], [ -63.84481, -8.75866 ] ] } },
{ "type": "Feature", "properties": { "name": null, "cls": "primary" }, "geometry": { "type": "LineString", "coordinates": [ [ -62.51589, -10.40617 ], [ -62.51628, -10.40634 ] ] } },
{ "type": "Feature", "properties": { "name": null, "cls": "secondary" }, "geometry": { "type": "LineString", "coordinates": [ [ -62.51662, -10.40699 ], [ -62.51624, -10.40674 ] ] } },
{ "type": "Feature", "properties": { "name": null, "cls": "primary" }, "geometry": { "type": "LineString", "coordinates": [ [ -62.51611, -10.40666 ], [ -62.51644, -10.40643 ] ] } },
{ "type": "Feature", "properties": { "name": "Avenida Juscelino Kubitschek", "cls": "trunk" }, "geometry": { "type": "LineString", "coordinates": [ [ -62.46416, -10.44721 ], [ -62.4653, -10.44548 ] ] } },
{ "type": "Feature", "properties": { "name": null, "cls": "trunk" }, "geometry": { "type": "LineString", "coordinates": [ [ -62.765, -10.22251 ], [ -62.76878, -10.21956 ], [ -62.77248, -10.21256 ], [ -62.7754, -10.20931 ], [ -62.78935, -10.20261 ], [ -62.82069, -10.18087 ] ] } },
{ "type": "Feature", "properties": { "name": "Avenida Juscelino Kubitschek", "cls": "trunk" }, "geometry": { "type": "LineString", "coordinates": [ [ -62.47793, -10.43338 ], [ -62.48174, -10.4309 ] ] } },
{ "type": "Feature", "properties": { "name": "Rua Saulo da Cunha", "cls": "secondary" }, "geometry": { "type": "LineString", "coordinates": [ [ -62.80036, -10.86186 ], [ -62.80224, -10.85992 ] ] } },
{ "type": "Feature", "properties": { "name": null, "cls": "secondary" }, "geometry": { "type": "LineString", "coordinates": [ [ -62.69018, -10.75032 ], [ -62.66473, -10.72502 ], [ -62.65917, -10.72203 ], [ -62.65654, -10.71688 ], [ -62.64847, -10.70886 ], [ -62.64709, -10.70579 ], [ -62.64194, -10.70257 ], [ -62.63832, -10.6987 ], [ -62.63769, -10.69704 ], [ -62.63835, -10.6921 ], [ -62.63618, -10.68195 ], [ -62.63082, -10.67918 ], [ -62.62992, -10.67922 ], [ -62.62224, -10.68434 ], [ -62.62116, -10.68427 ], [ -62.61909, -10.6823 ], [ -62.61915, -10.67946 ], [ -62.61685, -10.67686 ], [ -62.61504, -10.6708 ], [ -62.61513, -10.66168 ], [ -62.612, -10.65677 ], [ -62.60698, -10.65397 ], [ -62.60486, -10.6556 ], [ -62.60347, -10.65584 ], [ -62.6012, -10.6535 ], [ -62.595, -10.64946 ], [ -62.59103, -10.64984 ], [ -62.58892, -10.65341 ] ] } },
{ "type": "Feature", "properties": { "name": "Avenida Porto Velho", "cls": "secondary" }, "geometry": { "type": "LineString", "coordinates": [ [ -63.82773, -10.21247 ], [ -63.82763, -10.20615 ] ] } },
{ "type": "Feature", "properties": { "name": null, "cls": "secondary" }, "geometry": { "type": "LineString", "coordinates": [ [ -63.99942, -9.71768 ], [ -64.00098, -9.72009 ], [ -63.99512, -9.74839 ], [ -63.99524, -9.75054 ], [ -63.99324, -9.75889 ], [ -63.9924, -9.76013 ], [ -63.99182, -9.76497 ], [ -63.99101, -9.76625 ], [ -63.98896, -9.7666 ], [ -63.98681, -9.76806 ], [ -63.98487, -9.77472 ], [ -63.98546, -9.77663 ], [ -63.98392, -9.78173 ], [ -63.9825, -9.78275 ], [ -63.98137, -9.78725 ], [ -63.98374, -9.78973 ], [ -63.98332, -9.79245 ], [ -63.97574, -9.81257 ], [ -63.97196, -9.81828 ], [ -63.96743, -9.82963 ], [ -63.95362, -9.85829 ], [ -63.94644, -9.87685 ], [ -63.94021, -9.89912 ] ] } },
{ "type": "Feature", "properties": { "name": null, "cls": "secondary" }, "geometry": { "type": "LineString", "coordinates": [ [ -63.61596, -10.57494 ], [ -63.6083, -10.5741 ] ] } },
{ "type": "Feature", "properties": { "name": null, "cls": "secondary" }, "geometry": { "type": "LineString", "coordinates": [ [ -63.6083, -10.5741 ], [ -63.59898, -10.57457 ], [ -63.59544, -10.57265 ] ] } },
{ "type": "Feature", "properties": { "name": "Avenida Jorge Teixeira", "cls": "secondary" }, "geometry": { "type": "LineString", "coordinates": [ [ -62.55806, -10.916 ], [ -62.55603, -10.91443 ] ] } },
{ "type": "Feature", "properties": { "name": null, "cls": "secondary" }, "geometry": { "type": "LineString", "coordinates": [ [ -62.13109, -10.43628 ], [ -62.13335, -10.43931 ], [ -62.13829, -10.45713 ] ] } },
{ "type": "Feature", "properties": { "name": null, "cls": "secondary" }, "geometry": { "type": "LineString", "coordinates": [ [ -62.13109, -10.43628 ], [ -62.13111, -10.43195 ], [ -62.12975, -10.42741 ] ] } },
{ "type": "Feature", "properties": { "name": null, "cls": "secondary" }, "geometry": { "type": "LineString", "coordinates": [ [ -62.12984, -10.42738 ], [ -62.13121, -10.432 ], [ -62.13109, -10.43628 ] ] } },
{ "type": "Feature", "properties": { "name": null, "cls": "primary" }, "geometry": { "type": "LineString", "coordinates": [ [ -62.51644, -10.40643 ], [ -62.51611, -10.40666 ] ] } },
{ "type": "Feature", "properties": { "name": null, "cls": "primary" }, "geometry": { "type": "LineString", "coordinates": [ [ -62.25383, -10.9304 ], [ -62.25366, -10.93002 ] ] } },
{ "type": "Feature", "properties": { "name": null, "cls": "primary" }, "geometry": { "type": "LineString", "coordinates": [ [ -62.26238, -10.9516 ], [ -62.2583, -10.94192 ] ] } },
{ "type": "Feature", "properties": { "name": null, "cls": "primary" }, "geometry": { "type": "LineString", "coordinates": [ [ -62.26262, -10.95203 ], [ -62.26238, -10.9516 ] ] } },
{ "type": "Feature", "properties": { "name": null, "cls": "primary" }, "geometry": { "type": "LineString", "coordinates": [ [ -62.3633, -11.14497 ], [ -62.36288, -11.14359 ], [ -62.36355, -11.13552 ] ] } },
{ "type": "Feature", "properties": { "name": "Avenida Afonso Pena", "cls": "primary" }, "geometry": { "type": "LineString", "coordinates": [ [ -62.25413, -10.93134 ], [ -62.25621, -10.93672 ] ] } },
{ "type": "Feature", "properties": { "name": null, "cls": "secondary" }, "geometry": { "type": "LineString", "coordinates": [ [ -62.89956, -10.16175 ], [ -62.89955, -10.16235 ] ] } },
{ "type": "Feature", "properties": { "name": null, "cls": "secondary" }, "geometry": { "type": "LineString", "coordinates": [ [ -62.89955, -10.16235 ], [ -62.90043, -10.16845 ], [ -62.90011, -10.22244 ], [ -62.901, -10.22742 ], [ -62.90021, -10.23203 ], [ -62.90028, -10.24267 ], [ -62.9009, -10.24575 ], [ -62.90024, -10.24814 ], [ -62.90013, -10.25354 ], [ -62.9015, -10.25867 ], [ -62.90143, -10.26221 ], [ -62.89967, -10.26881 ], [ -62.90016, -10.27207 ], [ -62.89893, -10.27898 ], [ -62.90008, -10.28217 ], [ -62.90103, -10.28916 ], [ -62.9039, -10.29622 ], [ -62.90155, -10.30238 ], [ -62.89998, -10.31114 ], [ -62.89748, -10.31801 ], [ -62.89767, -10.31966 ], [ -62.89998, -10.32452 ], [ -62.89989, -10.33121 ] ] } },
{ "type": "Feature", "properties": { "name": "Avenida do Cacau", "cls": "secondary" }, "geometry": { "type": "LineString", "coordinates": [ [ -62.9, -10.33286 ], [ -62.89998, -10.3383 ] ] } },
{ "type": "Feature", "properties": { "name": null, "cls": "secondary" }, "geometry": { "type": "LineString", "coordinates": [ [ -63.01831, -10.53771 ], [ -63.01835, -10.53949 ] ] } },
{ "type": "Feature", "properties": { "name": null, "cls": "secondary" }, "geometry": { "type": "LineString", "coordinates": [ [ -63.0141, -10.54037 ], [ -63.01604, -10.54103 ] ] } },
{ "type": "Feature", "properties": { "name": "Avenida Jorge Teixeira", "cls": "secondary" }, "geometry": { "type": "LineString", "coordinates": [ [ -63.88368, -8.77144 ], [ -63.88388, -8.77182 ] ] } },
{ "type": "Feature", "properties": { "name": "Avenida Jorge Teixeira", "cls": "secondary" }, "geometry": { "type": "LineString", "coordinates": [ [ -63.88361, -8.77046 ], [ -63.88368, -8.77144 ] ] } },
{ "type": "Feature", "properties": { "name": null, "cls": "trunk" }, "geometry": { "type": "LineString", "coordinates": [ [ -63.87551, -8.77574 ], [ -63.87949, -8.77347 ] ] } },
{ "type": "Feature", "properties": { "name": null, "cls": "trunk" }, "geometry": { "type": "LineString", "coordinates": [ [ -63.88043, -8.77293 ], [ -63.88228, -8.77106 ], [ -63.88389, -8.77195 ] ] } },
{ "type": "Feature", "properties": { "name": null, "cls": "trunk" }, "geometry": { "type": "LineString", "coordinates": [ [ -63.88195, -8.77119 ], [ -63.88352, -8.76975 ] ] } },
{ "type": "Feature", "properties": { "name": null, "cls": "trunk" }, "geometry": { "type": "LineString", "coordinates": [ [ -63.88373, -8.76988 ], [ -63.88345, -8.7706 ] ] } },
{ "type": "Feature", "properties": { "name": null, "cls": "trunk" }, "geometry": { "type": "LineString", "coordinates": [ [ -63.88319, -8.77109 ], [ -63.88295, -8.7714 ] ] } },
{ "type": "Feature", "properties": { "name": null, "cls": "trunk" }, "geometry": { "type": "LineString", "coordinates": [ [ -63.88295, -8.7714 ], [ -63.88067, -8.7729 ] ] } },
{ "type": "Feature", "properties": { "name": null, "cls": "trunk" }, "geometry": { "type": "LineString", "coordinates": [ [ -63.88411, -8.77232 ], [ -63.88244, -8.77117 ], [ -63.88067, -8.7729 ] ] } },
{ "type": "Feature", "properties": { "name": null, "cls": "primary" }, "geometry": { "type": "LineString", "coordinates": [ [ -62.23316, -11.29213 ], [ -62.23237, -11.29142 ] ] } },
{ "type": "Feature", "properties": { "name": null, "cls": "primary" }, "geometry": { "type": "LineString", "coordinates": [ [ -62.23237, -11.29142 ], [ -62.23102, -11.29003 ], [ -62.23067, -11.28774 ], [ -62.23515, -11.28148 ], [ -62.2352, -11.27939 ], [ -62.20984, -11.24935 ], [ -62.20773, -11.24468 ] ] } },
{ "type": "Feature", "properties": { "name": null, "cls": "primary" }, "geometry": { "type": "LineString", "coordinates": [ [ -62.33405, -11.29053 ], [ -62.33405, -11.29137 ] ] } },
{ "type": "Feature", "properties": { "name": null, "cls": "primary" }, "geometry": { "type": "LineString", "coordinates": [ [ -62.33405, -11.29137 ], [ -62.33291, -11.29679 ], [ -62.33458, -11.30286 ], [ -62.33363, -11.30473 ], [ -62.31661, -11.32207 ], [ -62.29113, -11.34497 ] ] } },
{ "type": "Feature", "properties": { "name": null, "cls": "secondary" }, "geometry": { "type": "LineString", "coordinates": [ [ -64.53619, -10.30516 ], [ -64.53891, -10.30664 ], [ -64.54748, -10.30792 ], [ -64.55245, -10.30964 ], [ -64.56013, -10.31651 ] ] } },
{ "type": "Feature", "properties": { "name": null, "cls": "secondary" }, "geometry": { "type": "LineString", "coordinates": [ [ -64.53545, -10.30488 ], [ -64.53619, -10.30516 ] ] } },
{ "type": "Feature", "properties": { "name": null, "cls": "secondary" }, "geometry": { "type": "LineString", "coordinates": [ [ -64.44902, -10.28981 ], [ -64.44958, -10.2898 ] ] } },
{ "type": "Feature", "properties": { "name": null, "cls": "secondary" }, "geometry": { "type": "LineString", "coordinates": [ [ -64.48738, -10.29603 ], [ -64.50983, -10.30024 ], [ -64.5136, -10.30199 ], [ -64.51646, -10.3012 ], [ -64.51814, -10.3029 ], [ -64.51988, -10.302 ], [ -64.53545, -10.30488 ] ] } },
{ "type": "Feature", "properties": { "name": null, "cls": "secondary" }, "geometry": { "type": "LineString", "coordinates": [ [ -63.00277, -9.52605 ], [ -62.99843, -9.52546 ], [ -62.93919, -9.52554 ], [ -62.91408, -9.53139 ], [ -62.91272, -9.5307 ], [ -62.91084, -9.52663 ], [ -62.9086, -9.52556 ], [ -62.76358, -9.52582 ], [ -62.75827, -9.52639 ], [ -62.75174, -9.52584 ], [ -62.73057, -9.52581 ], [ -62.70549, -9.52048 ], [ -62.69897, -9.51367 ], [ -62.69573, -9.51139 ], [ -62.69293, -9.508 ], [ -62.68609, -9.50479 ], [ -62.68013, -9.50471 ], [ -62.67372, -9.49695 ], [ -62.67099, -9.49558 ], [ -62.6476, -9.47468 ], [ -62.63322, -9.47523 ], [ -62.6235, -9.47969 ], [ -62.62226, -9.47977 ] ] } },
{ "type": "Feature", "properties": { "name": null, "cls": "secondary" }, "geometry": { "type": "LineString", "coordinates": [ [ -63.00332, -9.52594 ], [ -63.00277, -9.52605 ] ] } },
{ "type": "Feature", "properties": { "name": null, "cls": "secondary" }, "geometry": { "type": "LineString", "coordinates": [ [ -62.61441, -9.43532 ], [ -62.61245, -9.43363 ], [ -62.59504, -9.42361 ], [ -62.59094, -9.38692 ], [ -62.57948, -9.38631 ], [ -62.57796, -9.38568 ] ] } },
{ "type": "Feature", "properties": { "name": null, "cls": "secondary" }, "geometry": { "type": "LineString", "coordinates": [ [ -62.61481, -9.43553 ], [ -62.61441, -9.43532 ] ] } },
{ "type": "Feature", "properties": { "name": "Anel Viário", "cls": "trunk" }, "geometry": { "type": "LineString", "coordinates": [ [ -61.96362, -10.91048 ], [ -61.96457, -10.90975 ] ] } },
{ "type": "Feature", "properties": { "name": "Anel Viário", "cls": "trunk" }, "geometry": { "type": "LineString", "coordinates": [ [ -61.9861, -10.88865 ], [ -61.98747, -10.88737 ] ] } },
{ "type": "Feature", "properties": { "name": null, "cls": "primary" }, "geometry": { "type": "LineString", "coordinates": [ [ -62.3633, -11.14497 ], [ -62.36385, -11.14598 ] ] } },
{ "type": "Feature", "properties": { "name": "Avenida Transcontinental", "cls": "primary" }, "geometry": { "type": "LineString", "coordinates": [ [ -61.93041, -10.90016 ], [ -61.9306, -10.89262 ] ] } },
{ "type": "Feature", "properties": { "name": "Avenida Transcontinental", "cls": "primary" }, "geometry": { "type": "LineString", "coordinates": [ [ -61.93921, -10.88262 ], [ -61.94266, -10.88035 ] ] } },
{ "type": "Feature", "properties": { "name": "Avenida Transcontinental", "cls": "primary" }, "geometry": { "type": "LineString", "coordinates": [ [ -61.94266, -10.88035 ], [ -61.94395, -10.87951 ] ] } },
{ "type": "Feature", "properties": { "name": "Avenida Transcontinental", "cls": "primary" }, "geometry": { "type": "LineString", "coordinates": [ [ -61.93112, -10.89025 ], [ -61.93351, -10.88646 ] ] } },
{ "type": "Feature", "properties": { "name": "Avenida Transcontinental", "cls": "primary" }, "geometry": { "type": "LineString", "coordinates": [ [ -61.97045, -10.86467 ], [ -61.96679, -10.86727 ], [ -61.96471, -10.868 ] ] } },
{ "type": "Feature", "properties": { "name": "Avenida Transcontinental", "cls": "primary" }, "geometry": { "type": "LineString", "coordinates": [ [ -61.93577, -10.88501 ], [ -61.93357, -10.88651 ] ] } },
{ "type": "Feature", "properties": { "name": "Avenida Transcontinental", "cls": "primary" }, "geometry": { "type": "LineString", "coordinates": [ [ -61.93357, -10.88651 ], [ -61.9312, -10.89028 ] ] } },
{ "type": "Feature", "properties": { "name": "Anel Viário", "cls": "trunk" }, "geometry": { "type": "LineString", "coordinates": [ [ -61.9447, -10.91879 ], [ -61.94902, -10.91799 ] ] } },
{ "type": "Feature", "properties": { "name": null, "cls": "secondary" }, "geometry": { "type": "LineString", "coordinates": [ [ -62.13847, -10.4577 ], [ -62.14496, -10.48317 ], [ -62.18839, -10.63125 ] ] } },
{ "type": "Feature", "properties": { "name": null, "cls": "secondary" }, "geometry": { "type": "LineString", "coordinates": [ [ -62.13829, -10.45713 ], [ -62.13847, -10.4577 ] ] } },
{ "type": "Feature", "properties": { "name": "Avenida Guaporé", "cls": "secondary" }, "geometry": { "type": "LineString", "coordinates": [ [ -63.86471, -8.74395 ], [ -63.8662, -8.73712 ] ] } },
{ "type": "Feature", "properties": { "name": "Avenida Guaporé", "cls": "secondary" }, "geometry": { "type": "LineString", "coordinates": [ [ -63.8662, -8.73712 ], [ -63.8665, -8.7356 ] ] } },
{ "type": "Feature", "properties": { "name": null, "cls": "secondary" }, "geometry": { "type": "LineString", "coordinates": [ [ -61.88919, -9.31911 ], [ -61.8914, -9.31929 ], [ -61.89955, -9.30795 ], [ -61.90824, -9.31417 ], [ -61.91782, -9.31774 ], [ -61.92739, -9.32364 ], [ -61.927, -9.33397 ], [ -61.92623, -9.3364 ], [ -61.92501, -9.34999 ], [ -61.92566, -9.35151 ], [ -61.92889, -9.3542 ], [ -61.92957, -9.35814 ] ] } },
{ "type": "Feature", "properties": { "name": "Rodovia Porto Velho - Manaus", "cls": "trunk" }, "geometry": { "type": "LineString", "coordinates": [ [ -63.91726, -8.73837 ], [ -63.91824, -8.73728 ] ] } },
{ "type": "Feature", "properties": { "name": "Avenida Guaporé", "cls": "secondary" }, "geometry": { "type": "LineString", "coordinates": [ [ -63.86479, -8.7442 ], [ -63.86282, -8.7532 ] ] } },
{ "type": "Feature", "properties": { "name": "Avenida Mamoré", "cls": "secondary" }, "geometry": { "type": "LineString", "coordinates": [ [ -63.84889, -8.74069 ], [ -63.84678, -8.74987 ] ] } },
{ "type": "Feature", "properties": { "name": "Avenida Mamoré", "cls": "secondary" }, "geometry": { "type": "LineString", "coordinates": [ [ -63.84678, -8.74987 ], [ -63.84877, -8.74075 ] ] } },
{ "type": "Feature", "properties": { "name": "Avenida Mamoré", "cls": "secondary" }, "geometry": { "type": "LineString", "coordinates": [ [ -63.84097, -8.77571 ], [ -63.84262, -8.76833 ] ] } },
{ "type": "Feature", "properties": { "name": null, "cls": "secondary" }, "geometry": { "type": "LineString", "coordinates": [ [ -63.89054, -8.77868 ], [ -63.88947, -8.77769 ] ] } },
{ "type": "Feature", "properties": { "name": null, "cls": "trunk" }, "geometry": { "type": "LineString", "coordinates": [ [ -63.19541, -9.18555 ], [ -63.18382, -9.19724 ] ] } },
{ "type": "Feature", "properties": { "name": null, "cls": "trunk" }, "geometry": { "type": "LineString", "coordinates": [ [ -63.26637, -9.11361 ], [ -63.2687, -9.10176 ], [ -63.2704, -9.09892 ], [ -63.29535, -9.08519 ] ] } },
{ "type": "Feature", "properties": { "name": null, "cls": "secondary" }, "geometry": { "type": "LineString", "coordinates": [ [ -63.03485, -9.89419 ], [ -63.03487, -9.89434 ], [ -63.0347, -9.89438 ], [ -63.03468, -9.8942 ], [ -63.03485, -9.89419 ] ] } },
{ "type": "Feature", "properties": { "name": "Avenida Tancredo Neves", "cls": "secondary" }, "geometry": { "type": "LineString", "coordinates": [ [ -63.03501, -9.88835 ], [ -63.03485, -9.89419 ] ] } },
{ "type": "Feature", "properties": { "name": null, "cls": "secondary" }, "geometry": { "type": "LineString", "coordinates": [ [ -63.03221, -9.89422 ], [ -63.0322, -9.89439 ], [ -63.03202, -9.89437 ], [ -63.03205, -9.8942 ], [ -63.03221, -9.89422 ] ] } },
{ "type": "Feature", "properties": { "name": "Avenida Machadinho", "cls": "secondary" }, "geometry": { "type": "LineString", "coordinates": [ [ -63.03223, -9.89424 ], [ -63.03466, -9.89423 ] ] } },
{ "type": "Feature", "properties": { "name": null, "cls": "secondary" }, "geometry": { "type": "LineString", "coordinates": [ [ -63.03194, -9.89914 ], [ -63.03197, -9.89897 ], [ -63.03213, -9.89901 ], [ -63.0321, -9.89917 ], [ -63.03194, -9.89914 ] ] } },
{ "type": "Feature", "properties": { "name": null, "cls": "trunk" }, "geometry": { "type": "LineString", "coordinates": [ [ -63.18382, -9.19724 ], [ -63.19541, -9.18555 ] ] } },
{ "type": "Feature", "properties": { "name": "Rua da Beira", "cls": "secondary" }, "geometry": { "type": "LineString", "coordinates": [ [ -63.88947, -8.77769 ], [ -63.88656, -8.77495 ] ] } },
{ "type": "Feature", "properties": { "name": "Rua da Beira", "cls": "secondary" }, "geometry": { "type": "LineString", "coordinates": [ [ -63.84622, -8.79239 ], [ -63.85912, -8.78492 ] ] } },
{ "type": "Feature", "properties": { "name": "Rua da Beira", "cls": "secondary" }, "geometry": { "type": "LineString", "coordinates": [ [ -63.84258, -8.7945 ], [ -63.84622, -8.79239 ] ] } },
{ "type": "Feature", "properties": { "name": null, "cls": "secondary" }, "geometry": { "type": "LineString", "coordinates": [ [ -63.89101, -8.77865 ], [ -63.89235, -8.77991 ] ] } },
{ "type": "Feature", "properties": { "name": null, "cls": "trunk" }, "geometry": { "type": "LineString", "coordinates": [ [ -63.13899, -9.34837 ], [ -63.15795, -9.27468 ] ] } },
{ "type": "Feature", "properties": { "name": null, "cls": "trunk" }, "geometry": { "type": "LineString", "coordinates": [ [ -63.15795, -9.27468 ], [ -63.17415, -9.21181 ] ] } },
{ "type": "Feature", "properties": { "name": null, "cls": "secondary" }, "geometry": { "type": "LineString", "coordinates": [ [ -63.07748, -9.52617 ], [ -63.07747, -9.52658 ] ] } },
{ "type": "Feature", "properties": { "name": "Rua da Beira", "cls": "secondary" }, "geometry": { "type": "LineString", "coordinates": [ [ -63.86452, -8.78246 ], [ -63.8605, -8.78477 ] ] } },
{ "type": "Feature", "properties": { "name": null, "cls": "secondary" }, "geometry": { "type": "LineString", "coordinates": [ [ -63.86896, -8.77915 ], [ -63.86991, -8.77858 ] ] } },
{ "type": "Feature", "properties": { "name": "Avenida Juscelino Kubitschek", "cls": "trunk" }, "geometry": { "type": "LineString", "coordinates": [ [ -62.48168, -10.43132 ], [ -62.47814, -10.43361 ] ] } },
{ "type": "Feature", "properties": { "name": "Avenida Juscelino Kubitschek", "cls": "trunk" }, "geometry": { "type": "LineString", "coordinates": [ [ -62.4653, -10.44548 ], [ -62.46628, -10.44391 ] ] } },
{ "type": "Feature", "properties": { "name": "Avenida Juscelino Kubitschek", "cls": "trunk" }, "geometry": { "type": "LineString", "coordinates": [ [ -62.46792, -10.44122 ], [ -62.46994, -10.43891 ], [ -62.47427, -10.4358 ] ] } },
{ "type": "Feature", "properties": { "name": null, "cls": "secondary" }, "geometry": { "type": "LineString", "coordinates": [ [ -62.56395, -10.63021 ], [ -62.56234, -10.62939 ], [ -62.56024, -10.62603 ], [ -62.53671, -10.60347 ], [ -62.53422, -10.60009 ], [ -62.52848, -10.59564 ], [ -62.52425, -10.59083 ], [ -62.51871, -10.58606 ], [ -62.51645, -10.58484 ], [ -62.50766, -10.57756 ], [ -62.50643, -10.57423 ], [ -62.49969, -10.5679 ], [ -62.49299, -10.56015 ], [ -62.48393, -10.55314 ], [ -62.4819, -10.5503 ], [ -62.47447, -10.54309 ], [ -62.46537, -10.5397 ], [ -62.46333, -10.53318 ], [ -62.45439, -10.52264 ], [ -62.44515, -10.51558 ], [ -62.43698, -10.50606 ], [ -62.43525, -10.50279 ], [ -62.43257, -10.50103 ], [ -62.43029, -10.49819 ], [ -62.42764, -10.49684 ], [ -62.4241, -10.49371 ] ] } },
{ "type": "Feature", "properties": { "name": null, "cls": "secondary" }, "geometry": { "type": "LineString", "coordinates": [ [ -62.99931, -10.53929 ], [ -62.99899, -10.53732 ], [ -62.99624, -10.536 ], [ -62.99147, -10.53624 ], [ -62.9892, -10.5378 ], [ -62.9852, -10.53744 ], [ -62.9838, -10.53669 ], [ -62.96673, -10.53662 ], [ -62.96474, -10.53408 ], [ -62.96204, -10.53266 ], [ -62.94967, -10.53371 ], [ -62.94408, -10.53591 ], [ -62.94178, -10.53567 ], [ -62.94021, -10.53756 ], [ -62.9381, -10.53613 ], [ -62.93515, -10.53571 ], [ -62.93341, -10.53641 ], [ -62.92977, -10.53594 ], [ -62.92855, -10.53665 ], [ -62.92262, -10.53737 ], [ -62.91765, -10.5362 ], [ -62.91091, -10.53732 ], [ -62.90813, -10.53684 ], [ -62.90455, -10.53504 ] ] } },
{ "type": "Feature", "properties": { "name": "Rua Ipê", "cls": "secondary" }, "geometry": { "type": "LineString", "coordinates": [ [ -62.75893, -10.5928 ], [ -62.75376, -10.59895 ], [ -62.7501, -10.60099 ], [ -62.74117, -10.5993 ], [ -62.74079, -10.60084 ], [ -62.73795, -10.60399 ], [ -62.73682, -10.60687 ], [ -62.73521, -10.60745 ], [ -62.73427, -10.61116 ] ] } },
{ "type": "Feature", "properties": { "name": null, "cls": "primary" }, "geometry": { "type": "LineString", "coordinates": [ [ -62.32859, -10.26794 ], [ -62.32791, -10.2665 ] ] } },
{ "type": "Feature", "properties": { "name": null, "cls": "primary" }, "geometry": { "type": "LineString", "coordinates": [ [ -62.32791, -10.2665 ], [ -62.32908, -10.26793 ], [ -62.33133, -10.26733 ] ] } },
{ "type": "Feature", "properties": { "name": null, "cls": "primary" }, "geometry": { "type": "LineString", "coordinates": [ [ -62.33133, -10.26733 ], [ -62.32962, -10.26823 ], [ -62.32859, -10.26794 ] ] } },
{ "type": "Feature", "properties": { "name": null, "cls": "primary" }, "geometry": { "type": "LineString", "coordinates": [ [ -62.30557, -10.23097 ], [ -62.31174, -10.2367 ], [ -62.32736, -10.26552 ] ] } },
{ "type": "Feature", "properties": { "name": null, "cls": "primary" }, "geometry": { "type": "LineString", "coordinates": [ [ -62.00847, -9.42916 ], [ -62.00677, -9.44007 ] ] } },
{ "type": "Feature", "properties": { "name": null, "cls": "trunk" }, "geometry": { "type": "LineString", "coordinates": [ [ -62.2646, -10.69858 ], [ -62.26616, -10.69673 ] ] } },
{ "type": "Feature", "properties": { "name": "Avenida Marechal Deodoro da Fonseca", "cls": "secondary" }, "geometry": { "type": "LineString", "coordinates": [ [ -62.25175, -10.71399 ], [ -62.25122, -10.71349 ] ] } },
{ "type": "Feature", "properties": { "name": "Avenida Marechal Deodoro da Fonseca", "cls": "secondary" }, "geometry": { "type": "LineString", "coordinates": [ [ -62.25122, -10.71349 ], [ -62.25181, -10.71391 ] ] } },
{ "type": "Feature", "properties": { "name": null, "cls": "primary" }, "geometry": { "type": "LineString", "coordinates": [ [ -62.36791, -11.15664 ], [ -62.36748, -11.17463 ], [ -62.36635, -11.17477 ], [ -62.35422, -11.17062 ], [ -62.35309, -11.17133 ], [ -62.33423, -11.25509 ], [ -62.3341, -11.27463 ] ] } },
{ "type": "Feature", "properties": { "name": null, "cls": "primary" }, "geometry": { "type": "LineString", "coordinates": [ [ -62.51608, -10.40647 ], [ -62.51589, -10.40617 ] ] } },
{ "type": "Feature", "properties": { "name": null, "cls": "secondary" }, "geometry": { "type": "LineString", "coordinates": [ [ -62.51647, -10.40658 ], [ -62.51662, -10.40699 ] ] } },
{ "type": "Feature", "properties": { "name": null, "cls": "primary" }, "geometry": { "type": "LineString", "coordinates": [ [ -62.36452, -11.15563 ], [ -62.36693, -11.15563 ] ] } },
{ "type": "Feature", "properties": { "name": null, "cls": "primary" }, "geometry": { "type": "LineString", "coordinates": [ [ -62.36385, -11.14598 ], [ -62.36438, -11.14747 ], [ -62.36354, -11.15047 ], [ -62.36352, -11.15457 ] ] } },
{ "type": "Feature", "properties": { "name": null, "cls": "primary" }, "geometry": { "type": "LineString", "coordinates": [ [ -62.36348, -11.1554 ], [ -62.36378, -11.15562 ], [ -62.36355, -11.1559 ], [ -62.36327, -11.15567 ], [ -62.36348, -11.1554 ] ] } },
{ "type": "Feature", "properties": { "name": null, "cls": "primary" }, "geometry": { "type": "LineString", "coordinates": [ [ -62.36801, -11.1554 ], [ -62.36815, -11.1557 ], [ -62.36779, -11.15584 ], [ -62.36769, -11.15552 ], [ -62.36801, -11.1554 ] ] } },
{ "type": "Feature", "properties": { "name": null, "cls": "secondary" }, "geometry": { "type": "LineString", "coordinates": [ [ -64.48701, -10.29604 ], [ -64.48738, -10.29603 ] ] } },
{ "type": "Feature", "properties": { "name": null, "cls": "secondary" }, "geometry": { "type": "LineString", "coordinates": [ [ -64.44958, -10.2898 ], [ -64.45537, -10.29007 ], [ -64.45999, -10.29124 ], [ -64.4613, -10.29076 ], [ -64.46328, -10.29198 ], [ -64.47281, -10.29341 ], [ -64.47369, -10.29467 ], [ -64.47748, -10.29384 ], [ -64.48701, -10.29604 ] ] } },
{ "type": "Feature", "properties": { "name": "Avenida Jorge Teixeira", "cls": "trunk" }, "geometry": { "type": "LineString", "coordinates": [ [ -63.88594, -8.77393 ], [ -63.88654, -8.7745 ] ] } },
{ "type": "Feature", "properties": { "name": "Avenida Jorge Teixeira", "cls": "trunk" }, "geometry": { "type": "LineString", "coordinates": [ [ -63.88389, -8.77195 ], [ -63.88594, -8.77393 ] ] } },
{ "type": "Feature", "properties": { "name": "Avenida Jorge Teixeira", "cls": "trunk" }, "geometry": { "type": "LineString", "coordinates": [ [ -63.88588, -8.77399 ], [ -63.88411, -8.77232 ] ] } },
{ "type": "Feature", "properties": { "name": "Avenida Jorge Teixeira", "cls": "trunk" }, "geometry": { "type": "LineString", "coordinates": [ [ -63.88651, -8.77461 ], [ -63.88588, -8.77399 ] ] } },
{ "type": "Feature", "properties": { "name": null, "cls": "secondary" }, "geometry": { "type": "LineString", "coordinates": [ [ -63.11815, -9.71655 ], [ -63.11837, -9.71686 ] ] } },
{ "type": "Feature", "properties": { "name": null, "cls": "trunk" }, "geometry": { "type": "LineString", "coordinates": [ [ -63.1114, -9.70642 ], [ -63.10923, -9.70221 ], [ -63.10734, -9.68976 ], [ -63.10546, -9.68307 ], [ -63.10068, -9.67402 ], [ -63.09903, -9.6688 ], [ -63.09742, -9.66715 ], [ -63.08024, -9.65667 ], [ -63.07679, -9.65212 ], [ -63.07576, -9.64955 ], [ -63.07189, -9.6156 ], [ -63.07654, -9.5397 ] ] } },
{ "type": "Feature", "properties": { "name": null, "cls": "secondary" }, "geometry": { "type": "LineString", "coordinates": [ [ -63.11832, -9.71653 ], [ -63.11878, -9.71636 ] ] } },
{ "type": "Feature", "properties": { "name": null, "cls": "trunk" }, "geometry": { "type": "LineString", "coordinates": [ [ -63.11856, -9.71719 ], [ -63.11837, -9.71686 ] ] } },
{ "type": "Feature", "properties": { "name": null, "cls": "secondary" }, "geometry": { "type": "LineString", "coordinates": [ [ -62.27389, -10.68734 ], [ -62.27422, -10.68694 ] ] } },
{ "type": "Feature", "properties": { "name": null, "cls": "secondary" }, "geometry": { "type": "LineString", "coordinates": [ [ -62.27463, -10.6876 ], [ -62.27412, -10.68743 ] ] } },
{ "type": "Feature", "properties": { "name": null, "cls": "trunk" }, "geometry": { "type": "LineString", "coordinates": [ [ -62.27368, -10.68761 ], [ -62.27389, -10.68734 ] ] } },
{ "type": "Feature", "properties": { "name": null, "cls": "trunk" }, "geometry": { "type": "LineString", "coordinates": [ [ -62.39841, -10.53267 ], [ -62.39475, -10.52697 ], [ -62.39396, -10.52284 ], [ -62.3963, -10.52188 ], [ -62.4019, -10.52277 ], [ -62.40345, -10.5221 ], [ -62.40797, -10.5128 ], [ -62.4073, -10.50884 ], [ -62.40789, -10.50709 ], [ -62.4195, -10.50007 ], [ -62.42247, -10.49494 ], [ -62.42772, -10.49206 ], [ -62.4326, -10.48621 ], [ -62.43467, -10.48536 ], [ -62.43845, -10.48533 ], [ -62.44008, -10.48451 ], [ -62.44262, -10.48153 ], [ -62.44448, -10.47652 ], [ -62.45494, -10.46114 ] ] } },
{ "type": "Feature", "properties": { "name": null, "cls": "primary" }, "geometry": { "type": "LineString", "coordinates": [ [ -62.17986, -10.74446 ], [ -62.17967, -10.74401 ] ] } },
{ "type": "Feature", "properties": { "name": null, "cls": "trunk" }, "geometry": { "type": "LineString", "coordinates": [ [ -62.18003, -10.74374 ], [ -62.19047, -10.73583 ], [ -62.19363, -10.73463 ], [ -62.19716, -10.73537 ], [ -62.203, -10.74063 ], [ -62.20797, -10.74217 ], [ -62.22319, -10.74067 ], [ -62.2252, -10.73988 ], [ -62.2267, -10.73845 ], [ -62.22865, -10.73302 ] ] } },
{ "type": "Feature", "properties": { "name": null, "cls": "primary" }, "geometry": { "type": "LineString", "coordinates": [ [ -62.17967, -10.74401 ], [ -62.17986, -10.74446 ] ] } },
{ "type": "Feature", "properties": { "name": null, "cls": "trunk" }, "geometry": { "type": "LineString", "coordinates": [ [ -62.1682, -10.75073 ], [ -62.17035, -10.74853 ], [ -62.17925, -10.74433 ] ] } },
{ "type": "Feature", "properties": { "name": null, "cls": "trunk" }, "geometry": { "type": "LineString", "coordinates": [ [ -62.16777, -10.7512 ], [ -62.1682, -10.75073 ] ] } },
{ "type": "Feature", "properties": { "name": null, "cls": "primary" }, "geometry": { "type": "LineString", "coordinates": [ [ -61.90179, -11.19892 ], [ -61.90251, -11.19942 ] ] } },
{ "type": "Feature", "properties": { "name": null, "cls": "trunk" }, "geometry": { "type": "LineString", "coordinates": [ [ -61.90179, -11.19892 ], [ -61.90159, -11.20269 ] ] } },
{ "type": "Feature", "properties": { "name": null, "cls": "trunk" }, "geometry": { "type": "LineString", "coordinates": [ [ -61.90159, -11.20269 ], [ -61.90152, -11.19584 ] ] } },
{ "type": "Feature", "properties": { "name": "Rodovia BR-364", "cls": "trunk" }, "geometry": { "type": "LineString", "coordinates": [ [ -61.91807, -11.07913 ], [ -61.92984, -11.0563 ], [ -61.93005, -11.02216 ] ] } },
{ "type": "Feature", "properties": { "name": null, "cls": "primary" }, "geometry": { "type": "LineString", "coordinates": [ [ -61.90251, -11.19942 ], [ -61.90178, -11.19978 ] ] } },
{ "type": "Feature", "properties": { "name": null, "cls": "trunk" }, "geometry": { "type": "LineString", "coordinates": [ [ -61.78424, -11.38443 ], [ -61.81204, -11.37874 ], [ -61.84282, -11.36611 ], [ -61.87382, -11.33125 ], [ -61.90182, -11.28347 ], [ -61.90212, -11.24687 ], [ -61.90159, -11.20269 ] ] } },
{ "type": "Feature", "properties": { "name": "Rodovia Manaus–Porto Velho", "cls": "trunk" }, "geometry": { "type": "LineString", "coordinates": [ [ -63.92769, -8.73846 ], [ -63.94915, -8.74357 ], [ -63.97622, -8.72708 ], [ -63.97833, -8.72428 ], [ -63.99343, -8.69565 ], [ -63.9941, -8.69232 ], [ -63.99496, -8.66943 ], [ -63.9946, -8.66306 ], [ -63.99553, -8.65388 ], [ -63.99703, -8.60416 ], [ -63.9684, -8.43696 ], [ -63.96229, -8.39789 ], [ -63.95076, -8.33396 ], [ -63.94235, -8.29585 ], [ -63.93075, -8.24746 ], [ -63.92481, -8.21919 ], [ -63.92255, -8.21585 ], [ -63.91975, -8.21357 ], [ -63.90845, -8.21035 ] ] } },
{ "type": "Feature", "properties": { "name": null, "cls": "secondary" }, "geometry": { "type": "LineString", "coordinates": [ [ -63.88334, -8.77139 ], [ -63.88368, -8.77144 ] ] } },
{ "type": "Feature", "properties": { "name": "Rua Aluísio Azevedo", "cls": "secondary" }, "geometry": { "type": "LineString", "coordinates": [ [ -63.89464, -8.7821 ], [ -63.89537, -8.78278 ] ] } },
{ "type": "Feature", "properties": { "name": null, "cls": "secondary" }, "geometry": { "type": "LineString", "coordinates": [ [ -63.89474, -8.78266 ], [ -63.89386, -8.78189 ] ] } },
{ "type": "Feature", "properties": { "name": null, "cls": "secondary" }, "geometry": { "type": "LineString", "coordinates": [ [ -63.89666, -8.7847 ], [ -63.89474, -8.78266 ] ] } },
{ "type": "Feature", "properties": { "name": null, "cls": "secondary" }, "geometry": { "type": "LineString", "coordinates": [ [ -63.89735, -8.78356 ], [ -63.89736, -8.78472 ] ] } },
{ "type": "Feature", "properties": { "name": "Avenida dos Imigrantes", "cls": "trunk" }, "geometry": { "type": "LineString", "coordinates": [ [ -63.90259, -8.74253 ], [ -63.89028, -8.74001 ] ] } },
{ "type": "Feature", "properties": { "name": "Avenida dos Imigrantes", "cls": "trunk" }, "geometry": { "type": "LineString", "coordinates": [ [ -63.90266, -8.74253 ], [ -63.90259, -8.74253 ] ] } },
{ "type": "Feature", "properties": { "name": "Avenida dos Imigrantes", "cls": "trunk" }, "geometry": { "type": "LineString", "coordinates": [ [ -63.90263, -8.74241 ], [ -63.91542, -8.74326 ] ] } },
{ "type": "Feature", "properties": { "name": "Avenida dos Imigrantes", "cls": "trunk" }, "geometry": { "type": "LineString", "coordinates": [ [ -63.90256, -8.7424 ], [ -63.90263, -8.74241 ] ] } },
{ "type": "Feature", "properties": { "name": "Avenida 7 de Setembro", "cls": "secondary" }, "geometry": { "type": "LineString", "coordinates": [ [ -63.90644, -8.76552 ], [ -63.88563, -8.76103 ] ] } },
{ "type": "Feature", "properties": { "name": "Avenida dos Imigrantes", "cls": "secondary" }, "geometry": { "type": "LineString", "coordinates": [ [ -63.87871, -8.73749 ], [ -63.87858, -8.73748 ] ] } },
{ "type": "Feature", "properties": { "name": "Avenida Prefeito Chiquilito Erse", "cls": "secondary" }, "geometry": { "type": "LineString", "coordinates": [ [ -63.87871, -8.73749 ], [ -63.87867, -8.74237 ] ] } },
{ "type": "Feature", "properties": { "name": "Avenida dos Imigrantes", "cls": "secondary" }, "geometry": { "type": "LineString", "coordinates": [ [ -63.87872, -8.73739 ], [ -63.8899, -8.73966 ] ] } },
{ "type": "Feature", "properties": { "name": "Avenida dos Imigrantes", "cls": "secondary" }, "geometry": { "type": "LineString", "coordinates": [ [ -63.87859, -8.73736 ], [ -63.87872, -8.73739 ] ] } },
{ "type": "Feature", "properties": { "name": "Avenida Prefeito Chiquilito Erse", "cls": "secondary" }, "geometry": { "type": "LineString", "coordinates": [ [ -63.87858, -8.73748 ], [ -63.87859, -8.73736 ] ] } },
{ "type": "Feature", "properties": { "name": "Avenida dos Imigrantes", "cls": "secondary" }, "geometry": { "type": "LineString", "coordinates": [ [ -63.87858, -8.73748 ], [ -63.86687, -8.73554 ] ] } },
{ "type": "Feature", "properties": { "name": "Avenida Prefeito Chiquilito Erse", "cls": "secondary" }, "geometry": { "type": "LineString", "coordinates": [ [ -63.8785, -8.74228 ], [ -63.87858, -8.73748 ] ] } },
{ "type": "Feature", "properties": { "name": "Avenida Prefeito Chiquilito Erse", "cls": "secondary" }, "geometry": { "type": "LineString", "coordinates": [ [ -63.87854, -8.74259 ], [ -63.87206, -8.77273 ], [ -63.87376, -8.77635 ] ] } },
{ "type": "Feature", "properties": { "name": "Avenida Diamantes", "cls": "secondary" }, "geometry": { "type": "LineString", "coordinates": [ [ -63.01735, -9.9062 ], [ -63.01738, -9.90368 ] ] } },
{ "type": "Feature", "properties": { "name": "Avenida Hugo Frey", "cls": "secondary" }, "geometry": { "type": "LineString", "coordinates": [ [ -63.03504, -9.88821 ], [ -63.05668, -9.8884 ] ] } },
{ "type": "Feature", "properties": { "name": null, "cls": "secondary" }, "geometry": { "type": "LineString", "coordinates": [ [ -63.03489, -9.88812 ], [ -63.03505, -9.88824 ], [ -63.03494, -9.8884 ], [ -63.03476, -9.88826 ], [ -63.03489, -9.88812 ] ] } },
{ "type": "Feature", "properties": { "name": "Acesso Rio de Janeiro", "cls": "secondary" }, "geometry": { "type": "LineString", "coordinates": [ [ -63.88636, -8.77395 ], [ -63.88652, -8.77446 ], [ -63.88607, -8.77461 ], [ -63.88587, -8.77413 ], [ -63.88636, -8.77395 ] ] } },
{ "type": "Feature", "properties": { "name": "Via Colares", "cls": "secondary" }, "geometry": { "type": "LineString", "coordinates": [ [ -63.8863, -8.77394 ], [ -63.88678, -8.77273 ] ] } },
{ "type": "Feature", "properties": { "name": "Avenida Rio de Janeiro", "cls": "secondary" }, "geometry": { "type": "LineString", "coordinates": [ [ -63.88024, -8.77106 ], [ -63.87442, -8.76974 ] ] } },
{ "type": "Feature", "properties": { "name": "Avenida Rio de Janeiro", "cls": "secondary" }, "geometry": { "type": "LineString", "coordinates": [ [ -63.88027, -8.77095 ], [ -63.88117, -8.77116 ] ] } },
{ "type": "Feature", "properties": { "name": "Rua da Beira", "cls": "secondary" }, "geometry": { "type": "LineString", "coordinates": [ [ -63.88657, -8.7743 ], [ -63.88997, -8.77762 ] ] } },
{ "type": "Feature", "properties": { "name": "Rua da Beira", "cls": "secondary" }, "geometry": { "type": "LineString", "coordinates": [ [ -63.88656, -8.77495 ], [ -63.88625, -8.77463 ] ] } },
{ "type": "Feature", "properties": { "name": "Rua da Beira", "cls": "secondary" }, "geometry": { "type": "LineString", "coordinates": [ [ -63.88518, -8.77356 ], [ -63.88299, -8.77183 ], [ -63.87953, -8.7737 ] ] } },
{ "type": "Feature", "properties": { "name": "Avenida Jorge Teixeira", "cls": "secondary" }, "geometry": { "type": "LineString", "coordinates": [ [ -63.88388, -8.77182 ], [ -63.88391, -8.77186 ] ] } },
{ "type": "Feature", "properties": { "name": "Avenida Canaã", "cls": "secondary" }, "geometry": { "type": "LineString", "coordinates": [ [ -63.01697, -9.91309 ], [ -63.03186, -9.91328 ] ] } },
{ "type": "Feature", "properties": { "name": null, "cls": "primary" }, "geometry": { "type": "LineString", "coordinates": [ [ -62.36693, -11.15563 ], [ -62.36772, -11.15547 ] ] } },
{ "type": "Feature", "properties": { "name": null, "cls": "primary" }, "geometry": { "type": "LineString", "coordinates": [ [ -62.3677, -11.15575 ], [ -62.36693, -11.15563 ] ] } },
{ "type": "Feature", "properties": { "name": null, "cls": "primary" }, "geometry": { "type": "LineString", "coordinates": [ [ -62.36791, -11.15664 ], [ -62.36774, -11.1558 ] ] } },
{ "type": "Feature", "properties": { "name": null, "cls": "primary" }, "geometry": { "type": "LineString", "coordinates": [ [ -62.36808, -11.1558 ], [ -62.36791, -11.15664 ] ] } },
{ "type": "Feature", "properties": { "name": null, "cls": "primary" }, "geometry": { "type": "LineString", "coordinates": [ [ -62.3634, -11.15543 ], [ -62.36352, -11.15457 ] ] } },
{ "type": "Feature", "properties": { "name": null, "cls": "primary" }, "geometry": { "type": "LineString", "coordinates": [ [ -62.36352, -11.15457 ], [ -62.36366, -11.15543 ] ] } },
{ "type": "Feature", "properties": { "name": null, "cls": "primary" }, "geometry": { "type": "LineString", "coordinates": [ [ -62.36452, -11.15563 ], [ -62.36375, -11.15577 ] ] } },
{ "type": "Feature", "properties": { "name": null, "cls": "primary" }, "geometry": { "type": "LineString", "coordinates": [ [ -62.36372, -11.15549 ], [ -62.36452, -11.15563 ] ] } },
{ "type": "Feature", "properties": { "name": null, "cls": "secondary" }, "geometry": { "type": "LineString", "coordinates": [ [ -62.61999, -10.50502 ], [ -62.60881, -10.49465 ], [ -62.60791, -10.49302 ], [ -62.60423, -10.49058 ], [ -62.5949, -10.48218 ], [ -62.59395, -10.48051 ], [ -62.5922, -10.47961 ], [ -62.57734, -10.46625 ], [ -62.55669, -10.44642 ], [ -62.55318, -10.44564 ], [ -62.55054, -10.4405 ], [ -62.54629, -10.43617 ] ] } },
{ "type": "Feature", "properties": { "name": null, "cls": "trunk" }, "geometry": { "type": "LineString", "coordinates": [ [ -62.54706, -10.38434 ], [ -62.55858, -10.37149 ], [ -62.5839, -10.35321 ], [ -62.61409, -10.3294 ], [ -62.61941, -10.3263 ] ] } },
{ "type": "Feature", "properties": { "name": null, "cls": "trunk" }, "geometry": { "type": "LineString", "coordinates": [ [ -62.48915, -10.42626 ], [ -62.50244, -10.41647 ], [ -62.50617, -10.41476 ], [ -62.50751, -10.41286 ], [ -62.51584, -10.40685 ] ] } },
{ "type": "Feature", "properties": { "name": null, "cls": "trunk" }, "geometry": { "type": "LineString", "coordinates": [ [ -62.36898, -10.57274 ], [ -62.37834, -10.56145 ], [ -62.39841, -10.53267 ] ] } },
{ "type": "Feature", "properties": { "name": null, "cls": "trunk" }, "geometry": { "type": "LineString", "coordinates": [ [ -62.28034, -10.67945 ], [ -62.32602, -10.62433 ], [ -62.32773, -10.62131 ], [ -62.33031, -10.61912 ], [ -62.33943, -10.60812 ] ] } },
{ "type": "Feature", "properties": { "name": null, "cls": "primary" }, "geometry": { "type": "LineString", "coordinates": [ [ -62.41365, -10.30382 ], [ -62.40503, -10.29545 ] ] } },
{ "type": "Feature", "properties": { "name": null, "cls": "trunk" }, "geometry": { "type": "LineString", "coordinates": [ [ -62.61941, -10.3263 ], [ -62.63867, -10.31074 ], [ -62.67042, -10.28739 ] ] } },
{ "type": "Feature", "properties": { "name": null, "cls": "secondary" }, "geometry": { "type": "LineString", "coordinates": [ [ -62.58892, -10.65341 ], [ -62.58226, -10.6467 ], [ -62.57933, -10.64479 ], [ -62.57175, -10.63766 ], [ -62.56834, -10.63237 ], [ -62.56476, -10.63048 ] ] } },
{ "type": "Feature", "properties": { "name": null, "cls": "secondary" }, "geometry": { "type": "LineString", "coordinates": [ [ -62.72025, -10.78012 ], [ -62.72018, -10.78005 ] ] } },
{ "type": "Feature", "properties": { "name": null, "cls": "secondary" }, "geometry": { "type": "LineString", "coordinates": [ [ -62.63387, -10.52097 ], [ -62.63437, -10.52317 ], [ -62.63824, -10.52742 ], [ -62.63966, -10.52751 ], [ -62.64152, -10.5251 ], [ -62.64266, -10.52506 ], [ -62.64404, -10.52605 ], [ -62.65199, -10.53322 ], [ -62.65381, -10.53605 ], [ -62.65869, -10.53889 ], [ -62.67893, -10.55701 ], [ -62.70673, -10.58449 ], [ -62.7086, -10.58538 ], [ -62.70877, -10.58693 ], [ -62.70735, -10.59026 ], [ -62.70524, -10.59222 ], [ -62.70446, -10.59525 ], [ -62.70452, -10.59682 ], [ -62.70578, -10.59857 ], [ -62.7074, -10.59953 ], [ -62.70845, -10.59934 ], [ -62.71071, -10.59509 ], [ -62.71196, -10.59466 ], [ -62.71451, -10.5962 ], [ -62.71638, -10.5995 ], [ -62.71988, -10.60291 ] ] } },
{ "type": "Feature", "properties": { "name": "Avenida Pedra Branca", "cls": "secondary" }, "geometry": { "type": "LineString", "coordinates": [ [ -62.72904, -10.60775 ], [ -62.73326, -10.61208 ] ] } },
{ "type": "Feature", "properties": { "name": null, "cls": "secondary" }, "geometry": { "type": "LineString", "coordinates": [ [ -62.71988, -10.60291 ], [ -62.72904, -10.60775 ] ] } },
{ "type": "Feature", "properties": { "name": "Avenida Senador Olavo Píres", "cls": "primary" }, "geometry": { "type": "LineString", "coordinates": [ [ -62.35621, -10.24716 ], [ -62.35178, -10.24279 ] ] } },
{ "type": "Feature", "properties": { "name": null, "cls": "primary" }, "geometry": { "type": "LineString", "coordinates": [ [ -62.36356, -11.12311 ], [ -62.36355, -11.13552 ] ] } },
{ "type": "Feature", "properties": { "name": null, "cls": "primary" }, "geometry": { "type": "LineString", "coordinates": [ [ -62.36342, -11.11284 ], [ -62.36349, -11.10193 ], [ -62.36284, -11.09774 ], [ -62.36347, -11.0944 ], [ -62.3634, -11.07089 ], [ -62.36103, -11.06558 ], [ -62.36508, -11.0578 ], [ -62.36723, -11.05153 ], [ -62.36705, -11.01265 ], [ -62.28536, -11.0092 ], [ -62.28436, -11.00824 ], [ -62.28301, -11.00336 ], [ -62.26904, -10.96871 ] ] } },
{ "type": "Feature", "properties": { "name": null, "cls": "primary" }, "geometry": { "type": "LineString", "coordinates": [ [ -62.36355, -11.13552 ], [ -62.36348, -11.12311 ] ] } },
{ "type": "Feature", "properties": { "name": null, "cls": "secondary" }, "geometry": { "type": "LineString", "coordinates": [ [ -61.9603, -9.42574 ], [ -61.96096, -9.42534 ] ] } },
{ "type": "Feature", "properties": { "name": "Avenida Tancredo Neves", "cls": "secondary" }, "geometry": { "type": "LineString", "coordinates": [ [ -61.96096, -9.42534 ], [ -61.97485, -9.41675 ], [ -61.99235, -9.42048 ] ] } },
{ "type": "Feature", "properties": { "name": null, "cls": "secondary" }, "geometry": { "type": "LineString", "coordinates": [ [ -61.93759, -9.40014 ], [ -61.93832, -9.40086 ], [ -61.93475, -9.41805 ], [ -61.9429, -9.42062 ], [ -61.94984, -9.43125 ], [ -61.95306, -9.43257 ] ] } },
{ "type": "Feature", "properties": { "name": "Avenida Calama", "cls": "secondary" }, "geometry": { "type": "LineString", "coordinates": [ [ -63.86487, -8.74418 ], [ -63.84877, -8.74075 ] ] } },
{ "type": "Feature", "properties": { "name": "Avenida Calama", "cls": "secondary" }, "geometry": { "type": "LineString", "coordinates": [ [ -63.84879, -8.74067 ], [ -63.86487, -8.74418 ] ] } },
{ "type": "Feature", "properties": { "name": "Anel Viário", "cls": "trunk" }, "geometry": { "type": "LineString", "coordinates": [ [ -61.95831, -10.91459 ], [ -61.96362, -10.91048 ] ] } },
{ "type": "Feature", "properties": { "name": null, "cls": "trunk" }, "geometry": { "type": "LineString", "coordinates": [ [ -61.95727, -10.91497 ], [ -61.95772, -10.91486 ], [ -61.95787, -10.91532 ], [ -61.95737, -10.91545 ], [ -61.95727, -10.91497 ] ] } },
{ "type": "Feature", "properties": { "name": "Avenida Juscelino Kubitschek", "cls": "trunk" }, "geometry": { "type": "LineString", "coordinates": [ [ -62.48276, -10.43043 ], [ -62.48731, -10.42747 ] ] } },
{ "type": "Feature", "properties": { "name": "Avenida Juscelino Kubitschek", "cls": "trunk" }, "geometry": { "type": "LineString", "coordinates": [ [ -62.48276, -10.43043 ], [ -62.48168, -10.43132 ] ] } },
{ "type": "Feature", "properties": { "name": "Avenida Juscelino Kubitschek", "cls": "trunk" }, "geometry": { "type": "LineString", "coordinates": [ [ -62.47427, -10.4358 ], [ -62.47715, -10.43404 ] ] } },
{ "type": "Feature", "properties": { "name": "Avenida Juscelino Kubitschek", "cls": "trunk" }, "geometry": { "type": "LineString", "coordinates": [ [ -62.47715, -10.43404 ], [ -62.47793, -10.43338 ] ] } },
{ "type": "Feature", "properties": { "name": "Avenida Juscelino Kubitschek", "cls": "trunk" }, "geometry": { "type": "LineString", "coordinates": [ [ -62.48174, -10.4309 ], [ -62.48276, -10.43043 ] ] } },
{ "type": "Feature", "properties": { "name": "RO-460", "cls": "primary" }, "geometry": { "type": "LineString", "coordinates": [ [ -63.44127, -10.3426 ], [ -63.45648, -10.34276 ], [ -63.4604, -10.34225 ], [ -63.46366, -10.34276 ], [ -63.49372, -10.34297 ], [ -63.49703, -10.3447 ], [ -63.50044, -10.34891 ], [ -63.50842, -10.35015 ], [ -63.52114, -10.34287 ], [ -63.53172, -10.3432 ], [ -63.53569, -10.34593 ], [ -63.5381, -10.34664 ], [ -63.54081, -10.34592 ], [ -63.5444, -10.34334 ], [ -63.55147, -10.34335 ], [ -63.55762, -10.34239 ], [ -63.56364, -10.34377 ] ] } },
{ "type": "Feature", "properties": { "name": "RO-460", "cls": "primary" }, "geometry": { "type": "LineString", "coordinates": [ [ -63.56364, -10.34377 ], [ -63.56403, -10.34375 ] ] } },
{ "type": "Feature", "properties": { "name": "RO-460", "cls": "primary" }, "geometry": { "type": "LineString", "coordinates": [ [ -63.56403, -10.34375 ], [ -63.62151, -10.3445 ], [ -63.63343, -10.34368 ], [ -63.65427, -10.34359 ] ] } },
{ "type": "Feature", "properties": { "name": "RO-460", "cls": "primary" }, "geometry": { "type": "LineString", "coordinates": [ [ -63.65427, -10.34359 ], [ -63.65737, -10.3435 ], [ -63.65737, -10.33997 ] ] } },
{ "type": "Feature", "properties": { "name": "RO-460", "cls": "primary" }, "geometry": { "type": "LineString", "coordinates": [ [ -63.65737, -10.33997 ], [ -63.65783, -10.3018 ], [ -63.65906, -10.29967 ], [ -63.6627, -10.29773 ], [ -63.69826, -10.29773 ], [ -63.70462, -10.29656 ], [ -63.71409, -10.28867 ], [ -63.71642, -10.28863 ], [ -63.71972, -10.29053 ], [ -63.72184, -10.29008 ], [ -63.72629, -10.28577 ], [ -63.72833, -10.28196 ], [ -63.73064, -10.28083 ] ] } },
{ "type": "Feature", "properties": { "name": "RO-460", "cls": "primary" }, "geometry": { "type": "LineString", "coordinates": [ [ -63.74491, -10.26544 ], [ -63.7467, -10.26341 ], [ -63.75438, -10.25887 ], [ -63.76798, -10.25904 ] ] } },
{ "type": "Feature", "properties": { "name": "RO-460", "cls": "primary" }, "geometry": { "type": "LineString", "coordinates": [ [ -63.77342, -10.2585 ], [ -63.77883, -10.24933 ], [ -63.78252, -10.24692 ], [ -63.78389, -10.24186 ], [ -63.79576, -10.23264 ] ] } },
{ "type": "Feature", "properties": { "name": "RO-460", "cls": "primary" }, "geometry": { "type": "LineString", "coordinates": [ [ -63.76798, -10.25904 ], [ -63.77342, -10.2585 ] ] } },
{ "type": "Feature", "properties": { "name": "Avenida Ayrton Senna", "cls": "primary" }, "geometry": { "type": "LineString", "coordinates": [ [ -63.82468, -10.2143 ], [ -63.81669, -10.21878 ] ] } },
{ "type": "Feature", "properties": { "name": "Avenida Porto Velho", "cls": "secondary" }, "geometry": { "type": "LineString", "coordinates": [ [ -63.82775, -10.21081 ], [ -63.82781, -10.21244 ] ] } },
{ "type": "Feature", "properties": { "name": "Avenida Porto Velho", "cls": "secondary" }, "geometry": { "type": "LineString", "coordinates": [ [ -63.82776, -10.19755 ], [ -63.82774, -10.20286 ] ] } },
{ "type": "Feature", "properties": { "name": "Avenida Porto Velho", "cls": "secondary" }, "geometry": { "type": "LineString", "coordinates": [ [ -63.82765, -10.20285 ], [ -63.82763, -10.19755 ] ] } },
{ "type": "Feature", "properties": { "name": null, "cls": "secondary" }, "geometry": { "type": "LineString", "coordinates": [ [ -63.13866, -9.7556 ], [ -63.13876, -9.75583 ], [ -63.13854, -9.75594 ], [ -63.13842, -9.7557 ], [ -63.13866, -9.7556 ] ] } },
{ "type": "Feature", "properties": { "name": null, "cls": "trunk" }, "geometry": { "type": "LineString", "coordinates": [ [ -63.30588, -9.07947 ], [ -63.31243, -9.07584 ] ] } },
{ "type": "Feature", "properties": { "name": null, "cls": "trunk" }, "geometry": { "type": "LineString", "coordinates": [ [ -63.29535, -9.08519 ], [ -63.30345, -9.08079 ] ] } },
{ "type": "Feature", "properties": { "name": null, "cls": "primary" }, "geometry": { "type": "LineString", "coordinates": [ [ -62.33164, -10.26717 ], [ -62.33133, -10.26733 ] ] } },
{ "type": "Feature", "properties": { "name": null, "cls": "primary" }, "geometry": { "type": "LineString", "coordinates": [ [ -62.32736, -10.26552 ], [ -62.32791, -10.2665 ] ] } },
{ "type": "Feature", "properties": { "name": null, "cls": "primary" }, "geometry": { "type": "LineString", "coordinates": [ [ -62.28165, -10.19411 ], [ -62.27776, -10.18794 ] ] } },
{ "type": "Feature", "properties": { "name": null, "cls": "primary" }, "geometry": { "type": "LineString", "coordinates": [ [ -62.27776, -10.18794 ], [ -62.26046, -10.16036 ], [ -62.25968, -10.15699 ], [ -62.25687, -10.15478 ], [ -62.24745, -10.13985 ], [ -62.24677, -10.13787 ], [ -62.24497, -10.13585 ], [ -62.22248, -10.10027 ] ] } },
{ "type": "Feature", "properties": { "name": null, "cls": "primary" }, "geometry": { "type": "LineString", "coordinates": [ [ -62.22248, -10.10027 ], [ -62.2192, -10.09506 ] ] } },
{ "type": "Feature", "properties": { "name": null, "cls": "primary" }, "geometry": { "type": "LineString", "coordinates": [ [ -62.2192, -10.09506 ], [ -62.20446, -10.07165 ] ] } },
{ "type": "Feature", "properties": { "name": null, "cls": "primary" }, "geometry": { "type": "LineString", "coordinates": [ [ -62.20281, -10.06975 ], [ -62.19908, -10.06663 ] ] } },
{ "type": "Feature", "properties": { "name": null, "cls": "primary" }, "geometry": { "type": "LineString", "coordinates": [ [ -62.19908, -10.06663 ], [ -62.19819, -10.06556 ], [ -62.19471, -10.05606 ], [ -62.18749, -10.04425 ] ] } },
{ "type": "Feature", "properties": { "name": null, "cls": "primary" }, "geometry": { "type": "LineString", "coordinates": [ [ -62.18715, -10.04362 ], [ -62.18284, -10.03736 ] ] } },
{ "type": "Feature", "properties": { "name": null, "cls": "primary" }, "geometry": { "type": "LineString", "coordinates": [ [ -62.18749, -10.04425 ], [ -62.18715, -10.04362 ] ] } },
{ "type": "Feature", "properties": { "name": "Avenida Vereador Acyr José Damásio", "cls": "primary" }, "geometry": { "type": "LineString", "coordinates": [ [ -62.17482, -9.84963 ], [ -62.17485, -9.87409 ] ] } },
{ "type": "Feature", "properties": { "name": null, "cls": "primary" }, "geometry": { "type": "LineString", "coordinates": [ [ -62.17757, -9.83983 ], [ -62.17748, -9.83765 ], [ -62.17482, -9.83225 ], [ -62.17474, -9.79447 ], [ -62.168, -9.78523 ], [ -62.16699, -9.78043 ], [ -62.17138, -9.77167 ] ] } },
{ "type": "Feature", "properties": { "name": "Avenida Vereador Acyr José Damásio", "cls": "primary" }, "geometry": { "type": "LineString", "coordinates": [ [ -62.17477, -9.84907 ], [ -62.17482, -9.84963 ] ] } },
{ "type": "Feature", "properties": { "name": "Avenida Vereador Acyr José Damásio", "cls": "primary" }, "geometry": { "type": "LineString", "coordinates": [ [ -62.17485, -9.87409 ], [ -62.17481, -9.87432 ] ] } },
{ "type": "Feature", "properties": { "name": "Avenida Vereador Acyr José Damásio", "cls": "primary" }, "geometry": { "type": "LineString", "coordinates": [ [ -62.17481, -9.87432 ], [ -62.17477, -9.84907 ] ] } },
{ "type": "Feature", "properties": { "name": null, "cls": "primary" }, "geometry": { "type": "LineString", "coordinates": [ [ -62.18203, -9.70745 ], [ -62.18222, -9.70686 ] ] } },
{ "type": "Feature", "properties": { "name": null, "cls": "primary" }, "geometry": { "type": "LineString", "coordinates": [ [ -62.18222, -9.70686 ], [ -62.18967, -9.69753 ], [ -62.20514, -9.68731 ] ] } },
{ "type": "Feature", "properties": { "name": null, "cls": "primary" }, "geometry": { "type": "LineString", "coordinates": [ [ -62.17138, -9.77167 ], [ -62.17149, -9.76848 ] ] } },
{ "type": "Feature", "properties": { "name": null, "cls": "primary" }, "geometry": { "type": "LineString", "coordinates": [ [ -62.17149, -9.76848 ], [ -62.1658, -9.7606 ], [ -62.16879, -9.74659 ], [ -62.16783, -9.73017 ], [ -62.17796, -9.72018 ], [ -62.18203, -9.70745 ] ] } },
{ "type": "Feature", "properties": { "name": null, "cls": "primary" }, "geometry": { "type": "LineString", "coordinates": [ [ -62.20514, -9.68731 ], [ -62.20836, -9.68521 ] ] } },
{ "type": "Feature", "properties": { "name": null, "cls": "primary" }, "geometry": { "type": "LineString", "coordinates": [ [ -62.20916, -9.68301 ], [ -62.20038, -9.64135 ], [ -62.19609, -9.6332 ], [ -62.19422, -9.63147 ] ] } },
{ "type": "Feature", "properties": { "name": null, "cls": "primary" }, "geometry": { "type": "LineString", "coordinates": [ [ -62.2091, -9.68442 ], [ -62.20919, -9.68417 ], [ -62.2095, -9.68432 ], [ -62.20936, -9.68459 ], [ -62.2091, -9.68442 ] ] } },
{ "type": "Feature", "properties": { "name": null, "cls": "primary" }, "geometry": { "type": "LineString", "coordinates": [ [ -62.20836, -9.68521 ], [ -62.20908, -9.68449 ] ] } },
{ "type": "Feature", "properties": { "name": null, "cls": "primary" }, "geometry": { "type": "LineString", "coordinates": [ [ -62.20933, -9.6846 ], [ -62.20836, -9.68521 ] ] } },
{ "type": "Feature", "properties": { "name": null, "cls": "primary" }, "geometry": { "type": "LineString", "coordinates": [ [ -62.2094, -9.6839 ], [ -62.20945, -9.68411 ] ] } },
{ "type": "Feature", "properties": { "name": null, "cls": "primary" }, "geometry": { "type": "LineString", "coordinates": [ [ -62.20945, -9.68411 ], [ -62.20946, -9.68422 ] ] } },
{ "type": "Feature", "properties": { "name": null, "cls": "primary" }, "geometry": { "type": "LineString", "coordinates": [ [ -62.20916, -9.68301 ], [ -62.2094, -9.6839 ] ] } },
{ "type": "Feature", "properties": { "name": null, "cls": "primary" }, "geometry": { "type": "LineString", "coordinates": [ [ -62.20919, -9.68417 ], [ -62.20916, -9.68301 ] ] } },
{ "type": "Feature", "properties": { "name": null, "cls": "primary" }, "geometry": { "type": "LineString", "coordinates": [ [ -62.19248, -9.62984 ], [ -62.17489, -9.6139 ], [ -62.15313, -9.59791 ], [ -62.15193, -9.59082 ] ] } },
{ "type": "Feature", "properties": { "name": null, "cls": "primary" }, "geometry": { "type": "LineString", "coordinates": [ [ -62.19422, -9.63147 ], [ -62.19248, -9.62984 ] ] } },
{ "type": "Feature", "properties": { "name": null, "cls": "primary" }, "geometry": { "type": "LineString", "coordinates": [ [ -62.15193, -9.59082 ], [ -62.15182, -9.59027 ] ] } },
{ "type": "Feature", "properties": { "name": null, "cls": "primary" }, "geometry": { "type": "LineString", "coordinates": [ [ -62.15182, -9.59027 ], [ -62.14457, -9.584 ], [ -62.11832, -9.56538 ], [ -62.09483, -9.56732 ], [ -62.09343, -9.56695 ], [ -62.0711, -9.54583 ], [ -62.07304, -9.52286 ], [ -62.07172, -9.52133 ] ] } },
{ "type": "Feature", "properties": { "name": null, "cls": "primary" }, "geometry": { "type": "LineString", "coordinates": [ [ -62.00677, -9.44007 ], [ -62.0058, -9.44642 ], [ -62.00656, -9.44812 ], [ -62.03535, -9.46294 ], [ -62.04365, -9.48597 ], [ -62.05951, -9.51296 ], [ -62.06095, -9.51452 ], [ -62.07172, -9.52133 ] ] } },
{ "type": "Feature", "properties": { "name": null, "cls": "primary" }, "geometry": { "type": "LineString", "coordinates": [ [ -62.41386, -10.30408 ], [ -62.41365, -10.30382 ] ] } },
{ "type": "Feature", "properties": { "name": null, "cls": "primary" }, "geometry": { "type": "LineString", "coordinates": [ [ -62.41416, -10.30446 ], [ -62.41386, -10.30408 ] ] } },
{ "type": "Feature", "properties": { "name": null, "cls": "secondary" }, "geometry": { "type": "LineString", "coordinates": [ [ -62.88429, -10.128 ], [ -62.89044, -10.14342 ], [ -62.89335, -10.14743 ], [ -62.90026, -10.15385 ], [ -62.9003, -10.15878 ], [ -62.89956, -10.16175 ] ] } },
{ "type": "Feature", "properties": { "name": "Avenida Jorge Teixeira", "cls": "secondary" }, "geometry": { "type": "LineString", "coordinates": [ [ -62.5543, -10.91297 ], [ -62.55806, -10.916 ] ] } },
{ "type": "Feature", "properties": { "name": "Avenida Jorge Teixeira", "cls": "secondary" }, "geometry": { "type": "LineString", "coordinates": [ [ -62.55859, -10.91643 ], [ -62.5591, -10.91686 ] ] } },
{ "type": "Feature", "properties": { "name": "Avenida Jorge Teixeira", "cls": "secondary" }, "geometry": { "type": "LineString", "coordinates": [ [ -62.55603, -10.91443 ], [ -62.5543, -10.91297 ] ] } },
{ "type": "Feature", "properties": { "name": null, "cls": "secondary" }, "geometry": { "type": "LineString", "coordinates": [ [ -62.55964, -10.91729 ], [ -62.56188, -10.91907 ] ] } },
{ "type": "Feature", "properties": { "name": null, "cls": "secondary" }, "geometry": { "type": "LineString", "coordinates": [ [ -62.56381, -10.92058 ], [ -62.58494, -10.93695 ] ] } },
{ "type": "Feature", "properties": { "name": null, "cls": "secondary" }, "geometry": { "type": "LineString", "coordinates": [ [ -62.56188, -10.91907 ], [ -62.56228, -10.91939 ] ] } },
{ "type": "Feature", "properties": { "name": null, "cls": "secondary" }, "geometry": { "type": "LineString", "coordinates": [ [ -62.67534, -11.02499 ], [ -62.67277, -11.02213 ] ] } },
{ "type": "Feature", "properties": { "name": "Avenida Marechal Deodoro da Fonseca", "cls": "secondary" }, "geometry": { "type": "LineString", "coordinates": [ [ -62.24067, -10.70492 ], [ -62.24916, -10.71185 ] ] } },
{ "type": "Feature", "properties": { "name": "Avenida Marechal Deodoro da Fonseca", "cls": "secondary" }, "geometry": { "type": "LineString", "coordinates": [ [ -62.23988, -10.70305 ], [ -62.24067, -10.70492 ] ] } },
{ "type": "Feature", "properties": { "name": null, "cls": "secondary" }, "geometry": { "type": "LineString", "coordinates": [ [ -64.32595, -10.2708 ], [ -64.3372, -10.27213 ], [ -64.35527, -10.27585 ], [ -64.35862, -10.27736 ], [ -64.36095, -10.27709 ], [ -64.39109, -10.28407 ], [ -64.40035, -10.28548 ], [ -64.41445, -10.28878 ], [ -64.43809, -10.296 ], [ -64.4394, -10.28905 ], [ -64.44236, -10.28878 ], [ -64.44411, -10.2895 ], [ -64.44902, -10.28981 ] ] } },
{ "type": "Feature", "properties": { "name": null, "cls": "secondary" }, "geometry": { "type": "LineString", "coordinates": [ [ -64.32595, -10.2708 ], [ -64.31642, -10.27011 ], [ -64.30139, -10.27006 ] ] } },
{ "type": "Feature", "properties": { "name": "Rodovia Manaus–Porto Velho", "cls": "trunk" }, "geometry": { "type": "LineString", "coordinates": [ [ -63.91695, -8.73974 ], [ -63.91726, -8.73837 ] ] } },
{ "type": "Feature", "properties": { "name": "Avenida Jorge Teixeira", "cls": "trunk" }, "geometry": { "type": "LineString", "coordinates": [ [ -63.88489, -8.76303 ], [ -63.88582, -8.75872 ] ] } },
{ "type": "Feature", "properties": { "name": "Avenida 7 de Setembro", "cls": "secondary" }, "geometry": { "type": "LineString", "coordinates": [ [ -63.88066, -8.75989 ], [ -63.8797, -8.75969 ] ] } },
{ "type": "Feature", "properties": { "name": null, "cls": "secondary" }, "geometry": { "type": "LineString", "coordinates": [ [ -63.13842, -9.7557 ], [ -63.13843, -9.7553 ] ] } },
{ "type": "Feature", "properties": { "name": "Avenida Rio de Janeiro", "cls": "secondary" }, "geometry": { "type": "LineString", "coordinates": [ [ -63.87442, -8.76974 ], [ -63.87268, -8.76934 ] ] } },
{ "type": "Feature", "properties": { "name": "Avenida Rio de Janeiro", "cls": "secondary" }, "geometry": { "type": "LineString", "coordinates": [ [ -63.8727, -8.76927 ], [ -63.87444, -8.76965 ] ] } },
{ "type": "Feature", "properties": { "name": "Avenida Calama", "cls": "secondary" }, "geometry": { "type": "LineString", "coordinates": [ [ -63.86487, -8.74418 ], [ -63.86996, -8.74529 ] ] } },
{ "type": "Feature", "properties": { "name": null, "cls": "secondary" }, "geometry": { "type": "LineString", "coordinates": [ [ -63.46079, -9.28262 ], [ -63.45987, -9.27867 ] ] } },
{ "type": "Feature", "properties": { "name": null, "cls": "secondary" }, "geometry": { "type": "LineString", "coordinates": [ [ -63.45987, -9.27867 ], [ -63.46093, -9.28259 ] ] } },
{ "type": "Feature", "properties": { "name": "Avenida Porto Velho", "cls": "secondary" }, "geometry": { "type": "LineString", "coordinates": [ [ -63.82759, -10.19232 ], [ -63.82766, -10.17705 ] ] } },
{ "type": "Feature", "properties": { "name": null, "cls": "secondary" }, "geometry": { "type": "LineString", "coordinates": [ [ -63.82772, -10.18248 ], [ -63.82767, -10.18916 ] ] } },
{ "type": "Feature", "properties": { "name": null, "cls": "secondary" }, "geometry": { "type": "LineString", "coordinates": [ [ -63.45968, -9.2779 ], [ -63.45962, -9.27769 ] ] } },
{ "type": "Feature", "properties": { "name": null, "cls": "secondary" }, "geometry": { "type": "LineString", "coordinates": [ [ -63.45987, -9.27867 ], [ -63.45968, -9.2779 ] ] } },
{ "type": "Feature", "properties": { "name": null, "cls": "primary" }, "geometry": { "type": "LineString", "coordinates": [ [ -62.30979, -11.37082 ], [ -62.30995, -11.37098 ] ] } },
{ "type": "Feature", "properties": { "name": null, "cls": "primary" }, "geometry": { "type": "LineString", "coordinates": [ [ -62.30487, -11.36571 ], [ -62.30979, -11.37082 ] ] } },
{ "type": "Feature", "properties": { "name": null, "cls": "trunk" }, "geometry": { "type": "LineString", "coordinates": [ [ -63.48644, -8.77456 ], [ -63.48778, -8.77471 ] ] } },
{ "type": "Feature", "properties": { "name": null, "cls": "trunk" }, "geometry": { "type": "LineString", "coordinates": [ [ -63.47677, -8.77873 ], [ -63.48067, -8.77499 ], [ -63.48311, -8.77432 ], [ -63.48644, -8.77456 ] ] } },
{ "type": "Feature", "properties": { "name": null, "cls": "secondary" }, "geometry": { "type": "LineString", "coordinates": [ [ -63.38373, -9.07876 ], [ -63.38308, -9.07851 ] ] } },
{ "type": "Feature", "properties": { "name": null, "cls": "trunk" }, "geometry": { "type": "LineString", "coordinates": [ [ -63.37858, -9.08174 ], [ -63.38693, -9.07503 ] ] } },
{ "type": "Feature", "properties": { "name": null, "cls": "trunk" }, "geometry": { "type": "LineString", "coordinates": [ [ -63.38693, -9.07503 ], [ -63.41189, -9.05372 ], [ -63.4134, -9.05126 ], [ -63.42149, -9.01255 ], [ -63.42115, -9.00029 ], [ -63.4486, -8.83631 ], [ -63.47371, -8.78263 ], [ -63.47677, -8.77873 ] ] } },
{ "type": "Feature", "properties": { "name": null, "cls": "trunk" }, "geometry": { "type": "LineString", "coordinates": [ [ -63.38693, -9.07503 ], [ -63.37876, -9.08198 ] ] } },
{ "type": "Feature", "properties": { "name": null, "cls": "secondary" }, "geometry": { "type": "LineString", "coordinates": [ [ -63.38367, -9.07795 ], [ -63.38373, -9.07876 ] ] } },
{ "type": "Feature", "properties": { "name": null, "cls": "trunk" }, "geometry": { "type": "LineString", "coordinates": [ [ -63.17415, -9.21181 ], [ -63.17594, -9.20542 ], [ -63.18039, -9.20071 ] ] } },
{ "type": "Feature", "properties": { "name": "Outros BR-364", "cls": "trunk" }, "geometry": { "type": "LineString", "coordinates": [ [ -63.18039, -9.20071 ], [ -63.18382, -9.19724 ] ] } },
{ "type": "Feature", "properties": { "name": null, "cls": "trunk" }, "geometry": { "type": "LineString", "coordinates": [ [ -63.18039, -9.20071 ], [ -63.17604, -9.20556 ], [ -63.17415, -9.21181 ] ] } },
{ "type": "Feature", "properties": { "name": null, "cls": "trunk" }, "geometry": { "type": "LineString", "coordinates": [ [ -63.07732, -9.52612 ], [ -63.07733, -9.52592 ] ] } },
{ "type": "Feature", "properties": { "name": null, "cls": "secondary" }, "geometry": { "type": "LineString", "coordinates": [ [ -63.07732, -9.52612 ], [ -63.07748, -9.52617 ] ] } },
{ "type": "Feature", "properties": { "name": null, "cls": "secondary" }, "geometry": { "type": "LineString", "coordinates": [ [ -63.07712, -9.52621 ], [ -63.07732, -9.52612 ] ] } },
{ "type": "Feature", "properties": { "name": null, "cls": "secondary" }, "geometry": { "type": "LineString", "coordinates": [ [ -63.07709, -9.52651 ], [ -63.07637, -9.52621 ] ] } },
{ "type": "Feature", "properties": { "name": null, "cls": "secondary" }, "geometry": { "type": "LineString", "coordinates": [ [ -63.0773, -9.52663 ], [ -63.07713, -9.52656 ] ] } },
{ "type": "Feature", "properties": { "name": null, "cls": "trunk" }, "geometry": { "type": "LineString", "coordinates": [ [ -63.0773, -9.52663 ], [ -63.07732, -9.52612 ] ] } },
{ "type": "Feature", "properties": { "name": null, "cls": "trunk" }, "geometry": { "type": "LineString", "coordinates": [ [ -63.07734, -9.52561 ], [ -63.07821, -9.51065 ], [ -63.07892, -9.50846 ], [ -63.09915, -9.4823 ], [ -63.10124, -9.48035 ] ] } },
{ "type": "Feature", "properties": { "name": null, "cls": "secondary" }, "geometry": { "type": "LineString", "coordinates": [ [ -63.07747, -9.52658 ], [ -63.0773, -9.52663 ] ] } },
{ "type": "Feature", "properties": { "name": null, "cls": "trunk" }, "geometry": { "type": "LineString", "coordinates": [ [ -62.8286, -10.17304 ], [ -62.82907, -10.17205 ] ] } },
{ "type": "Feature", "properties": { "name": "BR-364", "cls": "trunk" }, "geometry": { "type": "LineString", "coordinates": [ [ -62.82907, -10.17205 ], [ -62.83823, -10.15578 ], [ -62.84214, -10.15249 ], [ -62.84671, -10.14558 ], [ -62.84939, -10.14342 ], [ -62.92817, -10.10917 ], [ -62.9361, -10.10882 ], [ -62.96662, -10.09365 ], [ -62.96945, -10.09135 ], [ -62.97177, -10.08852 ], [ -62.97261, -10.0865 ], [ -62.97415, -10.0634 ], [ -62.97336, -10.05753 ], [ -62.9775, -10.0342 ], [ -62.99672, -10.01616 ], [ -63.00906, -10.00276 ], [ -63.0115, -9.99975 ], [ -63.01408, -9.99443 ], [ -63.02099, -9.98577 ], [ -63.03167, -9.97741 ], [ -63.03569, -9.97274 ], [ -63.04432, -9.96769 ], [ -63.04954, -9.96255 ], [ -63.05039, -9.96046 ], [ -63.05122, -9.94918 ], [ -63.0556, -9.94054 ], [ -63.05503, -9.93002 ] ] } },
{ "type": "Feature", "properties": { "name": "Anel Viário", "cls": "trunk" }, "geometry": { "type": "LineString", "coordinates": [ [ -61.98964, -10.88537 ], [ -61.99278, -10.88217 ], [ -61.99877, -10.86612 ], [ -62.00026, -10.86459 ], [ -62.00657, -10.86091 ], [ -62.00833, -10.85789 ], [ -62.00872, -10.85528 ], [ -62.00799, -10.85291 ], [ -62.00148, -10.84434 ] ] } },
{ "type": "Feature", "properties": { "name": "Anel Viário", "cls": "trunk" }, "geometry": { "type": "LineString", "coordinates": [ [ -61.98899, -10.88598 ], [ -61.98747, -10.88737 ] ] } },
{ "type": "Feature", "properties": { "name": "Anel Viário", "cls": "trunk" }, "geometry": { "type": "LineString", "coordinates": [ [ -61.98747, -10.88737 ], [ -61.98899, -10.88598 ] ] } },
{ "type": "Feature", "properties": { "name": "Anel Viário", "cls": "trunk" }, "geometry": { "type": "LineString", "coordinates": [ [ -61.95682, -10.91571 ], [ -61.95722, -10.91512 ] ] } },
{ "type": "Feature", "properties": { "name": null, "cls": "primary" }, "geometry": { "type": "LineString", "coordinates": [ [ -61.95791, -10.91521 ], [ -61.95796, -10.91595 ] ] } },
{ "type": "Feature", "properties": { "name": "Anel Viário", "cls": "trunk" }, "geometry": { "type": "LineString", "coordinates": [ [ -61.95762, -10.91483 ], [ -61.95831, -10.91459 ] ] } },
{ "type": "Feature", "properties": { "name": null, "cls": "secondary" }, "geometry": { "type": "LineString", "coordinates": [ [ -63.31877, -9.72333 ], [ -63.31887, -9.72324 ], [ -63.31896, -9.72333 ], [ -63.31887, -9.72342 ], [ -63.31877, -9.72333 ] ] } },
{ "type": "Feature", "properties": { "name": "Avenida Jorge Teixeira", "cls": "secondary" }, "geometry": { "type": "LineString", "coordinates": [ [ -63.31892, -9.72063 ], [ -63.31893, -9.72327 ] ] } },
{ "type": "Feature", "properties": { "name": "Avenida Jorge Teixeira", "cls": "secondary" }, "geometry": { "type": "LineString", "coordinates": [ [ -63.3188, -9.72327 ], [ -63.31882, -9.72064 ] ] } },
{ "type": "Feature", "properties": { "name": null, "cls": "secondary" }, "geometry": { "type": "LineString", "coordinates": [ [ -63.31894, -9.72058 ], [ -63.31887, -9.72066 ], [ -63.31879, -9.72058 ], [ -63.31887, -9.72051 ], [ -63.31894, -9.72058 ] ] } },
{ "type": "Feature", "properties": { "name": "Avenida Jorge Teixeira", "cls": "secondary" }, "geometry": { "type": "LineString", "coordinates": [ [ -63.3189, -9.7144 ], [ -63.31892, -9.72054 ] ] } },
{ "type": "Feature", "properties": { "name": "Avenida Jorge Teixeira", "cls": "secondary" }, "geometry": { "type": "LineString", "coordinates": [ [ -63.31881, -9.72054 ], [ -63.31879, -9.7144 ] ] } },
{ "type": "Feature", "properties": { "name": "Anel Viário", "cls": "trunk" }, "geometry": { "type": "LineString", "coordinates": [ [ -61.95746, -10.91549 ], [ -61.95682, -10.91571 ] ] } },
{ "type": "Feature", "properties": { "name": null, "cls": "primary" }, "geometry": { "type": "LineString", "coordinates": [ [ -61.95796, -10.91595 ], [ -61.95751, -10.9155 ] ] } },
{ "type": "Feature", "properties": { "name": "Avenida Porto Velho", "cls": "secondary" }, "geometry": { "type": "LineString", "coordinates": [ [ -63.82759, -10.19244 ], [ -63.82759, -10.19232 ] ] } },
{ "type": "Feature", "properties": { "name": "Avenida Porto Velho", "cls": "secondary" }, "geometry": { "type": "LineString", "coordinates": [ [ -63.82761, -10.1944 ], [ -63.82759, -10.19244 ] ] } },
{ "type": "Feature", "properties": { "name": "Avenida Porto Velho", "cls": "secondary" }, "geometry": { "type": "LineString", "coordinates": [ [ -63.82769, -10.19231 ], [ -63.82769, -10.19244 ] ] } },
{ "type": "Feature", "properties": { "name": "Avenida Porto Velho", "cls": "secondary" }, "geometry": { "type": "LineString", "coordinates": [ [ -63.82769, -10.19244 ], [ -63.82774, -10.19434 ] ] } },
{ "type": "Feature", "properties": { "name": null, "cls": "trunk" }, "geometry": { "type": "LineString", "coordinates": [ [ -63.0574, -9.8782 ], [ -63.05944, -9.84614 ] ] } },
{ "type": "Feature", "properties": { "name": null, "cls": "trunk" }, "geometry": { "type": "LineString", "coordinates": [ [ -63.05585, -9.90492 ], [ -63.05586, -9.9046 ] ] } },
{ "type": "Feature", "properties": { "name": "Avenida 5 de Setembro", "cls": "primary" }, "geometry": { "type": "LineString", "coordinates": [ [ -62.29107, -11.34506 ], [ -62.28772, -11.34824 ] ] } },
{ "type": "Feature", "properties": { "name": "Avenida 5 de Setembro", "cls": "primary" }, "geometry": { "type": "LineString", "coordinates": [ [ -62.28766, -11.34818 ], [ -62.29101, -11.34502 ] ] } },
{ "type": "Feature", "properties": { "name": "Avenida Jaru", "cls": "secondary" }, "geometry": { "type": "LineString", "coordinates": [ [ -63.02178, -9.90376 ], [ -63.01738, -9.90368 ] ] } },
{ "type": "Feature", "properties": { "name": "Avenida Jaru", "cls": "secondary" }, "geometry": { "type": "LineString", "coordinates": [ [ -63.01742, -9.90351 ], [ -63.02177, -9.90359 ] ] } },
{ "type": "Feature", "properties": { "name": "Avenida Juscelino Kubitschek", "cls": "trunk" }, "geometry": { "type": "LineString", "coordinates": [ [ -62.47814, -10.43361 ], [ -62.47715, -10.43404 ] ] } },
{ "type": "Feature", "properties": { "name": "Rua Venezuela", "cls": "secondary" }, "geometry": { "type": "LineString", "coordinates": [ [ -63.88301, -8.74901 ], [ -63.88309, -8.74816 ] ] } },
{ "type": "Feature", "properties": { "name": null, "cls": "secondary" }, "geometry": { "type": "LineString", "coordinates": [ [ -62.27435, -10.6871 ], [ -62.27463, -10.6876 ] ] } },
{ "type": "Feature", "properties": { "name": null, "cls": "secondary" }, "geometry": { "type": "LineString", "coordinates": [ [ -62.67534, -11.02499 ], [ -62.67557, -11.02511 ] ] } },
{ "type": "Feature", "properties": { "name": null, "cls": "secondary" }, "geometry": { "type": "LineString", "coordinates": [ [ -62.67541, -11.02526 ], [ -62.67534, -11.02499 ] ] } },
{ "type": "Feature", "properties": { "name": null, "cls": "secondary" }, "geometry": { "type": "LineString", "coordinates": [ [ -62.67575, -11.02532 ], [ -62.67585, -11.02558 ] ] } },
{ "type": "Feature", "properties": { "name": null, "cls": "secondary" }, "geometry": { "type": "LineString", "coordinates": [ [ -62.67585, -11.02558 ], [ -62.67563, -11.02545 ] ] } },
{ "type": "Feature", "properties": { "name": null, "cls": "secondary" }, "geometry": { "type": "LineString", "coordinates": [ [ -62.67546, -11.02541 ], [ -62.67545, -11.02517 ], [ -62.67569, -11.02516 ], [ -62.6757, -11.02541 ], [ -62.67546, -11.02541 ] ] } },
{ "type": "Feature", "properties": { "name": null, "cls": "secondary" }, "geometry": { "type": "LineString", "coordinates": [ [ -63.85912, -8.78492 ], [ -63.85919, -8.78486 ] ] } },
{ "type": "Feature", "properties": { "name": null, "cls": "secondary" }, "geometry": { "type": "LineString", "coordinates": [ [ -63.8276, -10.20294 ], [ -63.82767, -10.20284 ], [ -63.82778, -10.20292 ], [ -63.82769, -10.20302 ], [ -63.8276, -10.20294 ] ] } },
{ "type": "Feature", "properties": { "name": "Avenida Porto Velho", "cls": "secondary" }, "geometry": { "type": "LineString", "coordinates": [ [ -63.82775, -10.20299 ], [ -63.82775, -10.21081 ] ] } },
{ "type": "Feature", "properties": { "name": "Avenida Porto Velho", "cls": "secondary" }, "geometry": { "type": "LineString", "coordinates": [ [ -63.82763, -10.20615 ], [ -63.82764, -10.20301 ] ] } },
{ "type": "Feature", "properties": { "name": "Rua da Beira", "cls": "secondary" }, "geometry": { "type": "LineString", "coordinates": [ [ -63.86991, -8.77858 ], [ -63.87169, -8.77759 ] ] } },
{ "type": "Feature", "properties": { "name": "Avenida Porto Velho", "cls": "secondary" }, "geometry": { "type": "LineString", "coordinates": [ [ -63.82781, -10.21244 ], [ -63.82785, -10.21254 ] ] } },
{ "type": "Feature", "properties": { "name": "Avenida Porto Velho", "cls": "secondary" }, "geometry": { "type": "LineString", "coordinates": [ [ -63.82776, -10.21258 ], [ -63.82773, -10.21247 ] ] } },
{ "type": "Feature", "properties": { "name": "Avenida Diamantes", "cls": "secondary" }, "geometry": { "type": "LineString", "coordinates": [ [ -63.01714, -9.92608 ], [ -63.01712, -9.92593 ] ] } },
{ "type": "Feature", "properties": { "name": "Avenida Marechal Rondon", "cls": "primary" }, "geometry": { "type": "LineString", "coordinates": [ [ -62.28697, -11.34743 ], [ -62.26252, -11.32213 ] ] } },
{ "type": "Feature", "properties": { "name": null, "cls": "primary" }, "geometry": { "type": "LineString", "coordinates": [ [ -62.2885, -11.34902 ], [ -62.28697, -11.34743 ] ] } },
{ "type": "Feature", "properties": { "name": null, "cls": "primary" }, "geometry": { "type": "LineString", "coordinates": [ [ -62.2886, -11.34894 ], [ -62.30213, -11.36291 ] ] } },
{ "type": "Feature", "properties": { "name": null, "cls": "trunk" }, "geometry": { "type": "LineString", "coordinates": [ [ -63.05549, -9.91494 ], [ -63.05595, -9.9055 ] ] } },
{ "type": "Feature", "properties": { "name": null, "cls": "trunk" }, "geometry": { "type": "LineString", "coordinates": [ [ -63.05686, -9.88766 ], [ -63.05699, -9.88545 ] ] } },
{ "type": "Feature", "properties": { "name": null, "cls": "trunk" }, "geometry": { "type": "LineString", "coordinates": [ [ -63.05602, -9.90401 ], [ -63.05675, -9.88939 ] ] } },
{ "type": "Feature", "properties": { "name": "Avenida Rio de Janeiro", "cls": "secondary" }, "geometry": { "type": "LineString", "coordinates": [ [ -63.88368, -8.77144 ], [ -63.88685, -8.77241 ] ] } },
{ "type": "Feature", "properties": { "name": "Avenida Rio de Janeiro", "cls": "secondary" }, "geometry": { "type": "LineString", "coordinates": [ [ -63.90443, -8.77631 ], [ -63.88705, -8.77259 ] ] } },
{ "type": "Feature", "properties": { "name": null, "cls": "secondary" }, "geometry": { "type": "LineString", "coordinates": [ [ -63.88672, -8.7725 ], [ -63.88693, -8.77241 ], [ -63.88704, -8.77265 ], [ -63.88682, -8.77274 ], [ -63.88672, -8.7725 ] ] } },
{ "type": "Feature", "properties": { "name": "Via Colares", "cls": "secondary" }, "geometry": { "type": "LineString", "coordinates": [ [ -63.88689, -8.77275 ], [ -63.88652, -8.77409 ] ] } },
{ "type": "Feature", "properties": { "name": "Rua Élio Lins", "cls": "secondary" }, "geometry": { "type": "LineString", "coordinates": [ [ -63.89386, -8.78189 ], [ -63.89331, -8.78138 ] ] } },
{ "type": "Feature", "properties": { "name": "Rua Aluísio Azevedo", "cls": "secondary" }, "geometry": { "type": "LineString", "coordinates": [ [ -63.89352, -8.78104 ], [ -63.89464, -8.7821 ] ] } },
{ "type": "Feature", "properties": { "name": null, "cls": "secondary" }, "geometry": { "type": "LineString", "coordinates": [ [ -63.88997, -8.77762 ], [ -63.89101, -8.77865 ] ] } },
{ "type": "Feature", "properties": { "name": null, "cls": "secondary" }, "geometry": { "type": "LineString", "coordinates": [ [ -63.89736, -8.78472 ], [ -63.89666, -8.7847 ] ] } },
{ "type": "Feature", "properties": { "name": "Avenida Jorge Teixeira", "cls": "trunk" }, "geometry": { "type": "LineString", "coordinates": [ [ -63.89806, -8.78567 ], [ -63.89659, -8.78427 ] ] } },
{ "type": "Feature", "properties": { "name": "Avenida Jorge Teixeira", "cls": "trunk" }, "geometry": { "type": "LineString", "coordinates": [ [ -63.89665, -8.7842 ], [ -63.89811, -8.78561 ] ] } },
{ "type": "Feature", "properties": { "name": "Avenida Jorge Teixeira", "cls": "trunk" }, "geometry": { "type": "LineString", "coordinates": [ [ -63.88654, -8.7745 ], [ -63.89665, -8.7842 ] ] } },
{ "type": "Feature", "properties": { "name": null, "cls": "secondary" }, "geometry": { "type": "LineString", "coordinates": [ [ -63.46909, -9.14568 ], [ -63.46887, -9.14515 ] ] } },
{ "type": "Feature", "properties": { "name": null, "cls": "secondary" }, "geometry": { "type": "LineString", "coordinates": [ [ -63.46868, -9.14475 ], [ -63.45936, -9.13776 ] ] } },
{ "type": "Feature", "properties": { "name": null, "cls": "secondary" }, "geometry": { "type": "LineString", "coordinates": [ [ -63.45936, -9.13776 ], [ -63.45907, -9.13754 ] ] } },
{ "type": "Feature", "properties": { "name": null, "cls": "secondary" }, "geometry": { "type": "LineString", "coordinates": [ [ -63.44512, -9.1266 ], [ -63.43051, -9.11512 ] ] } },
{ "type": "Feature", "properties": { "name": "Rodovia RO-133", "cls": "secondary" }, "geometry": { "type": "LineString", "coordinates": [ [ -62.00865, -9.4275 ], [ -62.00874, -9.42752 ] ] } },
{ "type": "Feature", "properties": { "name": null, "cls": "primary" }, "geometry": { "type": "LineString", "coordinates": [ [ -62.00874, -9.42752 ], [ -62.00847, -9.42916 ] ] } },
{ "type": "Feature", "properties": { "name": null, "cls": "primary" }, "geometry": { "type": "LineString", "coordinates": [ [ -62.00847, -9.42916 ], [ -62.00865, -9.4275 ] ] } },
{ "type": "Feature", "properties": { "name": null, "cls": "trunk" }, "geometry": { "type": "LineString", "coordinates": [ [ -62.03921, -10.79216 ], [ -62.03938, -10.79205 ] ] } },
{ "type": "Feature", "properties": { "name": null, "cls": "trunk" }, "geometry": { "type": "LineString", "coordinates": [ [ -62.02526, -10.80019 ], [ -62.03921, -10.79216 ] ] } },
{ "type": "Feature", "properties": { "name": null, "cls": "secondary" }, "geometry": { "type": "LineString", "coordinates": [ [ -64.79864, -10.3648 ], [ -64.78891, -10.36351 ], [ -64.7725, -10.35894 ], [ -64.77125, -10.35913 ], [ -64.75508, -10.34849 ], [ -64.74005, -10.33659 ], [ -64.71789, -10.31639 ], [ -64.71137, -10.30755 ], [ -64.70264, -10.30182 ], [ -64.6973, -10.30017 ], [ -64.69352, -10.30096 ], [ -64.68817, -10.30405 ], [ -64.68351, -10.30516 ], [ -64.67963, -10.30703 ], [ -64.67699, -10.3092 ], [ -64.67122, -10.31033 ], [ -64.65716, -10.31598 ], [ -64.64043, -10.32093 ], [ -64.62142, -10.32499 ], [ -64.60371, -10.32385 ], [ -64.58788, -10.32181 ], [ -64.56013, -10.31651 ] ] } },
{ "type": "Feature", "properties": { "name": null, "cls": "primary" }, "geometry": { "type": "LineString", "coordinates": [ [ -62.18806, -10.76402 ], [ -62.18804, -10.76346 ] ] } },
{ "type": "Feature", "properties": { "name": null, "cls": "primary" }, "geometry": { "type": "LineString", "coordinates": [ [ -62.18804, -10.76346 ], [ -62.18759, -10.76157 ], [ -62.18511, -10.75827 ], [ -62.17986, -10.74446 ] ] } },
{ "type": "Feature", "properties": { "name": null, "cls": "secondary" }, "geometry": { "type": "LineString", "coordinates": [ [ -62.42653, -10.81046 ], [ -62.42692, -10.81077 ] ] } },
{ "type": "Feature", "properties": { "name": null, "cls": "secondary" }, "geometry": { "type": "LineString", "coordinates": [ [ -62.42878, -10.81224 ], [ -62.44358, -10.82415 ] ] } },
{ "type": "Feature", "properties": { "name": "Avenida Getúlio Vargas", "cls": "secondary" }, "geometry": { "type": "LineString", "coordinates": [ [ -62.00254, -9.42511 ], [ -62.00413, -9.42574 ] ] } },
{ "type": "Feature", "properties": { "name": "Avenida Getúlio Vargas", "cls": "secondary" }, "geometry": { "type": "LineString", "coordinates": [ [ -62.00677, -9.42679 ], [ -62.00865, -9.4275 ] ] } },
{ "type": "Feature", "properties": { "name": "Avenida Getúlio Vargas", "cls": "secondary" }, "geometry": { "type": "LineString", "coordinates": [ [ -62.00413, -9.42574 ], [ -62.00252, -9.42516 ] ] } },
{ "type": "Feature", "properties": { "name": null, "cls": "trunk" }, "geometry": { "type": "LineString", "coordinates": [ [ -62.74857, -10.23361 ], [ -62.74884, -10.23343 ] ] } },
{ "type": "Feature", "properties": { "name": null, "cls": "trunk" }, "geometry": { "type": "LineString", "coordinates": [ [ -62.74884, -10.23343 ], [ -62.7648, -10.22264 ] ] } },
{ "type": "Feature", "properties": { "name": null, "cls": "trunk" }, "geometry": { "type": "LineString", "coordinates": [ [ -62.7648, -10.22264 ], [ -62.765, -10.22251 ] ] } },
{ "type": "Feature", "properties": { "name": null, "cls": "trunk" }, "geometry": { "type": "LineString", "coordinates": [ [ -62.67095, -10.287 ], [ -62.69704, -10.26771 ], [ -62.70234, -10.26568 ], [ -62.7078, -10.25954 ], [ -62.72454, -10.24743 ], [ -62.72804, -10.24629 ], [ -62.73758, -10.24689 ], [ -62.74082, -10.24566 ], [ -62.74403, -10.24142 ], [ -62.74588, -10.23608 ], [ -62.74857, -10.23361 ] ] } },
{ "type": "Feature", "properties": { "name": null, "cls": "secondary" }, "geometry": { "type": "LineString", "coordinates": [ [ -64.25642, -9.19282 ], [ -64.2404, -9.22346 ], [ -64.2384, -9.22443 ], [ -64.23862, -9.22966 ], [ -64.24047, -9.23909 ], [ -64.23887, -9.24245 ], [ -64.23932, -9.25044 ], [ -64.2382, -9.25507 ] ] } },
{ "type": "Feature", "properties": { "name": null, "cls": "secondary" }, "geometry": { "type": "LineString", "coordinates": [ [ -62.00669, -9.42674 ], [ -62.00675, -9.42674 ], [ -62.00676, -9.4268 ], [ -62.00669, -9.4268 ], [ -62.00669, -9.42674 ] ] } },
{ "type": "Feature", "properties": { "name": "Avenida Getúlio Vargas", "cls": "secondary" }, "geometry": { "type": "LineString", "coordinates": [ [ -62.00413, -9.42574 ], [ -62.00668, -9.42676 ] ] } },
{ "type": "Feature", "properties": { "name": null, "cls": "secondary" }, "geometry": { "type": "LineString", "coordinates": [ [ -64.22233, -9.45783 ], [ -64.2223, -9.45804 ] ] } },
{ "type": "Feature", "properties": { "name": null, "cls": "secondary" }, "geometry": { "type": "LineString", "coordinates": [ [ -64.2223, -9.45804 ], [ -64.22349, -9.46106 ], [ -64.22521, -9.48519 ], [ -64.22347, -9.48529 ], [ -64.22074, -9.48713 ], [ -64.22072, -9.49565 ], [ -64.21934, -9.49853 ], [ -64.22027, -9.50045 ], [ -64.21768, -9.51434 ], [ -64.19257, -9.50842 ], [ -64.1831, -9.50704 ], [ -64.17957, -9.52172 ], [ -64.16417, -9.53026 ], [ -64.1598, -9.53581 ], [ -64.1552, -9.53746 ], [ -64.142, -9.53483 ], [ -64.14515, -9.54778 ] ] } },
{ "type": "Feature", "properties": { "name": "Avenida Francisco Vieira de Souza", "cls": "secondary" }, "geometry": { "type": "LineString", "coordinates": [ [ -62.79118, -10.84912 ], [ -62.79504, -10.85283 ] ] } },
{ "type": "Feature", "properties": { "name": "Avenida Francisco Vieira de Souza", "cls": "secondary" }, "geometry": { "type": "LineString", "coordinates": [ [ -62.79497, -10.8529 ], [ -62.79111, -10.84918 ] ] } },
{ "type": "Feature", "properties": { "name": null, "cls": "secondary" }, "geometry": { "type": "LineString", "coordinates": [ [ -62.79018, -10.84823 ], [ -62.79118, -10.84912 ] ] } },
{ "type": "Feature", "properties": { "name": null, "cls": "secondary" }, "geometry": { "type": "LineString", "coordinates": [ [ -62.79111, -10.84918 ], [ -62.79018, -10.84823 ] ] } },
{ "type": "Feature", "properties": { "name": "Avenida Francisco Vieira de Souza", "cls": "secondary" }, "geometry": { "type": "LineString", "coordinates": [ [ -62.79504, -10.85283 ], [ -62.80233, -10.85983 ] ] } },
{ "type": "Feature", "properties": { "name": null, "cls": "secondary" }, "geometry": { "type": "LineString", "coordinates": [ [ -62.56228, -10.91939 ], [ -62.56381, -10.92058 ] ] } },
{ "type": "Feature", "properties": { "name": null, "cls": "secondary" }, "geometry": { "type": "LineString", "coordinates": [ [ -62.55859, -10.91643 ], [ -62.55806, -10.916 ] ] } },
{ "type": "Feature", "properties": { "name": null, "cls": "secondary" }, "geometry": { "type": "LineString", "coordinates": [ [ -62.12975, -10.42741 ], [ -62.12909, -10.42493 ] ] } },
{ "type": "Feature", "properties": { "name": null, "cls": "secondary" }, "geometry": { "type": "LineString", "coordinates": [ [ -62.12909, -10.42493 ], [ -62.12984, -10.42738 ] ] } },
{ "type": "Feature", "properties": { "name": "Rua Saulo da Cunha", "cls": "secondary" }, "geometry": { "type": "LineString", "coordinates": [ [ -62.80224, -10.85992 ], [ -62.80233, -10.85983 ] ] } },
{ "type": "Feature", "properties": { "name": "Avenida Afonso Pena", "cls": "primary" }, "geometry": { "type": "LineString", "coordinates": [ [ -62.25621, -10.93672 ], [ -62.2583, -10.94192 ] ] } },
{ "type": "Feature", "properties": { "name": "Avenida Afonso Pena", "cls": "primary" }, "geometry": { "type": "LineString", "coordinates": [ [ -62.25383, -10.9304 ], [ -62.25413, -10.93134 ] ] } },
{ "type": "Feature", "properties": { "name": "Avenida Afonso Pena", "cls": "primary" }, "geometry": { "type": "LineString", "coordinates": [ [ -62.25621, -10.93672 ], [ -62.25563, -10.93549 ] ] } },
{ "type": "Feature", "properties": { "name": "Avenida Afonso Pena", "cls": "primary" }, "geometry": { "type": "LineString", "coordinates": [ [ -62.25563, -10.93549 ], [ -62.25413, -10.93134 ] ] } },
{ "type": "Feature", "properties": { "name": null, "cls": "secondary" }, "geometry": { "type": "LineString", "coordinates": [ [ -62.56476, -10.63048 ], [ -62.56416, -10.63028 ] ] } },
{ "type": "Feature", "properties": { "name": null, "cls": "secondary" }, "geometry": { "type": "LineString", "coordinates": [ [ -62.56416, -10.63028 ], [ -62.56395, -10.63021 ] ] } },
{ "type": "Feature", "properties": { "name": null, "cls": "primary" }, "geometry": { "type": "LineString", "coordinates": [ [ -62.26904, -10.96871 ], [ -62.26887, -10.96831 ] ] } },
{ "type": "Feature", "properties": { "name": null, "cls": "primary" }, "geometry": { "type": "LineString", "coordinates": [ [ -62.26887, -10.96831 ], [ -62.26262, -10.95203 ] ] } },
{ "type": "Feature", "properties": { "name": null, "cls": "secondary" }, "geometry": { "type": "LineString", "coordinates": [ [ -64.16475, -10.26362 ], [ -64.1714, -10.2607 ], [ -64.17993, -10.2599 ], [ -64.18355, -10.26023 ], [ -64.19192, -10.26323 ] ] } },
{ "type": "Feature", "properties": { "name": null, "cls": "secondary" }, "geometry": { "type": "LineString", "coordinates": [ [ -64.16456, -10.26361 ], [ -64.16475, -10.26362 ] ] } },
{ "type": "Feature", "properties": { "name": null, "cls": "secondary" }, "geometry": { "type": "LineString", "coordinates": [ [ -63.11119, -9.70687 ], [ -63.11156, -9.70683 ] ] } },
{ "type": "Feature", "properties": { "name": null, "cls": "secondary" }, "geometry": { "type": "LineString", "coordinates": [ [ -63.1116, -9.70704 ], [ -63.11119, -9.70687 ] ] } },
{ "type": "Feature", "properties": { "name": null, "cls": "primary" }, "geometry": { "type": "LineString", "coordinates": [ [ -63.23075, -10.14945 ], [ -63.23069, -10.14967 ] ] } },
{ "type": "Feature", "properties": { "name": null, "cls": "primary" }, "geometry": { "type": "LineString", "coordinates": [ [ -63.17805, -10.03036 ], [ -63.17837, -10.032 ], [ -63.1806, -10.03305 ], [ -63.20607, -10.06261 ], [ -63.2306, -10.10746 ], [ -63.23285, -10.11035 ], [ -63.23159, -10.11615 ], [ -63.2327, -10.11892 ], [ -63.23148, -10.1463 ], [ -63.23075, -10.14945 ] ] } },
{ "type": "Feature", "properties": { "name": null, "cls": "secondary" }, "geometry": { "type": "LineString", "coordinates": [ [ -63.92992, -10.25887 ], [ -63.94413, -10.25891 ], [ -63.94732, -10.25824 ], [ -63.94865, -10.2589 ], [ -63.95099, -10.25853 ], [ -63.96235, -10.25943 ], [ -63.96569, -10.25856 ], [ -63.96965, -10.25844 ], [ -63.97144, -10.25902 ], [ -63.98126, -10.25914 ], [ -63.98585, -10.25857 ], [ -63.98989, -10.25933 ], [ -63.99884, -10.25919 ], [ -64.00173, -10.25817 ], [ -64.00332, -10.25924 ], [ -64.00699, -10.25966 ], [ -64.04002, -10.26048 ], [ -64.0434, -10.26104 ], [ -64.05213, -10.26022 ], [ -64.05694, -10.26074 ], [ -64.06743, -10.26347 ], [ -64.07197, -10.2631 ], [ -64.07493, -10.26191 ], [ -64.08297, -10.26337 ], [ -64.08401, -10.26283 ], [ -64.08464, -10.26026 ], [ -64.08613, -10.25985 ], [ -64.0993, -10.26036 ], [ -64.10974, -10.26005 ], [ -64.11088, -10.26083 ], [ -64.11461, -10.26072 ], [ -64.11998, -10.26192 ], [ -64.12178, -10.26265 ], [ -64.12317, -10.26447 ], [ -64.12464, -10.26479 ], [ -64.12725, -10.26301 ], [ -64.15477, -10.26147 ], [ -64.16131, -10.26339 ], [ -64.16456, -10.26361 ] ] } },
{ "type": "Feature", "properties": { "name": null, "cls": "secondary" }, "geometry": { "type": "LineString", "coordinates": [ [ -63.92975, -10.25886 ], [ -63.92992, -10.25887 ] ] } },
{ "type": "Feature", "properties": { "name": null, "cls": "secondary" }, "geometry": { "type": "LineString", "coordinates": [ [ -63.85566, -10.1211 ], [ -63.85547, -10.12114 ] ] } },
{ "type": "Feature", "properties": { "name": null, "cls": "secondary" }, "geometry": { "type": "LineString", "coordinates": [ [ -63.82846, -10.16442 ], [ -63.82842, -10.16449 ] ] } },
{ "type": "Feature", "properties": { "name": null, "cls": "secondary" }, "geometry": { "type": "LineString", "coordinates": [ [ -63.13843, -9.7553 ], [ -63.13866, -9.7556 ] ] } },
{ "type": "Feature", "properties": { "name": null, "cls": "secondary" }, "geometry": { "type": "LineString", "coordinates": [ [ -63.14041, -9.71752 ], [ -63.14027, -9.71784 ] ] } },
{ "type": "Feature", "properties": { "name": null, "cls": "secondary" }, "geometry": { "type": "LineString", "coordinates": [ [ -63.14012, -9.71745 ], [ -63.13986, -9.71737 ] ] } },
{ "type": "Feature", "properties": { "name": null, "cls": "secondary" }, "geometry": { "type": "LineString", "coordinates": [ [ -63.13986, -9.71737 ], [ -63.14014, -9.71728 ] ] } },
{ "type": "Feature", "properties": { "name": "Avenida do Cacau", "cls": "secondary" }, "geometry": { "type": "LineString", "coordinates": [ [ -62.89995, -10.33894 ], [ -62.89999, -10.33872 ] ] } },
{ "type": "Feature", "properties": { "name": "Avenida do Cacau", "cls": "secondary" }, "geometry": { "type": "LineString", "coordinates": [ [ -62.89999, -10.33872 ], [ -62.90007, -10.33893 ] ] } },
{ "type": "Feature", "properties": { "name": "Avenida do Cacau", "cls": "secondary" }, "geometry": { "type": "LineString", "coordinates": [ [ -62.89998, -10.3383 ], [ -62.89999, -10.33872 ] ] } },
{ "type": "Feature", "properties": { "name": "Avenida do Cacau", "cls": "secondary" }, "geometry": { "type": "LineString", "coordinates": [ [ -62.89999, -10.34322 ], [ -62.89997, -10.3421 ] ] } },
{ "type": "Feature", "properties": { "name": "Avenida do Cacau", "cls": "secondary" }, "geometry": { "type": "LineString", "coordinates": [ [ -62.90004, -10.34334 ], [ -62.90008, -10.34375 ] ] } },
{ "type": "Feature", "properties": { "name": "Avenida do Cacau", "cls": "secondary" }, "geometry": { "type": "LineString", "coordinates": [ [ -62.90007, -10.33893 ], [ -62.90006, -10.34183 ] ] } },
{ "type": "Feature", "properties": { "name": "Avenida do Cacau", "cls": "secondary" }, "geometry": { "type": "LineString", "coordinates": [ [ -62.90005, -10.34322 ], [ -62.90004, -10.34334 ] ] } },
{ "type": "Feature", "properties": { "name": "Avenida do Cacau", "cls": "secondary" }, "geometry": { "type": "LineString", "coordinates": [ [ -62.90004, -10.34334 ], [ -62.89999, -10.34322 ] ] } },
{ "type": "Feature", "properties": { "name": null, "cls": "secondary" }, "geometry": { "type": "LineString", "coordinates": [ [ -62.91662, -9.70593 ], [ -62.91863, -9.70592 ] ] } },
{ "type": "Feature", "properties": { "name": null, "cls": "secondary" }, "geometry": { "type": "LineString", "coordinates": [ [ -62.91623, -9.70592 ], [ -62.91662, -9.70593 ] ] } },
{ "type": "Feature", "properties": { "name": null, "cls": "secondary" }, "geometry": { "type": "LineString", "coordinates": [ [ -62.91863, -9.70592 ], [ -62.91897, -9.70591 ] ] } },
{ "type": "Feature", "properties": { "name": null, "cls": "secondary" }, "geometry": { "type": "LineString", "coordinates": [ [ -62.90252, -9.70566 ], [ -62.91623, -9.70592 ] ] } },
{ "type": "Feature", "properties": { "name": null, "cls": "secondary" }, "geometry": { "type": "LineString", "coordinates": [ [ -62.89994, -10.34191 ], [ -62.90002, -10.34182 ], [ -62.9001, -10.3419 ], [ -62.90001, -10.34198 ], [ -62.89994, -10.34191 ] ] } },
{ "type": "Feature", "properties": { "name": "Avenida do Cacau", "cls": "secondary" }, "geometry": { "type": "LineString", "coordinates": [ [ -62.89997, -10.3421 ], [ -62.89997, -10.34197 ] ] } },
{ "type": "Feature", "properties": { "name": "Avenida do Cacau", "cls": "secondary" }, "geometry": { "type": "LineString", "coordinates": [ [ -62.89996, -10.34184 ], [ -62.89995, -10.33894 ] ] } },
{ "type": "Feature", "properties": { "name": "Avenida do Cacau", "cls": "secondary" }, "geometry": { "type": "LineString", "coordinates": [ [ -62.90007, -10.34196 ], [ -62.90007, -10.34204 ] ] } },
{ "type": "Feature", "properties": { "name": "Avenida do Cacau", "cls": "secondary" }, "geometry": { "type": "LineString", "coordinates": [ [ -62.90007, -10.34204 ], [ -62.90005, -10.34322 ] ] } },
{ "type": "Feature", "properties": { "name": null, "cls": "secondary" }, "geometry": { "type": "LineString", "coordinates": [ [ -64.28089, -10.26886 ], [ -64.28067, -10.2688 ] ] } },
{ "type": "Feature", "properties": { "name": null, "cls": "secondary" }, "geometry": { "type": "LineString", "coordinates": [ [ -64.28067, -10.2688 ], [ -64.28089, -10.26877 ] ] } },
{ "type": "Feature", "properties": { "name": null, "cls": "trunk" }, "geometry": { "type": "LineString", "coordinates": [ [ -63.26566, -9.1148 ], [ -63.26637, -9.11361 ] ] } },
{ "type": "Feature", "properties": { "name": null, "cls": "trunk" }, "geometry": { "type": "LineString", "coordinates": [ [ -63.19541, -9.18555 ], [ -63.26566, -9.1148 ] ] } },
{ "type": "Feature", "properties": { "name": "Estrada do Pacífico", "cls": "trunk" }, "geometry": { "type": "LineString", "coordinates": [ [ -63.96315, -8.90707 ], [ -63.96214, -8.9049 ] ] } },
{ "type": "Feature", "properties": { "name": "Estrada do Pacífico", "cls": "trunk" }, "geometry": { "type": "LineString", "coordinates": [ [ -63.96193, -8.90444 ], [ -63.94536, -8.86743 ], [ -63.94405, -8.85529 ], [ -63.94259, -8.85324 ], [ -63.93786, -8.84919 ], [ -63.93706, -8.84683 ], [ -63.93719, -8.84318 ] ] } },
{ "type": "Feature", "properties": { "name": "Estrada do Pacífico", "cls": "trunk" }, "geometry": { "type": "LineString", "coordinates": [ [ -63.96203, -8.90465 ], [ -63.96193, -8.90444 ] ] } },
{ "type": "Feature", "properties": { "name": "Estrada do Pacífico", "cls": "trunk" }, "geometry": { "type": "LineString", "coordinates": [ [ -63.96205, -8.9047 ], [ -63.96203, -8.90465 ] ] } },
{ "type": "Feature", "properties": { "name": "Estrada do Pacífico", "cls": "trunk" }, "geometry": { "type": "LineString", "coordinates": [ [ -63.96214, -8.9049 ], [ -63.96205, -8.9047 ] ] } },
{ "type": "Feature", "properties": { "name": "Rua da Beira", "cls": "secondary" }, "geometry": { "type": "LineString", "coordinates": [ [ -63.88463, -8.77257 ], [ -63.88614, -8.77393 ] ] } },
{ "type": "Feature", "properties": { "name": "Avenida dos Imigrantes", "cls": "trunk" }, "geometry": { "type": "LineString", "coordinates": [ [ -63.89034, -8.73977 ], [ -63.90219, -8.74238 ] ] } },
{ "type": "Feature", "properties": { "name": "Avenida Jorge Teixeira", "cls": "trunk" }, "geometry": { "type": "LineString", "coordinates": [ [ -63.89024, -8.74004 ], [ -63.88417, -8.76778 ] ] } },
{ "type": "Feature", "properties": { "name": "Avenida Juscelino Kubitschek", "cls": "trunk" }, "geometry": { "type": "LineString", "coordinates": [ [ -62.46775, -10.4415 ], [ -62.46792, -10.44122 ] ] } },
{ "type": "Feature", "properties": { "name": "Avenida Juscelino Kubitschek", "cls": "trunk" }, "geometry": { "type": "LineString", "coordinates": [ [ -62.46732, -10.44216 ], [ -62.46775, -10.4415 ] ] } },
{ "type": "Feature", "properties": { "name": "Avenida Juscelino Kubitschek", "cls": "trunk" }, "geometry": { "type": "LineString", "coordinates": [ [ -62.46677, -10.44305 ], [ -62.46732, -10.44216 ] ] } },
{ "type": "Feature", "properties": { "name": "Avenida Juscelino Kubitschek", "cls": "trunk" }, "geometry": { "type": "LineString", "coordinates": [ [ -62.46628, -10.44391 ], [ -62.46677, -10.44305 ] ] } },
{ "type": "Feature", "properties": { "name": "Rodovia BR-364", "cls": "primary" }, "geometry": { "type": "LineString", "coordinates": [ [ -61.93012, -10.91207 ], [ -61.92994, -10.91681 ] ] } },
{ "type": "Feature", "properties": { "name": "Rodovia BR-364", "cls": "primary" }, "geometry": { "type": "LineString", "coordinates": [ [ -61.92987, -10.92198 ], [ -61.92988, -10.92228 ] ] } },
{ "type": "Feature", "properties": { "name": "Anel Viário", "cls": "trunk" }, "geometry": { "type": "LineString", "coordinates": [ [ -61.92994, -10.92128 ], [ -61.93015, -10.92094 ] ] } },
{ "type": "Feature", "properties": { "name": "Anel Viário", "cls": "trunk" }, "geometry": { "type": "LineString", "coordinates": [ [ -61.93015, -10.92094 ], [ -61.9314, -10.92072 ] ] } },
{ "type": "Feature", "properties": { "name": "Anel Viário", "cls": "trunk" }, "geometry": { "type": "LineString", "coordinates": [ [ -62.00148, -10.84434 ], [ -62.00113, -10.8439 ] ] } },
{ "type": "Feature", "properties": { "name": null, "cls": "trunk" }, "geometry": { "type": "LineString", "coordinates": [ [ -62.00113, -10.8439 ], [ -62.00161, -10.84358 ] ] } },
{ "type": "Feature", "properties": { "name": null, "cls": "primary" }, "geometry": { "type": "LineString", "coordinates": [ [ -62.00068, -10.84421 ], [ -62.00113, -10.8439 ] ] } },
{ "type": "Feature", "properties": { "name": null, "cls": "primary" }, "geometry": { "type": "LineString", "coordinates": [ [ -61.97045, -10.86467 ], [ -61.97068, -10.86451 ] ] } },
{ "type": "Feature", "properties": { "name": null, "cls": "trunk" }, "geometry": { "type": "LineString", "coordinates": [ [ -62.17967, -10.74401 ], [ -62.18003, -10.74374 ] ] } },
{ "type": "Feature", "properties": { "name": null, "cls": "trunk" }, "geometry": { "type": "LineString", "coordinates": [ [ -62.17925, -10.74433 ], [ -62.17967, -10.74401 ] ] } },
{ "type": "Feature", "properties": { "name": null, "cls": "trunk" }, "geometry": { "type": "LineString", "coordinates": [ [ -62.25825, -10.70617 ], [ -62.25844, -10.70593 ] ] } },
{ "type": "Feature", "properties": { "name": null, "cls": "trunk" }, "geometry": { "type": "LineString", "coordinates": [ [ -62.25803, -10.70642 ], [ -62.25825, -10.70617 ] ] } },
{ "type": "Feature", "properties": { "name": null, "cls": "trunk" }, "geometry": { "type": "LineString", "coordinates": [ [ -62.25789, -10.70661 ], [ -62.25803, -10.70642 ] ] } },
{ "type": "Feature", "properties": { "name": null, "cls": "trunk" }, "geometry": { "type": "LineString", "coordinates": [ [ -62.25179, -10.71394 ], [ -62.25256, -10.713 ] ] } },
{ "type": "Feature", "properties": { "name": null, "cls": "trunk" }, "geometry": { "type": "LineString", "coordinates": [ [ -62.26237, -10.70125 ], [ -62.26257, -10.70101 ] ] } },
{ "type": "Feature", "properties": { "name": null, "cls": "trunk" }, "geometry": { "type": "LineString", "coordinates": [ [ -62.26194, -10.70176 ], [ -62.26237, -10.70125 ] ] } },
{ "type": "Feature", "properties": { "name": null, "cls": "trunk" }, "geometry": { "type": "LineString", "coordinates": [ [ -62.26176, -10.70199 ], [ -62.26194, -10.70176 ] ] } },
{ "type": "Feature", "properties": { "name": null, "cls": "trunk" }, "geometry": { "type": "LineString", "coordinates": [ [ -62.25844, -10.70593 ], [ -62.25851, -10.70586 ] ] } },
{ "type": "Feature", "properties": { "name": null, "cls": "secondary" }, "geometry": { "type": "LineString", "coordinates": [ [ -62.27422, -10.68694 ], [ -62.27389, -10.68734 ] ] } },
{ "type": "Feature", "properties": { "name": null, "cls": "trunk" }, "geometry": { "type": "LineString", "coordinates": [ [ -62.27422, -10.68694 ], [ -62.27444, -10.68667 ] ] } },
{ "type": "Feature", "properties": { "name": null, "cls": "trunk" }, "geometry": { "type": "LineString", "coordinates": [ [ -62.27389, -10.68734 ], [ -62.27422, -10.68694 ] ] } },
{ "type": "Feature", "properties": { "name": null, "cls": "trunk" }, "geometry": { "type": "LineString", "coordinates": [ [ -62.48902, -10.42635 ], [ -62.48915, -10.42626 ] ] } },
{ "type": "Feature", "properties": { "name": null, "cls": "trunk" }, "geometry": { "type": "LineString", "coordinates": [ [ -62.48865, -10.42659 ], [ -62.48902, -10.42635 ] ] } },
{ "type": "Feature", "properties": { "name": null, "cls": "trunk" }, "geometry": { "type": "LineString", "coordinates": [ [ -62.4882, -10.42689 ], [ -62.48865, -10.42659 ] ] } },
{ "type": "Feature", "properties": { "name": null, "cls": "trunk" }, "geometry": { "type": "LineString", "coordinates": [ [ -62.48792, -10.42708 ], [ -62.4882, -10.42689 ] ] } },
{ "type": "Feature", "properties": { "name": null, "cls": "trunk" }, "geometry": { "type": "LineString", "coordinates": [ [ -62.48773, -10.4272 ], [ -62.48792, -10.42708 ] ] } },
{ "type": "Feature", "properties": { "name": null, "cls": "trunk" }, "geometry": { "type": "LineString", "coordinates": [ [ -62.48731, -10.42747 ], [ -62.48773, -10.4272 ] ] } },
{ "type": "Feature", "properties": { "name": null, "cls": "trunk" }, "geometry": { "type": "LineString", "coordinates": [ [ -62.51675, -10.4062 ], [ -62.54347, -10.38777 ], [ -62.54706, -10.38434 ] ] } },
{ "type": "Feature", "properties": { "name": null, "cls": "trunk" }, "geometry": { "type": "LineString", "coordinates": [ [ -62.51644, -10.40643 ], [ -62.51675, -10.4062 ] ] } },
{ "type": "Feature", "properties": { "name": null, "cls": "trunk" }, "geometry": { "type": "LineString", "coordinates": [ [ -62.51611, -10.40666 ], [ -62.51644, -10.40643 ] ] } },
{ "type": "Feature", "properties": { "name": null, "cls": "trunk" }, "geometry": { "type": "LineString", "coordinates": [ [ -62.51584, -10.40685 ], [ -62.51611, -10.40666 ] ] } },
{ "type": "Feature", "properties": { "name": null, "cls": "trunk" }, "geometry": { "type": "LineString", "coordinates": [ [ -62.82137, -10.18039 ], [ -62.82642, -10.17669 ], [ -62.8286, -10.17304 ] ] } },
{ "type": "Feature", "properties": { "name": null, "cls": "trunk" }, "geometry": { "type": "LineString", "coordinates": [ [ -62.82111, -10.18056 ], [ -62.82137, -10.18039 ] ] } },
{ "type": "Feature", "properties": { "name": null, "cls": "trunk" }, "geometry": { "type": "LineString", "coordinates": [ [ -62.82098, -10.18066 ], [ -62.82111, -10.18056 ] ] } },
{ "type": "Feature", "properties": { "name": null, "cls": "trunk" }, "geometry": { "type": "LineString", "coordinates": [ [ -62.82069, -10.18087 ], [ -62.82098, -10.18066 ] ] } },
{ "type": "Feature", "properties": { "name": null, "cls": "trunk" }, "geometry": { "type": "LineString", "coordinates": [ [ -63.05735, -9.87917 ], [ -63.05739, -9.87832 ] ] } },
{ "type": "Feature", "properties": { "name": null, "cls": "trunk" }, "geometry": { "type": "LineString", "coordinates": [ [ -63.05739, -9.87832 ], [ -63.0574, -9.8782 ] ] } },
{ "type": "Feature", "properties": { "name": null, "cls": "trunk" }, "geometry": { "type": "LineString", "coordinates": [ [ -63.0571, -9.88367 ], [ -63.05735, -9.87917 ] ] } },
{ "type": "Feature", "properties": { "name": null, "cls": "secondary" }, "geometry": { "type": "LineString", "coordinates": [ [ -63.11837, -9.71686 ], [ -63.11815, -9.71655 ] ] } },
{ "type": "Feature", "properties": { "name": null, "cls": "trunk" }, "geometry": { "type": "LineString", "coordinates": [ [ -63.11815, -9.71655 ], [ -63.11794, -9.71625 ] ] } },
{ "type": "Feature", "properties": { "name": null, "cls": "trunk" }, "geometry": { "type": "LineString", "coordinates": [ [ -63.11837, -9.71686 ], [ -63.11815, -9.71655 ] ] } },
{ "type": "Feature", "properties": { "name": null, "cls": "secondary" }, "geometry": { "type": "LineString", "coordinates": [ [ -63.11161, -9.70677 ], [ -63.11181, -9.70705 ] ] } },
{ "type": "Feature", "properties": { "name": null, "cls": "trunk" }, "geometry": { "type": "LineString", "coordinates": [ [ -63.11161, -9.70677 ], [ -63.1114, -9.70642 ] ] } },
{ "type": "Feature", "properties": { "name": null, "cls": "trunk" }, "geometry": { "type": "LineString", "coordinates": [ [ -63.11181, -9.70705 ], [ -63.11161, -9.70677 ] ] } },
{ "type": "Feature", "properties": { "name": null, "cls": "trunk" }, "geometry": { "type": "LineString", "coordinates": [ [ -63.11201, -9.70733 ], [ -63.11181, -9.70705 ] ] } },
{ "type": "Feature", "properties": { "name": null, "cls": "trunk" }, "geometry": { "type": "LineString", "coordinates": [ [ -63.11794, -9.71625 ], [ -63.11201, -9.70733 ] ] } },
{ "type": "Feature", "properties": { "name": null, "cls": "trunk" }, "geometry": { "type": "LineString", "coordinates": [ [ -63.07729, -9.5269 ], [ -63.0773, -9.52663 ] ] } },
{ "type": "Feature", "properties": { "name": null, "cls": "trunk" }, "geometry": { "type": "LineString", "coordinates": [ [ -63.07733, -9.52592 ], [ -63.07734, -9.52561 ] ] } },
{ "type": "Feature", "properties": { "name": "Estrada do Pacífico", "cls": "trunk" }, "geometry": { "type": "LineString", "coordinates": [ [ -64.59979, -9.30308 ], [ -64.60008, -9.30355 ] ] } },
{ "type": "Feature", "properties": { "name": "Estrada do Pacífico", "cls": "trunk" }, "geometry": { "type": "LineString", "coordinates": [ [ -64.59948, -9.30257 ], [ -64.59979, -9.30308 ] ] } },
{ "type": "Feature", "properties": { "name": "Estrada do Pacífico", "cls": "trunk" }, "geometry": { "type": "LineString", "coordinates": [ [ -64.55053, -9.28667 ], [ -64.56113, -9.29071 ], [ -64.57906, -9.28858 ], [ -64.5818, -9.28882 ], [ -64.5952, -9.29672 ], [ -64.59948, -9.30257 ] ] } },
{ "type": "Feature", "properties": { "name": null, "cls": "primary" }, "geometry": { "type": "LineString", "coordinates": [ [ -62.17256, -11.22482 ], [ -62.15911, -11.22099 ], [ -62.13866, -11.22372 ] ] } },
{ "type": "Feature", "properties": { "name": null, "cls": "primary" }, "geometry": { "type": "LineString", "coordinates": [ [ -62.17293, -11.22493 ], [ -62.17256, -11.22482 ] ] } },
{ "type": "Feature", "properties": { "name": null, "cls": "primary" }, "geometry": { "type": "LineString", "coordinates": [ [ -62.17358, -11.22513 ], [ -62.17293, -11.22493 ] ] } },
{ "type": "Feature", "properties": { "name": null, "cls": "primary" }, "geometry": { "type": "LineString", "coordinates": [ [ -62.17403, -11.22526 ], [ -62.17358, -11.22513 ] ] } },
{ "type": "Feature", "properties": { "name": "Rua da Beira", "cls": "secondary" }, "geometry": { "type": "LineString", "coordinates": [ [ -63.8752, -8.77622 ], [ -63.87215, -8.77806 ] ] } },
{ "type": "Feature", "properties": { "name": "Rua da Beira", "cls": "secondary" }, "geometry": { "type": "LineString", "coordinates": [ [ -63.87189, -8.7775 ], [ -63.87365, -8.77645 ] ] } },
{ "type": "Feature", "properties": { "name": "Avenida Marginal", "cls": "secondary" }, "geometry": { "type": "LineString", "coordinates": [ [ -63.88117, -8.7718 ], [ -63.88123, -8.77133 ] ] } },
{ "type": "Feature", "properties": { "name": null, "cls": "primary" }, "geometry": { "type": "LineString", "coordinates": [ [ -63.4274, -10.36036 ], [ -63.42771, -10.36052 ] ] } },
{ "type": "Feature", "properties": { "name": null, "cls": "primary" }, "geometry": { "type": "LineString", "coordinates": [ [ -63.42806, -10.36053 ], [ -63.428, -10.36066 ] ] } },
{ "type": "Feature", "properties": { "name": null, "cls": "primary" }, "geometry": { "type": "LineString", "coordinates": [ [ -63.42771, -10.36052 ], [ -63.42781, -10.3604 ] ] } },
{ "type": "Feature", "properties": { "name": null, "cls": "primary" }, "geometry": { "type": "LineString", "coordinates": [ [ -63.428, -10.36066 ], [ -63.42771, -10.36052 ] ] } },
{ "type": "Feature", "properties": { "name": null, "cls": "primary" }, "geometry": { "type": "LineString", "coordinates": [ [ -63.42781, -10.3604 ], [ -63.42815, -10.36005 ] ] } },
{ "type": "Feature", "properties": { "name": null, "cls": "secondary" }, "geometry": { "type": "LineString", "coordinates": [ [ -63.428, -10.36066 ], [ -63.42832, -10.36084 ] ] } },
{ "type": "Feature", "properties": { "name": null, "cls": "secondary" }, "geometry": { "type": "LineString", "coordinates": [ [ -63.42771, -10.36052 ], [ -63.428, -10.36066 ] ] } },
{ "type": "Feature", "properties": { "name": null, "cls": "secondary" }, "geometry": { "type": "LineString", "coordinates": [ [ -62.62169, -9.47916 ], [ -62.6222, -9.47591 ], [ -62.61765, -9.45823 ], [ -62.6201, -9.43888 ] ] } },
{ "type": "Feature", "properties": { "name": null, "cls": "secondary" }, "geometry": { "type": "LineString", "coordinates": [ [ -62.62178, -9.47954 ], [ -62.62169, -9.47916 ] ] } },
{ "type": "Feature", "properties": { "name": null, "cls": "secondary" }, "geometry": { "type": "LineString", "coordinates": [ [ -62.62185, -9.47961 ], [ -62.62178, -9.47954 ] ] } },
{ "type": "Feature", "properties": { "name": null, "cls": "secondary" }, "geometry": { "type": "LineString", "coordinates": [ [ -62.62226, -9.47977 ], [ -62.62185, -9.47961 ] ] } },
{ "type": "Feature", "properties": { "name": null, "cls": "secondary" }, "geometry": { "type": "LineString", "coordinates": [ [ -62.61957, -9.43789 ], [ -62.61481, -9.43553 ] ] } },
{ "type": "Feature", "properties": { "name": null, "cls": "secondary" }, "geometry": { "type": "LineString", "coordinates": [ [ -62.61993, -9.43824 ], [ -62.61957, -9.43789 ] ] } },
{ "type": "Feature", "properties": { "name": null, "cls": "secondary" }, "geometry": { "type": "LineString", "coordinates": [ [ -62.62, -9.43835 ], [ -62.61993, -9.43824 ] ] } },
{ "type": "Feature", "properties": { "name": null, "cls": "secondary" }, "geometry": { "type": "LineString", "coordinates": [ [ -62.6201, -9.43888 ], [ -62.62, -9.43835 ] ] } },
{ "type": "Feature", "properties": { "name": null, "cls": "secondary" }, "geometry": { "type": "LineString", "coordinates": [ [ -62.57726, -9.38585 ], [ -62.57428, -9.38627 ] ] } },
{ "type": "Feature", "properties": { "name": null, "cls": "secondary" }, "geometry": { "type": "LineString", "coordinates": [ [ -62.57749, -9.38574 ], [ -62.57726, -9.38585 ] ] } },
{ "type": "Feature", "properties": { "name": null, "cls": "secondary" }, "geometry": { "type": "LineString", "coordinates": [ [ -62.57779, -9.38567 ], [ -62.57749, -9.38574 ] ] } },
{ "type": "Feature", "properties": { "name": null, "cls": "secondary" }, "geometry": { "type": "LineString", "coordinates": [ [ -62.57796, -9.38568 ], [ -62.57779, -9.38567 ] ] } },
{ "type": "Feature", "properties": { "name": null, "cls": "secondary" }, "geometry": { "type": "LineString", "coordinates": [ [ -62.574, -9.38627 ], [ -62.57392, -9.38627 ] ] } },
{ "type": "Feature", "properties": { "name": null, "cls": "secondary" }, "geometry": { "type": "LineString", "coordinates": [ [ -62.57428, -9.38627 ], [ -62.574, -9.38627 ] ] } },
{ "type": "Feature", "properties": { "name": "Avenida Getúlio Vargas", "cls": "secondary" }, "geometry": { "type": "LineString", "coordinates": [ [ -61.99211, -9.4214 ], [ -62.00244, -9.4251 ] ] } },
{ "type": "Feature", "properties": { "name": "Avenida Tangará", "cls": "secondary" }, "geometry": { "type": "LineString", "coordinates": [ [ -61.99235, -9.42048 ], [ -61.99211, -9.4214 ] ] } },
{ "type": "Feature", "properties": { "name": "Avenida Jorge Teixeira", "cls": "trunk" }, "geometry": { "type": "LineString", "coordinates": [ [ -63.91689, -8.8086 ], [ -63.91707, -8.80899 ] ] } },
{ "type": "Feature", "properties": { "name": "BR-364", "cls": "trunk" }, "geometry": { "type": "LineString", "coordinates": [ [ -63.89811, -8.78561 ], [ -63.91268, -8.79971 ], [ -63.91689, -8.8086 ] ] } },
{ "type": "Feature", "properties": { "name": "Avenida Jorge Teixeira", "cls": "trunk" }, "geometry": { "type": "LineString", "coordinates": [ [ -63.91682, -8.80869 ], [ -63.91255, -8.79982 ], [ -63.89806, -8.78567 ] ] } },
{ "type": "Feature", "properties": { "name": "Avenida Jorge Teixeira", "cls": "trunk" }, "geometry": { "type": "LineString", "coordinates": [ [ -63.91699, -8.80905 ], [ -63.91682, -8.80869 ] ] } },
{ "type": "Feature", "properties": { "name": "Avenida Mamoré", "cls": "secondary" }, "geometry": { "type": "LineString", "coordinates": [ [ -63.84532, -8.75629 ], [ -63.84625, -8.75222 ] ] } },
{ "type": "Feature", "properties": { "name": "Avenida Mamoré", "cls": "secondary" }, "geometry": { "type": "LineString", "coordinates": [ [ -63.84262, -8.76833 ], [ -63.84301, -8.76665 ] ] } },
{ "type": "Feature", "properties": { "name": "Avenida Mamoré", "cls": "secondary" }, "geometry": { "type": "LineString", "coordinates": [ [ -63.84481, -8.75866 ], [ -63.84532, -8.75629 ] ] } },
{ "type": "Feature", "properties": { "name": "Avenida Mamoré", "cls": "secondary" }, "geometry": { "type": "LineString", "coordinates": [ [ -63.84625, -8.75222 ], [ -63.84678, -8.74987 ] ] } },
{ "type": "Feature", "properties": { "name": "Avenida Prefeito Chiquilito Erse", "cls": "secondary" }, "geometry": { "type": "LineString", "coordinates": [ [ -63.87867, -8.73673 ], [ -63.87866, -8.73297 ] ] } },
{ "type": "Feature", "properties": { "name": "Rua da Beira", "cls": "secondary" }, "geometry": { "type": "LineString", "coordinates": [ [ -63.8605, -8.78477 ], [ -63.84276, -8.79482 ] ] } },
{ "type": "Feature", "properties": { "name": "Avenida Jorge Teixeira", "cls": "secondary" }, "geometry": { "type": "LineString", "coordinates": [ [ -63.88373, -8.76988 ], [ -63.88361, -8.77046 ] ] } },
{ "type": "Feature", "properties": { "name": "Avenida Marginal", "cls": "secondary" }, "geometry": { "type": "LineString", "coordinates": [ [ -63.87372, -8.77657 ], [ -63.87219, -8.77764 ] ] } },
{ "type": "Feature", "properties": { "name": null, "cls": "secondary" }, "geometry": { "type": "LineString", "coordinates": [ [ -63.87365, -8.77645 ], [ -63.87372, -8.77657 ] ] } },
{ "type": "Feature", "properties": { "name": null, "cls": "secondary" }, "geometry": { "type": "LineString", "coordinates": [ [ -62.76416, -10.60021 ], [ -62.76156, -10.59752 ], [ -62.76089, -10.59455 ], [ -62.75893, -10.5928 ] ] } },
{ "type": "Feature", "properties": { "name": null, "cls": "secondary" }, "geometry": { "type": "LineString", "coordinates": [ [ -62.73427, -10.61116 ], [ -62.73318, -10.61218 ] ] } },
{ "type": "Feature", "properties": { "name": "Avenida Pedra Branca", "cls": "secondary" }, "geometry": { "type": "LineString", "coordinates": [ [ -62.73318, -10.61218 ], [ -62.7301, -10.60895 ] ] } },
{ "type": "Feature", "properties": { "name": "Avenida Ayrton Senna", "cls": "primary" }, "geometry": { "type": "LineString", "coordinates": [ [ -63.82785, -10.21254 ], [ -63.82776, -10.21258 ] ] } },
{ "type": "Feature", "properties": { "name": "Avenida Calama", "cls": "secondary" }, "geometry": { "type": "LineString", "coordinates": [ [ -63.84878, -8.74071 ], [ -63.84879, -8.74067 ] ] } },
{ "type": "Feature", "properties": { "name": "Avenida Calama", "cls": "secondary" }, "geometry": { "type": "LineString", "coordinates": [ [ -63.84877, -8.74075 ], [ -63.84878, -8.74071 ] ] } },
{ "type": "Feature", "properties": { "name": null, "cls": "primary" }, "geometry": { "type": "LineString", "coordinates": [ [ -62.29101, -11.34502 ], [ -62.29113, -11.34497 ] ] } },
{ "type": "Feature", "properties": { "name": null, "cls": "primary" }, "geometry": { "type": "LineString", "coordinates": [ [ -62.29113, -11.34497 ], [ -62.29107, -11.34506 ] ] } },
{ "type": "Feature", "properties": { "name": "RO-460", "cls": "primary" }, "geometry": { "type": "LineString", "coordinates": [ [ -63.79576, -10.23264 ], [ -63.80527, -10.22537 ], [ -63.81669, -10.21878 ] ] } },
{ "type": "Feature", "properties": { "name": null, "cls": "trunk" }, "geometry": { "type": "LineString", "coordinates": [ [ -63.05527, -9.91616 ], [ -63.0553, -9.91571 ] ] } },
{ "type": "Feature", "properties": { "name": null, "cls": "trunk" }, "geometry": { "type": "LineString", "coordinates": [ [ -63.05561, -9.91577 ], [ -63.05559, -9.91619 ] ] } },
{ "type": "Feature", "properties": { "name": null, "cls": "trunk" }, "geometry": { "type": "LineString", "coordinates": [ [ -63.0553, -9.91571 ], [ -63.05561, -9.91577 ] ] } },
{ "type": "Feature", "properties": { "name": null, "cls": "trunk" }, "geometry": { "type": "LineString", "coordinates": [ [ -61.90166, -11.16433 ], [ -61.90164, -11.15682 ] ] } },
{ "type": "Feature", "properties": { "name": null, "cls": "trunk" }, "geometry": { "type": "LineString", "coordinates": [ [ -61.9016, -11.17862 ], [ -61.90166, -11.16433 ] ] } },
{ "type": "Feature", "properties": { "name": null, "cls": "trunk" }, "geometry": { "type": "LineString", "coordinates": [ [ -61.90152, -11.19584 ], [ -61.9016, -11.17862 ] ] } },
{ "type": "Feature", "properties": { "name": "Avenida Jorge Teixeira", "cls": "trunk" }, "geometry": { "type": "LineString", "coordinates": [ [ -63.88394, -8.76738 ], [ -63.88425, -8.766 ] ] } },
{ "type": "Feature", "properties": { "name": "Avenida Jorge Teixeira", "cls": "trunk" }, "geometry": { "type": "LineString", "coordinates": [ [ -63.88386, -8.76771 ], [ -63.88394, -8.76738 ] ] } },
{ "type": "Feature", "properties": { "name": "Anel Viário", "cls": "trunk" }, "geometry": { "type": "LineString", "coordinates": [ [ -61.9295, -10.92292 ], [ -61.92994, -10.92128 ] ] } },
{ "type": "Feature", "properties": { "name": null, "cls": "trunk" }, "geometry": { "type": "LineString", "coordinates": [ [ -61.90164, -11.15682 ], [ -61.90117, -11.13324 ] ] } },
{ "type": "Feature", "properties": { "name": "Rodovia BR-364", "cls": "trunk" }, "geometry": { "type": "LineString", "coordinates": [ [ -61.92545, -10.94896 ], [ -61.92831, -10.94594 ], [ -61.92937, -10.94348 ], [ -61.92966, -10.92684 ] ] } },
{ "type": "Feature", "properties": { "name": "Rodovia BR-364", "cls": "trunk" }, "geometry": { "type": "LineString", "coordinates": [ [ -61.93005, -11.02216 ], [ -61.92879, -11.01866 ], [ -61.91773, -11.00386 ], [ -61.91696, -11.00138 ], [ -61.917, -10.99657 ] ] } },
{ "type": "Feature", "properties": { "name": "Rodovia BR-364", "cls": "trunk" }, "geometry": { "type": "LineString", "coordinates": [ [ -61.91725, -10.9761 ], [ -61.91761, -10.95793 ], [ -61.91902, -10.95553 ], [ -61.92545, -10.94896 ] ] } },
{ "type": "Feature", "properties": { "name": "Rodovia BR-364", "cls": "trunk" }, "geometry": { "type": "LineString", "coordinates": [ [ -61.917, -10.99657 ], [ -61.91725, -10.9761 ] ] } },
{ "type": "Feature", "properties": { "name": "Rodovia BR-364", "cls": "trunk" }, "geometry": { "type": "LineString", "coordinates": [ [ -61.90117, -11.13324 ], [ -61.90174, -11.11083 ], [ -61.90511, -11.10379 ] ] } },
{ "type": "Feature", "properties": { "name": "Rodovia BR-364", "cls": "trunk" }, "geometry": { "type": "LineString", "coordinates": [ [ -61.90511, -11.10379 ], [ -61.91807, -11.07913 ] ] } },
{ "type": "Feature", "properties": { "name": null, "cls": "secondary" }, "geometry": { "type": "LineString", "coordinates": [ [ -63.3846, -9.07919 ], [ -63.38373, -9.07876 ] ] } },
{ "type": "Feature", "properties": { "name": null, "cls": "secondary" }, "geometry": { "type": "LineString", "coordinates": [ [ -63.40236, -9.09303 ], [ -63.3846, -9.07919 ] ] } },
{ "type": "Feature", "properties": { "name": null, "cls": "secondary" }, "geometry": { "type": "LineString", "coordinates": [ [ -63.43051, -9.11512 ], [ -63.4153, -9.10316 ] ] } },
{ "type": "Feature", "properties": { "name": null, "cls": "secondary" }, "geometry": { "type": "LineString", "coordinates": [ [ -63.4153, -9.10316 ], [ -63.40236, -9.09303 ] ] } },
{ "type": "Feature", "properties": { "name": null, "cls": "secondary" }, "geometry": { "type": "LineString", "coordinates": [ [ -63.45907, -9.13754 ], [ -63.44512, -9.1266 ] ] } },
{ "type": "Feature", "properties": { "name": null, "cls": "secondary" }, "geometry": { "type": "LineString", "coordinates": [ [ -63.46887, -9.14515 ], [ -63.46868, -9.14475 ] ] } },
{ "type": "Feature", "properties": { "name": null, "cls": "secondary" }, "geometry": { "type": "LineString", "coordinates": [ [ -63.47452, -9.17199 ], [ -63.47444, -9.15923 ], [ -63.46909, -9.14568 ] ] } },
{ "type": "Feature", "properties": { "name": null, "cls": "secondary" }, "geometry": { "type": "LineString", "coordinates": [ [ -63.47476, -9.20884 ], [ -63.47452, -9.17199 ] ] } },
{ "type": "Feature", "properties": { "name": null, "cls": "secondary" }, "geometry": { "type": "LineString", "coordinates": [ [ -63.45962, -9.27769 ], [ -63.45549, -9.26216 ], [ -63.45071, -9.25353 ], [ -63.45056, -9.24774 ] ] } },
{ "type": "Feature", "properties": { "name": null, "cls": "secondary" }, "geometry": { "type": "LineString", "coordinates": [ [ -63.45056, -9.24774 ], [ -63.45058, -9.23509 ], [ -63.45119, -9.23371 ], [ -63.45345, -9.23164 ] ] } },
{ "type": "Feature", "properties": { "name": null, "cls": "trunk" }, "geometry": { "type": "LineString", "coordinates": [ [ -63.37876, -9.08198 ], [ -63.37735, -9.08248 ] ] } },
{ "type": "Feature", "properties": { "name": null, "cls": "trunk" }, "geometry": { "type": "LineString", "coordinates": [ [ -63.37735, -9.08248 ], [ -63.37858, -9.08174 ] ] } },
{ "type": "Feature", "properties": { "name": "Avenida Marechal Deodoro da Fonseca", "cls": "secondary" }, "geometry": { "type": "LineString", "coordinates": [ [ -62.24943, -10.71208 ], [ -62.25122, -10.71349 ] ] } },
{ "type": "Feature", "properties": { "name": "Avenida Marechal Deodoro da Fonseca", "cls": "secondary" }, "geometry": { "type": "LineString", "coordinates": [ [ -62.24916, -10.71185 ], [ -62.24924, -10.71192 ] ] } },
{ "type": "Feature", "properties": { "name": null, "cls": "trunk" }, "geometry": { "type": "LineString", "coordinates": [ [ -62.2475, -10.71889 ], [ -62.2481, -10.71838 ] ] } },
{ "type": "Feature", "properties": { "name": null, "cls": "secondary" }, "geometry": { "type": "LineString", "coordinates": [ [ -63.01751, -10.54112 ], [ -63.01653, -10.54106 ] ] } },
{ "type": "Feature", "properties": { "name": null, "cls": "secondary" }, "geometry": { "type": "LineString", "coordinates": [ [ -63.01767, -10.541 ], [ -63.01766, -10.54111 ] ] } },
{ "type": "Feature", "properties": { "name": null, "cls": "secondary" }, "geometry": { "type": "LineString", "coordinates": [ [ -63.01653, -10.54106 ], [ -63.01751, -10.541 ] ] } },
{ "type": "Feature", "properties": { "name": null, "cls": "secondary" }, "geometry": { "type": "LineString", "coordinates": [ [ -63.01751, -10.53949 ], [ -63.01835, -10.53949 ] ] } },
{ "type": "Feature", "properties": { "name": null, "cls": "secondary" }, "geometry": { "type": "LineString", "coordinates": [ [ -63.01751, -10.541 ], [ -63.01751, -10.53949 ] ] } },
{ "type": "Feature", "properties": { "name": null, "cls": "secondary" }, "geometry": { "type": "LineString", "coordinates": [ [ -63.01751, -10.541 ], [ -63.01767, -10.541 ] ] } },
{ "type": "Feature", "properties": { "name": null, "cls": "secondary" }, "geometry": { "type": "LineString", "coordinates": [ [ -63.01767, -10.53949 ], [ -63.01767, -10.541 ] ] } },
{ "type": "Feature", "properties": { "name": null, "cls": "secondary" }, "geometry": { "type": "LineString", "coordinates": [ [ -62.27463, -10.6876 ], [ -62.29243, -10.70173 ] ] } },
{ "type": "Feature", "properties": { "name": null, "cls": "secondary" }, "geometry": { "type": "LineString", "coordinates": [ [ -62.29243, -10.70173 ], [ -62.29254, -10.70182 ] ] } },
{ "type": "Feature", "properties": { "name": null, "cls": "secondary" }, "geometry": { "type": "LineString", "coordinates": [ [ -62.2333, -10.6964 ], [ -62.23855, -10.70032 ], [ -62.23988, -10.70305 ] ] } },
{ "type": "Feature", "properties": { "name": null, "cls": "secondary" }, "geometry": { "type": "LineString", "coordinates": [ [ -62.23321, -10.69635 ], [ -62.2333, -10.6964 ] ] } },
{ "type": "Feature", "properties": { "name": null, "cls": "trunk" }, "geometry": { "type": "LineString", "coordinates": [ [ -63.8596, -8.78496 ], [ -63.85827, -8.78572 ] ] } },
{ "type": "Feature", "properties": { "name": null, "cls": "trunk" }, "geometry": { "type": "LineString", "coordinates": [ [ -63.85927, -8.78505 ], [ -63.86209, -8.78329 ] ] } },
{ "type": "Feature", "properties": { "name": null, "cls": "trunk" }, "geometry": { "type": "LineString", "coordinates": [ [ -63.87949, -8.77347 ], [ -63.88043, -8.77293 ] ] } },
{ "type": "Feature", "properties": { "name": null, "cls": "trunk" }, "geometry": { "type": "LineString", "coordinates": [ [ -63.87243, -8.7775 ], [ -63.87551, -8.77574 ] ] } },
{ "type": "Feature", "properties": { "name": null, "cls": "trunk" }, "geometry": { "type": "LineString", "coordinates": [ [ -63.86946, -8.7792 ], [ -63.87138, -8.7781 ] ] } },
{ "type": "Feature", "properties": { "name": null, "cls": "trunk" }, "geometry": { "type": "LineString", "coordinates": [ [ -63.8769, -8.77507 ], [ -63.87249, -8.77758 ] ] } },
{ "type": "Feature", "properties": { "name": null, "cls": "trunk" }, "geometry": { "type": "LineString", "coordinates": [ [ -63.88067, -8.7729 ], [ -63.87956, -8.77356 ] ] } },
{ "type": "Feature", "properties": { "name": null, "cls": "trunk" }, "geometry": { "type": "LineString", "coordinates": [ [ -63.88345, -8.7706 ], [ -63.88319, -8.77109 ] ] } },
{ "type": "Feature", "properties": { "name": "Rua Abunã", "cls": "secondary" }, "geometry": { "type": "LineString", "coordinates": [ [ -63.88329, -8.74931 ], [ -63.88301, -8.74901 ] ] } },
{ "type": "Feature", "properties": { "name": "Rua Venezuela", "cls": "secondary" }, "geometry": { "type": "LineString", "coordinates": [ [ -63.88318, -8.74844 ], [ -63.88337, -8.74822 ] ] } },
{ "type": "Feature", "properties": { "name": null, "cls": "secondary" }, "geometry": { "type": "LineString", "coordinates": [ [ -61.93302, -9.3608 ], [ -61.93471, -9.36287 ], [ -61.93551, -9.36522 ], [ -61.93434, -9.36883 ], [ -61.93455, -9.37505 ], [ -61.933, -9.37808 ], [ -61.93658, -9.38088 ], [ -61.93741, -9.38383 ], [ -61.93691, -9.38595 ], [ -61.93071, -9.39598 ] ] } },
{ "type": "Feature", "properties": { "name": null, "cls": "secondary" }, "geometry": { "type": "LineString", "coordinates": [ [ -61.93272, -9.36059 ], [ -61.93302, -9.3608 ] ] } },
{ "type": "Feature", "properties": { "name": "Anel Viário", "cls": "trunk" }, "geometry": { "type": "LineString", "coordinates": [ [ -61.95831, -10.91459 ], [ -61.95791, -10.91521 ] ] } },
{ "type": "Feature", "properties": { "name": null, "cls": "primary" }, "geometry": { "type": "LineString", "coordinates": [ [ -61.95796, -10.91595 ], [ -61.96149, -10.92324 ] ] } },
{ "type": "Feature", "properties": { "name": "Anel Viário", "cls": "trunk" }, "geometry": { "type": "LineString", "coordinates": [ [ -61.96457, -10.90975 ], [ -61.9861, -10.88865 ] ] } },
{ "type": "Feature", "properties": { "name": "Anel Viário", "cls": "trunk" }, "geometry": { "type": "LineString", "coordinates": [ [ -61.98899, -10.88598 ], [ -61.98964, -10.88537 ] ] } },
{ "type": "Feature", "properties": { "name": "Avenida Porto Velho", "cls": "secondary" }, "geometry": { "type": "LineString", "coordinates": [ [ -63.82774, -10.19434 ], [ -63.82776, -10.19755 ] ] } },
{ "type": "Feature", "properties": { "name": "Avenida Porto Velho", "cls": "secondary" }, "geometry": { "type": "LineString", "coordinates": [ [ -63.82763, -10.19755 ], [ -63.82761, -10.1944 ] ] } },
{ "type": "Feature", "properties": { "name": "Avenida Porto Velho", "cls": "secondary" }, "geometry": { "type": "LineString", "coordinates": [ [ -63.82766, -10.17705 ], [ -63.82772, -10.18248 ] ] } },
{ "type": "Feature", "properties": { "name": null, "cls": "secondary" }, "geometry": { "type": "LineString", "coordinates": [ [ -63.83074, -10.15875 ], [ -63.82846, -10.16442 ] ] } },
{ "type": "Feature", "properties": { "name": null, "cls": "secondary" }, "geometry": { "type": "LineString", "coordinates": [ [ -63.83077, -10.15863 ], [ -63.83074, -10.15875 ] ] } },
{ "type": "Feature", "properties": { "name": null, "cls": "secondary" }, "geometry": { "type": "LineString", "coordinates": [ [ -63.82842, -10.16449 ], [ -63.82766, -10.17705 ] ] } },
{ "type": "Feature", "properties": { "name": null, "cls": "secondary" }, "geometry": { "type": "LineString", "coordinates": [ [ -63.84502, -10.12327 ], [ -63.83077, -10.15863 ] ] } },
{ "type": "Feature", "properties": { "name": null, "cls": "secondary" }, "geometry": { "type": "LineString", "coordinates": [ [ -63.85547, -10.12114 ], [ -63.84502, -10.12327 ] ] } },
{ "type": "Feature", "properties": { "name": null, "cls": "secondary" }, "geometry": { "type": "LineString", "coordinates": [ [ -63.88039, -10.10758 ], [ -63.87844, -10.11555 ], [ -63.87747, -10.11603 ], [ -63.87558, -10.1193 ] ] } },
{ "type": "Feature", "properties": { "name": null, "cls": "secondary" }, "geometry": { "type": "LineString", "coordinates": [ [ -63.8804, -10.1075 ], [ -63.88039, -10.10758 ] ] } },
{ "type": "Feature", "properties": { "name": null, "cls": "secondary" }, "geometry": { "type": "LineString", "coordinates": [ [ -63.87558, -10.1193 ], [ -63.87403, -10.11807 ], [ -63.86912, -10.11833 ], [ -63.86457, -10.11937 ] ] } },
{ "type": "Feature", "properties": { "name": null, "cls": "secondary" }, "geometry": { "type": "LineString", "coordinates": [ [ -63.86448, -10.11936 ], [ -63.85566, -10.1211 ] ] } },
{ "type": "Feature", "properties": { "name": null, "cls": "secondary" }, "geometry": { "type": "LineString", "coordinates": [ [ -63.86457, -10.11937 ], [ -63.86448, -10.11936 ] ] } },
{ "type": "Feature", "properties": { "name": null, "cls": "secondary" }, "geometry": { "type": "LineString", "coordinates": [ [ -63.88833, -10.09613 ], [ -63.88725, -10.09932 ], [ -63.8829, -10.0983 ], [ -63.8804, -10.1075 ] ] } },
{ "type": "Feature", "properties": { "name": null, "cls": "secondary" }, "geometry": { "type": "LineString", "coordinates": [ [ -63.88834, -10.09606 ], [ -63.88833, -10.09613 ] ] } },
{ "type": "Feature", "properties": { "name": null, "cls": "secondary" }, "geometry": { "type": "LineString", "coordinates": [ [ -63.90542, -10.02911 ], [ -63.90235, -10.04144 ], [ -63.90072, -10.04343 ], [ -63.90056, -10.0484 ], [ -63.8998, -10.05067 ], [ -63.90375, -10.05331 ], [ -63.9033, -10.05667 ], [ -63.90247, -10.05946 ], [ -63.90044, -10.06199 ], [ -63.89656, -10.06382 ], [ -63.89601, -10.06768 ], [ -63.8953, -10.06839 ], [ -63.89151, -10.08344 ], [ -63.88982, -10.0853 ], [ -63.88813, -10.08881 ], [ -63.88894, -10.09293 ], [ -63.88834, -10.09606 ] ] } },
{ "type": "Feature", "properties": { "name": null, "cls": "secondary" }, "geometry": { "type": "LineString", "coordinates": [ [ -63.90544, -10.02901 ], [ -63.90542, -10.02911 ] ] } },
{ "type": "Feature", "properties": { "name": null, "cls": "secondary" }, "geometry": { "type": "LineString", "coordinates": [ [ -63.91291, -9.99913 ], [ -63.91236, -9.99939 ], [ -63.91224, -10.00267 ], [ -63.91499, -10.00752 ], [ -63.91503, -10.01107 ] ] } },
{ "type": "Feature", "properties": { "name": null, "cls": "secondary" }, "geometry": { "type": "LineString", "coordinates": [ [ -63.913, -9.99912 ], [ -63.91291, -9.99913 ] ] } },
{ "type": "Feature", "properties": { "name": null, "cls": "secondary" }, "geometry": { "type": "LineString", "coordinates": [ [ -63.91501, -10.0112 ], [ -63.91288, -10.0143 ], [ -63.90928, -10.0141 ], [ -63.90544, -10.02901 ] ] } },
{ "type": "Feature", "properties": { "name": null, "cls": "secondary" }, "geometry": { "type": "LineString", "coordinates": [ [ -63.91503, -10.01107 ], [ -63.91501, -10.0112 ] ] } },
{ "type": "Feature", "properties": { "name": null, "cls": "secondary" }, "geometry": { "type": "LineString", "coordinates": [ [ -63.91669, -9.9854 ], [ -63.913, -9.99912 ] ] } },
{ "type": "Feature", "properties": { "name": null, "cls": "secondary" }, "geometry": { "type": "LineString", "coordinates": [ [ -63.9167, -9.98528 ], [ -63.91669, -9.9854 ] ] } },
{ "type": "Feature", "properties": { "name": null, "cls": "secondary" }, "geometry": { "type": "LineString", "coordinates": [ [ -63.92367, -9.96152 ], [ -63.92245, -9.96329 ], [ -63.9167, -9.98528 ] ] } },
{ "type": "Feature", "properties": { "name": null, "cls": "secondary" }, "geometry": { "type": "LineString", "coordinates": [ [ -63.9237, -9.96139 ], [ -63.92367, -9.96152 ] ] } },
{ "type": "Feature", "properties": { "name": null, "cls": "secondary" }, "geometry": { "type": "LineString", "coordinates": [ [ -63.92826, -9.94066 ], [ -63.92406, -9.95729 ], [ -63.92437, -9.95951 ], [ -63.9237, -9.96139 ] ] } },
{ "type": "Feature", "properties": { "name": null, "cls": "secondary" }, "geometry": { "type": "LineString", "coordinates": [ [ -63.92829, -9.94054 ], [ -63.92826, -9.94066 ] ] } },
{ "type": "Feature", "properties": { "name": null, "cls": "secondary" }, "geometry": { "type": "LineString", "coordinates": [ [ -63.94021, -9.89926 ], [ -63.94054, -9.9002 ], [ -63.93984, -9.90365 ], [ -63.93828, -9.90509 ], [ -63.93509, -9.91432 ], [ -63.93289, -9.92376 ], [ -63.93326, -9.92832 ], [ -63.93726, -9.93076 ], [ -63.93678, -9.93313 ], [ -63.93581, -9.93411 ], [ -63.93002, -9.93405 ], [ -63.92829, -9.94054 ] ] } },
{ "type": "Feature", "properties": { "name": null, "cls": "secondary" }, "geometry": { "type": "LineString", "coordinates": [ [ -63.94021, -9.89912 ], [ -63.94021, -9.89926 ] ] } },
{ "type": "Feature", "properties": { "name": null, "cls": "secondary" }, "geometry": { "type": "LineString", "coordinates": [ [ -63.99942, -9.71748 ], [ -63.99942, -9.71768 ] ] } },
{ "type": "Feature", "properties": { "name": null, "cls": "secondary" }, "geometry": { "type": "LineString", "coordinates": [ [ -63.99212, -9.65958 ], [ -63.99161, -9.66312 ], [ -63.99985, -9.69585 ] ] } },
{ "type": "Feature", "properties": { "name": null, "cls": "secondary" }, "geometry": { "type": "LineString", "coordinates": [ [ -63.99979, -9.69592 ], [ -64.00142, -9.70303 ], [ -64.00185, -9.71029 ], [ -64.00125, -9.71319 ], [ -63.99946, -9.71498 ], [ -63.99942, -9.71748 ] ] } },
{ "type": "Feature", "properties": { "name": null, "cls": "secondary" }, "geometry": { "type": "LineString", "coordinates": [ [ -63.99985, -9.69585 ], [ -63.99979, -9.69592 ] ] } },
{ "type": "Feature", "properties": { "name": null, "cls": "secondary" }, "geometry": { "type": "LineString", "coordinates": [ [ -63.99207, -9.65942 ], [ -63.99212, -9.65958 ] ] } },
{ "type": "Feature", "properties": { "name": null, "cls": "secondary" }, "geometry": { "type": "LineString", "coordinates": [ [ -63.95992, -9.64699 ], [ -63.98654, -9.65689 ], [ -63.99058, -9.65772 ], [ -63.99207, -9.65942 ] ] } },
{ "type": "Feature", "properties": { "name": "Rio Pardo - Jaci Paraná", "cls": "secondary" }, "geometry": { "type": "LineString", "coordinates": [ [ -63.97311, -9.60804 ], [ -63.97318, -9.60789 ] ] } },
{ "type": "Feature", "properties": { "name": "Rio Pardo - Jaci Paraná", "cls": "secondary" }, "geometry": { "type": "LineString", "coordinates": [ [ -63.97128, -9.61479 ], [ -63.97311, -9.60804 ] ] } },
{ "type": "Feature", "properties": { "name": "Rio Pardo - Jaci Paraná", "cls": "secondary" }, "geometry": { "type": "LineString", "coordinates": [ [ -63.97125, -9.6149 ], [ -63.97128, -9.61479 ] ] } },
{ "type": "Feature", "properties": { "name": "Rio Pardo - Jaci Paraná", "cls": "secondary" }, "geometry": { "type": "LineString", "coordinates": [ [ -63.97018, -9.62084 ], [ -63.97125, -9.6149 ] ] } },
{ "type": "Feature", "properties": { "name": "Rio Pardo - Jaci Paraná", "cls": "secondary" }, "geometry": { "type": "LineString", "coordinates": [ [ -63.95793, -9.54845 ], [ -63.95779, -9.54838 ] ] } },
{ "type": "Feature", "properties": { "name": "Rio Pardo - Jaci Paraná", "cls": "secondary" }, "geometry": { "type": "LineString", "coordinates": [ [ -63.97318, -9.60789 ], [ -63.97444, -9.60177 ], [ -63.96995, -9.58896 ], [ -63.96985, -9.58711 ], [ -63.96837, -9.58475 ], [ -63.96548, -9.57667 ], [ -63.9583, -9.55007 ], [ -63.95853, -9.54894 ], [ -63.95793, -9.54845 ] ] } },
{ "type": "Feature", "properties": { "name": "Rio Pardo - Jaci Paraná", "cls": "secondary" }, "geometry": { "type": "LineString", "coordinates": [ [ -64.00592, -9.53103 ], [ -64.00604, -9.53105 ] ] } },
{ "type": "Feature", "properties": { "name": "Rio Pardo - Jaci Paraná", "cls": "secondary" }, "geometry": { "type": "LineString", "coordinates": [ [ -63.95779, -9.54838 ], [ -63.95325, -9.53239 ], [ -63.95458, -9.52949 ], [ -63.96321, -9.52636 ], [ -63.96452, -9.52386 ], [ -63.96751, -9.52383 ], [ -64.00592, -9.53103 ] ] } },
{ "type": "Feature", "properties": { "name": null, "cls": "secondary" }, "geometry": { "type": "LineString", "coordinates": [ [ -64.23819, -9.32386 ], [ -64.23833, -9.33306 ], [ -64.23694, -9.34586 ], [ -64.23747, -9.34914 ], [ -64.23704, -9.35494 ], [ -64.23756, -9.35835 ], [ -64.24053, -9.36565 ] ] } },
{ "type": "Feature", "properties": { "name": null, "cls": "secondary" }, "geometry": { "type": "LineString", "coordinates": [ [ -64.23819, -9.32374 ], [ -64.23819, -9.32386 ] ] } },
{ "type": "Feature", "properties": { "name": "Avenida Cacaulândia", "cls": "secondary" }, "geometry": { "type": "LineString", "coordinates": [ [ -63.01751, -10.54112 ], [ -63.01751, -10.541 ] ] } },
{ "type": "Feature", "properties": { "name": null, "cls": "secondary" }, "geometry": { "type": "LineString", "coordinates": [ [ -63.01766, -10.54111 ], [ -63.01751, -10.54112 ] ] } },
{ "type": "Feature", "properties": { "name": null, "cls": "secondary" }, "geometry": { "type": "LineString", "coordinates": [ [ -62.90151, -10.39605 ], [ -62.90326, -10.39386 ], [ -62.90255, -10.3919 ], [ -62.9038, -10.38999 ], [ -62.90376, -10.38853 ], [ -62.90309, -10.38723 ], [ -62.90016, -10.38575 ], [ -62.89978, -10.38405 ], [ -62.89777, -10.38181 ], [ -62.89968, -10.38011 ], [ -62.89998, -10.37891 ], [ -62.89965, -10.36249 ], [ -62.90099, -10.35706 ], [ -62.89954, -10.35114 ], [ -62.90008, -10.34375 ] ] } },
{ "type": "Feature", "properties": { "name": null, "cls": "secondary" }, "geometry": { "type": "LineString", "coordinates": [ [ -62.90128, -10.39637 ], [ -62.90151, -10.39605 ] ] } },
{ "type": "Feature", "properties": { "name": null, "cls": "secondary" }, "geometry": { "type": "LineString", "coordinates": [ [ -62.99982, -10.48583 ], [ -62.99767, -10.48611 ], [ -62.99429, -10.48919 ], [ -62.99135, -10.48876 ], [ -62.98912, -10.48973 ], [ -62.97803, -10.48687 ], [ -62.97058, -10.48303 ], [ -62.96642, -10.48328 ], [ -62.96411, -10.48209 ], [ -62.96127, -10.48275 ], [ -62.95767, -10.48134 ], [ -62.95255, -10.48141 ], [ -62.9455, -10.47823 ], [ -62.9411, -10.47824 ], [ -62.93925, -10.47883 ], [ -62.93525, -10.47781 ], [ -62.93026, -10.47862 ], [ -62.89815, -10.47753 ], [ -62.89611, -10.4786 ] ] } },
{ "type": "Feature", "properties": { "name": null, "cls": "secondary" }, "geometry": { "type": "LineString", "coordinates": [ [ -62.90122, -10.53741 ], [ -62.90107, -10.53747 ] ] } },
{ "type": "Feature", "properties": { "name": null, "cls": "secondary" }, "geometry": { "type": "LineString", "coordinates": [ [ -62.90455, -10.53504 ], [ -62.90355, -10.5357 ], [ -62.90284, -10.53755 ], [ -62.90122, -10.53741 ] ] } },
{ "type": "Feature", "properties": { "name": null, "cls": "secondary" }, "geometry": { "type": "LineString", "coordinates": [ [ -62.54612, -10.436 ], [ -62.54182, -10.43182 ] ] } },
{ "type": "Feature", "properties": { "name": null, "cls": "secondary" }, "geometry": { "type": "LineString", "coordinates": [ [ -62.54629, -10.43617 ], [ -62.54612, -10.436 ] ] } },
{ "type": "Feature", "properties": { "name": null, "cls": "secondary" }, "geometry": { "type": "LineString", "coordinates": [ [ -62.54174, -10.43173 ], [ -62.51662, -10.40699 ] ] } },
{ "type": "Feature", "properties": { "name": null, "cls": "secondary" }, "geometry": { "type": "LineString", "coordinates": [ [ -62.54182, -10.43182 ], [ -62.54174, -10.43173 ] ] } },
{ "type": "Feature", "properties": { "name": null, "cls": "secondary" }, "geometry": { "type": "LineString", "coordinates": [ [ -62.6202, -10.50512 ], [ -62.61999, -10.50502 ] ] } },
{ "type": "Feature", "properties": { "name": null, "cls": "secondary" }, "geometry": { "type": "LineString", "coordinates": [ [ -62.63382, -10.52061 ], [ -62.63408, -10.51712 ], [ -62.62158, -10.50572 ], [ -62.6202, -10.50512 ] ] } },
{ "type": "Feature", "properties": { "name": null, "cls": "secondary" }, "geometry": { "type": "LineString", "coordinates": [ [ -62.63387, -10.52097 ], [ -62.63382, -10.52061 ] ] } },
{ "type": "Feature", "properties": { "name": null, "cls": "secondary" }, "geometry": { "type": "LineString", "coordinates": [ [ -62.84036, -10.55895 ], [ -62.83815, -10.55945 ], [ -62.83555, -10.55822 ], [ -62.83345, -10.55807 ], [ -62.82874, -10.55951 ], [ -62.82537, -10.55692 ] ] } },
{ "type": "Feature", "properties": { "name": null, "cls": "secondary" }, "geometry": { "type": "LineString", "coordinates": [ [ -62.84043, -10.55895 ], [ -62.84036, -10.55895 ] ] } },
{ "type": "Feature", "properties": { "name": null, "cls": "secondary" }, "geometry": { "type": "LineString", "coordinates": [ [ -62.82537, -10.55692 ], [ -62.82219, -10.55927 ], [ -62.81325, -10.56183 ], [ -62.80471, -10.56258 ], [ -62.80246, -10.56392 ], [ -62.79993, -10.56552 ], [ -62.79778, -10.56891 ], [ -62.79605, -10.56953 ], [ -62.79541, -10.57254 ], [ -62.79168, -10.57751 ] ] } },
{ "type": "Feature", "properties": { "name": null, "cls": "secondary" }, "geometry": { "type": "LineString", "coordinates": [ [ -62.79504, -10.58065 ], [ -62.79258, -10.58456 ], [ -62.79023, -10.5858 ], [ -62.78965, -10.58744 ], [ -62.78563, -10.59072 ], [ -62.77823, -10.59274 ], [ -62.7722, -10.59875 ], [ -62.76416, -10.60021 ] ] } },
{ "type": "Feature", "properties": { "name": null, "cls": "secondary" }, "geometry": { "type": "LineString", "coordinates": [ [ -62.88384, -10.5537 ], [ -62.88257, -10.5538 ], [ -62.87839, -10.55204 ], [ -62.87463, -10.55289 ], [ -62.87288, -10.554 ], [ -62.87072, -10.55387 ], [ -62.86942, -10.55454 ], [ -62.8698, -10.5552 ], [ -62.86928, -10.55813 ], [ -62.8657, -10.55903 ], [ -62.8575, -10.55913 ], [ -62.85148, -10.55838 ], [ -62.8464, -10.55933 ], [ -62.84043, -10.55895 ] ] } },
{ "type": "Feature", "properties": { "name": null, "cls": "secondary" }, "geometry": { "type": "LineString", "coordinates": [ [ -62.88998, -10.54897 ], [ -62.88591, -10.55321 ], [ -62.88393, -10.55366 ] ] } },
{ "type": "Feature", "properties": { "name": null, "cls": "secondary" }, "geometry": { "type": "LineString", "coordinates": [ [ -62.89006, -10.54895 ], [ -62.88998, -10.54897 ] ] } },
{ "type": "Feature", "properties": { "name": null, "cls": "secondary" }, "geometry": { "type": "LineString", "coordinates": [ [ -62.88393, -10.55366 ], [ -62.88384, -10.5537 ] ] } },
{ "type": "Feature", "properties": { "name": null, "cls": "secondary" }, "geometry": { "type": "LineString", "coordinates": [ [ -62.89579, -10.54645 ], [ -62.89571, -10.5465 ] ] } },
{ "type": "Feature", "properties": { "name": null, "cls": "secondary" }, "geometry": { "type": "LineString", "coordinates": [ [ -62.89571, -10.5465 ], [ -62.89195, -10.54769 ], [ -62.89006, -10.54895 ] ] } },
{ "type": "Feature", "properties": { "name": null, "cls": "secondary" }, "geometry": { "type": "LineString", "coordinates": [ [ -62.90107, -10.53747 ], [ -62.89564, -10.53973 ], [ -62.89685, -10.54379 ], [ -62.89682, -10.54503 ], [ -62.89579, -10.54645 ] ] } },
{ "type": "Feature", "properties": { "name": null, "cls": "secondary" }, "geometry": { "type": "LineString", "coordinates": [ [ -62.68107, -11.03102 ], [ -62.67959, -11.02975 ] ] } },
{ "type": "Feature", "properties": { "name": null, "cls": "secondary" }, "geometry": { "type": "LineString", "coordinates": [ [ -62.68762, -11.03911 ], [ -62.68664, -11.03773 ], [ -62.68509, -11.03149 ], [ -62.68373, -11.03072 ], [ -62.68126, -11.03102 ] ] } },
{ "type": "Feature", "properties": { "name": null, "cls": "secondary" }, "geometry": { "type": "LineString", "coordinates": [ [ -62.76505, -10.90507 ], [ -62.76553, -10.90805 ], [ -62.76204, -10.91138 ], [ -62.76181, -10.91271 ], [ -62.76017, -10.91459 ], [ -62.75912, -10.91802 ], [ -62.75984, -10.91928 ], [ -62.76227, -10.92015 ], [ -62.76472, -10.92239 ], [ -62.76664, -10.92831 ], [ -62.76649, -10.93101 ], [ -62.76865, -10.93373 ], [ -62.76564, -10.93755 ], [ -62.76519, -10.93957 ], [ -62.76638, -10.94281 ], [ -62.77288, -10.94724 ], [ -62.77391, -10.95199 ], [ -62.76279, -10.96373 ], [ -62.75879, -10.96537 ], [ -62.75677, -10.96985 ], [ -62.75202, -10.97508 ], [ -62.7519, -10.97701 ], [ -62.74752, -10.97972 ], [ -62.71655, -11.01193 ], [ -62.71531, -11.01718 ], [ -62.7145, -11.01752 ], [ -62.71218, -11.01651 ], [ -62.70399, -11.02499 ], [ -62.68762, -11.03911 ] ] } },
{ "type": "Feature", "properties": { "name": null, "cls": "secondary" }, "geometry": { "type": "LineString", "coordinates": [ [ -62.72018, -10.78005 ], [ -62.69033, -10.75047 ] ] } },
{ "type": "Feature", "properties": { "name": null, "cls": "secondary" }, "geometry": { "type": "LineString", "coordinates": [ [ -62.79018, -10.84823 ], [ -62.72025, -10.78012 ] ] } },
{ "type": "Feature", "properties": { "name": null, "cls": "secondary" }, "geometry": { "type": "LineString", "coordinates": [ [ -62.69033, -10.75047 ], [ -62.69018, -10.75032 ] ] } },
{ "type": "Feature", "properties": { "name": null, "cls": "secondary" }, "geometry": { "type": "LineString", "coordinates": [ [ -62.274, -10.68685 ], [ -62.2741, -10.68689 ] ] } },
{ "type": "Feature", "properties": { "name": null, "cls": "secondary" }, "geometry": { "type": "LineString", "coordinates": [ [ -62.27392, -10.68692 ], [ -62.274, -10.68685 ] ] } },
{ "type": "Feature", "properties": { "name": null, "cls": "secondary" }, "geometry": { "type": "LineString", "coordinates": [ [ -62.27377, -10.68717 ], [ -62.27381, -10.68707 ] ] } },
{ "type": "Feature", "properties": { "name": null, "cls": "secondary" }, "geometry": { "type": "LineString", "coordinates": [ [ -62.27382, -10.68725 ], [ -62.27377, -10.68717 ] ] } },
{ "type": "Feature", "properties": { "name": null, "cls": "secondary" }, "geometry": { "type": "LineString", "coordinates": [ [ -62.27412, -10.68743 ], [ -62.27401, -10.68739 ] ] } },
{ "type": "Feature", "properties": { "name": null, "cls": "secondary" }, "geometry": { "type": "LineString", "coordinates": [ [ -62.27421, -10.68735 ], [ -62.27412, -10.68743 ] ] } },
{ "type": "Feature", "properties": { "name": null, "cls": "secondary" }, "geometry": { "type": "LineString", "coordinates": [ [ -62.27435, -10.6871 ], [ -62.2743, -10.68723 ] ] } },
{ "type": "Feature", "properties": { "name": null, "cls": "secondary" }, "geometry": { "type": "LineString", "coordinates": [ [ -62.27429, -10.68703 ], [ -62.27435, -10.6871 ] ] } },
{ "type": "Feature", "properties": { "name": "Rodovia BR-421", "cls": "primary" }, "geometry": { "type": "LineString", "coordinates": [ [ -63.31244, -10.28173 ], [ -63.3252, -10.30516 ], [ -63.32659, -10.30887 ], [ -63.32911, -10.31205 ], [ -63.33816, -10.32841 ], [ -63.33977, -10.33 ], [ -63.3857, -10.34863 ], [ -63.38823, -10.34866 ], [ -63.39726, -10.34628 ], [ -63.39968, -10.34646 ], [ -63.42152, -10.35739 ] ] } },
{ "type": "Feature", "properties": { "name": null, "cls": "secondary" }, "geometry": { "type": "LineString", "coordinates": [ [ -61.95314, -9.4326 ], [ -61.95838, -9.43456 ] ] } },
{ "type": "Feature", "properties": { "name": null, "cls": "secondary" }, "geometry": { "type": "LineString", "coordinates": [ [ -61.95306, -9.43257 ], [ -61.95314, -9.4326 ] ] } },
{ "type": "Feature", "properties": { "name": null, "cls": "secondary" }, "geometry": { "type": "LineString", "coordinates": [ [ -61.93071, -9.39598 ], [ -61.93751, -9.40009 ] ] } },
{ "type": "Feature", "properties": { "name": null, "cls": "secondary" }, "geometry": { "type": "LineString", "coordinates": [ [ -61.93751, -9.40009 ], [ -61.93759, -9.40014 ] ] } },
{ "type": "Feature", "properties": { "name": null, "cls": "secondary" }, "geometry": { "type": "LineString", "coordinates": [ [ -61.92958, -9.35823 ], [ -61.92988, -9.35919 ], [ -61.93272, -9.36059 ] ] } },
{ "type": "Feature", "properties": { "name": null, "cls": "secondary" }, "geometry": { "type": "LineString", "coordinates": [ [ -61.92957, -9.35814 ], [ -61.92958, -9.35823 ] ] } },
{ "type": "Feature", "properties": { "name": null, "cls": "primary" }, "geometry": { "type": "LineString", "coordinates": [ [ -62.17477, -9.84907 ], [ -62.17488, -9.84689 ], [ -62.17748, -9.84217 ], [ -62.17757, -9.83991 ] ] } },
{ "type": "Feature", "properties": { "name": null, "cls": "primary" }, "geometry": { "type": "LineString", "coordinates": [ [ -62.17757, -9.83991 ], [ -62.17757, -9.83983 ] ] } },
{ "type": "Feature", "properties": { "name": null, "cls": "primary" }, "geometry": { "type": "LineString", "coordinates": [ [ -62.17483, -9.9465 ], [ -62.17482, -9.93413 ] ] } },
{ "type": "Feature", "properties": { "name": null, "cls": "primary" }, "geometry": { "type": "LineString", "coordinates": [ [ -62.17482, -9.93413 ], [ -62.17482, -9.93405 ] ] } },
{ "type": "Feature", "properties": { "name": null, "cls": "primary" }, "geometry": { "type": "LineString", "coordinates": [ [ -62.30552, -10.23092 ], [ -62.30557, -10.23097 ] ] } },
{ "type": "Feature", "properties": { "name": null, "cls": "secondary" }, "geometry": { "type": "LineString", "coordinates": [ [ -62.42692, -10.81077 ], [ -62.42878, -10.81224 ] ] } },
{ "type": "Feature", "properties": { "name": null, "cls": "secondary" }, "geometry": { "type": "LineString", "coordinates": [ [ -62.7908, -10.87265 ], [ -62.79082, -10.87278 ] ] } },
{ "type": "Feature", "properties": { "name": null, "cls": "secondary" }, "geometry": { "type": "LineString", "coordinates": [ [ -62.80036, -10.86186 ], [ -62.79669, -10.86379 ], [ -62.79376, -10.86829 ], [ -62.79073, -10.87077 ], [ -62.7908, -10.87265 ] ] } },
{ "type": "Feature", "properties": { "name": null, "cls": "secondary" }, "geometry": { "type": "LineString", "coordinates": [ [ -63.01795, -10.53643 ], [ -63.01788, -10.53622 ] ] } },
{ "type": "Feature", "properties": { "name": null, "cls": "secondary" }, "geometry": { "type": "LineString", "coordinates": [ [ -63.01831, -10.53771 ], [ -63.01795, -10.53643 ] ] } },
{ "type": "Feature", "properties": { "name": null, "cls": "primary" }, "geometry": { "type": "LineString", "coordinates": [ [ -62.40492, -10.29537 ], [ -62.38793, -10.27847 ], [ -62.38314, -10.27465 ], [ -62.35621, -10.24716 ] ] } },
{ "type": "Feature", "properties": { "name": null, "cls": "primary" }, "geometry": { "type": "LineString", "coordinates": [ [ -62.40503, -10.29545 ], [ -62.40492, -10.29537 ] ] } },
{ "type": "Feature", "properties": { "name": null, "cls": "secondary" }, "geometry": { "type": "LineString", "coordinates": [ [ -62.90219, -9.70562 ], [ -62.90252, -9.70566 ] ] } },
{ "type": "Feature", "properties": { "name": null, "cls": "secondary" }, "geometry": { "type": "LineString", "coordinates": [ [ -62.90209, -9.70561 ], [ -62.90219, -9.70562 ] ] } },
{ "type": "Feature", "properties": { "name": null, "cls": "secondary" }, "geometry": { "type": "LineString", "coordinates": [ [ -63.59516, -10.57229 ], [ -63.5913, -10.56701 ], [ -63.58782, -10.56359 ] ] } },
{ "type": "Feature", "properties": { "name": null, "cls": "secondary" }, "geometry": { "type": "LineString", "coordinates": [ [ -63.59544, -10.57265 ], [ -63.59516, -10.57229 ] ] } },
{ "type": "Feature", "properties": { "name": null, "cls": "secondary" }, "geometry": { "type": "LineString", "coordinates": [ [ -63.0141, -10.54037 ], [ -63.01145, -10.5407 ], [ -63.0077, -10.54216 ], [ -63.0052, -10.54108 ], [ -62.99983, -10.54104 ], [ -62.99931, -10.53937 ] ] } },
{ "type": "Feature", "properties": { "name": null, "cls": "secondary" }, "geometry": { "type": "LineString", "coordinates": [ [ -62.99931, -10.53937 ], [ -62.99931, -10.53929 ] ] } },
{ "type": "Feature", "properties": { "name": null, "cls": "secondary" }, "geometry": { "type": "LineString", "coordinates": [ [ -63.01612, -10.54104 ], [ -63.01653, -10.54106 ] ] } },
{ "type": "Feature", "properties": { "name": null, "cls": "secondary" }, "geometry": { "type": "LineString", "coordinates": [ [ -63.01604, -10.54103 ], [ -63.01612, -10.54104 ] ] } },
{ "type": "Feature", "properties": { "name": null, "cls": "secondary" }, "geometry": { "type": "LineString", "coordinates": [ [ -62.8999, -10.33135 ], [ -62.9, -10.33286 ] ] } },
{ "type": "Feature", "properties": { "name": null, "cls": "secondary" }, "geometry": { "type": "LineString", "coordinates": [ [ -62.89989, -10.33121 ], [ -62.8999, -10.33135 ] ] } },
{ "type": "Feature", "properties": { "name": null, "cls": "primary" }, "geometry": { "type": "LineString", "coordinates": [ [ -62.36352, -11.12199 ], [ -62.36356, -11.12311 ] ] } },
{ "type": "Feature", "properties": { "name": null, "cls": "primary" }, "geometry": { "type": "LineString", "coordinates": [ [ -62.36348, -11.12311 ], [ -62.36352, -11.12199 ] ] } },
{ "type": "Feature", "properties": { "name": null, "cls": "trunk" }, "geometry": { "type": "LineString", "coordinates": [ [ -62.23148, -10.72716 ], [ -62.23784, -10.72569 ], [ -62.24036, -10.72302 ], [ -62.24255, -10.72176 ] ] } },
{ "type": "Feature", "properties": { "name": null, "cls": "trunk" }, "geometry": { "type": "LineString", "coordinates": [ [ -62.23111, -10.72733 ], [ -62.23148, -10.72716 ] ] } },
{ "type": "Feature", "properties": { "name": "Rodovia BR-421", "cls": "primary" }, "geometry": { "type": "LineString", "coordinates": [ [ -63.23069, -10.14967 ], [ -63.22404, -10.17162 ], [ -63.22456, -10.17518 ], [ -63.23597, -10.19571 ], [ -63.23788, -10.198 ], [ -63.24801, -10.21539 ], [ -63.2508, -10.22468 ], [ -63.28626, -10.25697 ] ] } },
{ "type": "Feature", "properties": { "name": "Rodovia BR-421", "cls": "primary" }, "geometry": { "type": "LineString", "coordinates": [ [ -63.28626, -10.25697 ], [ -63.28633, -10.25704 ] ] } },
{ "type": "Feature", "properties": { "name": "Rodovia BR-421", "cls": "primary" }, "geometry": { "type": "LineString", "coordinates": [ [ -63.28633, -10.25704 ], [ -63.30264, -10.2718 ] ] } },
{ "type": "Feature", "properties": { "name": "Rodovia BR-421", "cls": "primary" }, "geometry": { "type": "LineString", "coordinates": [ [ -63.30264, -10.2718 ], [ -63.30271, -10.27186 ] ] } },
{ "type": "Feature", "properties": { "name": "Rodovia BR-421", "cls": "primary" }, "geometry": { "type": "LineString", "coordinates": [ [ -63.30271, -10.27186 ], [ -63.31061, -10.27907 ], [ -63.3124, -10.28166 ] ] } },
{ "type": "Feature", "properties": { "name": "Rodovia BR-421", "cls": "primary" }, "geometry": { "type": "LineString", "coordinates": [ [ -63.3124, -10.28166 ], [ -63.31244, -10.28173 ] ] } },
{ "type": "Feature", "properties": { "name": "Avenida Canaã", "cls": "secondary" }, "geometry": { "type": "LineString", "coordinates": [ [ -63.03441, -9.91342 ], [ -63.03428, -9.91342 ] ] } },
{ "type": "Feature", "properties": { "name": "Avenida Canaã", "cls": "secondary" }, "geometry": { "type": "LineString", "coordinates": [ [ -63.03428, -9.9133 ], [ -63.03441, -9.9133 ] ] } },
{ "type": "Feature", "properties": { "name": null, "cls": "trunk" }, "geometry": { "type": "LineString", "coordinates": [ [ -62.24308, -10.72148 ], [ -62.24586, -10.71993 ] ] } },
{ "type": "Feature", "properties": { "name": "Avenida Marechal Deodoro da Fonseca", "cls": "secondary" }, "geometry": { "type": "LineString", "coordinates": [ [ -62.24924, -10.71192 ], [ -62.24943, -10.71208 ] ] } },
{ "type": "Feature", "properties": { "name": null, "cls": "trunk" }, "geometry": { "type": "LineString", "coordinates": [ [ -62.25465, -10.71046 ], [ -62.25568, -10.70921 ] ] } },
{ "type": "Feature", "properties": { "name": null, "cls": "trunk" }, "geometry": { "type": "LineString", "coordinates": [ [ -62.25666, -10.70805 ], [ -62.25789, -10.70661 ] ] } },
{ "type": "Feature", "properties": { "name": null, "cls": "trunk" }, "geometry": { "type": "LineString", "coordinates": [ [ -62.25918, -10.70507 ], [ -62.26176, -10.70199 ] ] } },
{ "type": "Feature", "properties": { "name": null, "cls": "trunk" }, "geometry": { "type": "LineString", "coordinates": [ [ -62.25256, -10.713 ], [ -62.25343, -10.71194 ] ] } },
{ "type": "Feature", "properties": { "name": null, "cls": "trunk" }, "geometry": { "type": "LineString", "coordinates": [ [ -62.25009, -10.71599 ], [ -62.25179, -10.71394 ] ] } },
{ "type": "Feature", "properties": { "name": null, "cls": "trunk" }, "geometry": { "type": "LineString", "coordinates": [ [ -62.24586, -10.71993 ], [ -62.24665, -10.71946 ] ] } },
{ "type": "Feature", "properties": { "name": null, "cls": "trunk" }, "geometry": { "type": "LineString", "coordinates": [ [ -62.2591, -10.70517 ], [ -62.25918, -10.70507 ] ] } },
{ "type": "Feature", "properties": { "name": null, "cls": "trunk" }, "geometry": { "type": "LineString", "coordinates": [ [ -62.26257, -10.70101 ], [ -62.26398, -10.69932 ] ] } },
{ "type": "Feature", "properties": { "name": "Avenida Transcontinental", "cls": "primary" }, "geometry": { "type": "LineString", "coordinates": [ [ -61.95981, -10.86888 ], [ -61.96555, -10.86769 ], [ -61.97045, -10.86467 ] ] } },
{ "type": "Feature", "properties": { "name": "Avenida Transcontinental", "cls": "primary" }, "geometry": { "type": "LineString", "coordinates": [ [ -61.94504, -10.87889 ], [ -61.94271, -10.88042 ] ] } },
{ "type": "Feature", "properties": { "name": "Avenida Transcontinental", "cls": "primary" }, "geometry": { "type": "LineString", "coordinates": [ [ -61.94395, -10.87951 ], [ -61.94497, -10.87884 ] ] } },
{ "type": "Feature", "properties": { "name": null, "cls": "primary" }, "geometry": { "type": "LineString", "coordinates": [ [ -61.97233, -10.86337 ], [ -61.98036, -10.85791 ] ] } },
{ "type": "Feature", "properties": { "name": "Avenida Transcontinental", "cls": "primary" }, "geometry": { "type": "LineString", "coordinates": [ [ -61.94497, -10.87884 ], [ -61.94552, -10.87848 ] ] } },
{ "type": "Feature", "properties": { "name": "Avenida Transcontinental", "cls": "primary" }, "geometry": { "type": "LineString", "coordinates": [ [ -61.94552, -10.87848 ], [ -61.94589, -10.87824 ] ] } },
{ "type": "Feature", "properties": { "name": "Avenida Transcontinental", "cls": "primary" }, "geometry": { "type": "LineString", "coordinates": [ [ -61.93926, -10.88269 ], [ -61.93715, -10.88409 ] ] } },
{ "type": "Feature", "properties": { "name": "Avenida Transcontinental", "cls": "primary" }, "geometry": { "type": "LineString", "coordinates": [ [ -61.93715, -10.88409 ], [ -61.93658, -10.88446 ] ] } },
{ "type": "Feature", "properties": { "name": "Avenida Transcontinental", "cls": "primary" }, "geometry": { "type": "LineString", "coordinates": [ [ -61.9312, -10.89028 ], [ -61.93069, -10.89262 ] ] } },
{ "type": "Feature", "properties": { "name": "Avenida Transcontinental", "cls": "primary" }, "geometry": { "type": "LineString", "coordinates": [ [ -61.93031, -10.90725 ], [ -61.93012, -10.91207 ] ] } },
{ "type": "Feature", "properties": { "name": "Avenida Transcontinental", "cls": "primary" }, "geometry": { "type": "LineString", "coordinates": [ [ -61.92997, -10.91211 ], [ -61.93031, -10.90321 ] ] } },
{ "type": "Feature", "properties": { "name": "Avenida Transcontinental", "cls": "primary" }, "geometry": { "type": "LineString", "coordinates": [ [ -61.9306, -10.89262 ], [ -61.93112, -10.89025 ] ] } },
{ "type": "Feature", "properties": { "name": null, "cls": "trunk" }, "geometry": { "type": "LineString", "coordinates": [ [ -62.24255, -10.72176 ], [ -62.24308, -10.72148 ] ] } },
{ "type": "Feature", "properties": { "name": null, "cls": "trunk" }, "geometry": { "type": "LineString", "coordinates": [ [ -62.24834, -10.71811 ], [ -62.24931, -10.71696 ] ] } },
{ "type": "Feature", "properties": { "name": null, "cls": "trunk" }, "geometry": { "type": "LineString", "coordinates": [ [ -62.24931, -10.71696 ], [ -62.2498, -10.71636 ] ] } },
{ "type": "Feature", "properties": { "name": null, "cls": "trunk" }, "geometry": { "type": "LineString", "coordinates": [ [ -62.26616, -10.69673 ], [ -62.26678, -10.69599 ] ] } },
{ "type": "Feature", "properties": { "name": null, "cls": "trunk" }, "geometry": { "type": "LineString", "coordinates": [ [ -62.25427, -10.71092 ], [ -62.25465, -10.71046 ] ] } },
{ "type": "Feature", "properties": { "name": null, "cls": "trunk" }, "geometry": { "type": "LineString", "coordinates": [ [ -62.2498, -10.71636 ], [ -62.25009, -10.71599 ] ] } },
{ "type": "Feature", "properties": { "name": null, "cls": "trunk" }, "geometry": { "type": "LineString", "coordinates": [ [ -62.24665, -10.71946 ], [ -62.2475, -10.71889 ] ] } },
{ "type": "Feature", "properties": { "name": null, "cls": "trunk" }, "geometry": { "type": "LineString", "coordinates": [ [ -62.25388, -10.71141 ], [ -62.25427, -10.71092 ] ] } },
{ "type": "Feature", "properties": { "name": null, "cls": "trunk" }, "geometry": { "type": "LineString", "coordinates": [ [ -62.25568, -10.70921 ], [ -62.25613, -10.70868 ] ] } },
{ "type": "Feature", "properties": { "name": null, "cls": "trunk" }, "geometry": { "type": "LineString", "coordinates": [ [ -62.26398, -10.69932 ], [ -62.2646, -10.69858 ] ] } },
{ "type": "Feature", "properties": { "name": null, "cls": "trunk" }, "geometry": { "type": "LineString", "coordinates": [ [ -62.26678, -10.69599 ], [ -62.27074, -10.69122 ] ] } },
{ "type": "Feature", "properties": { "name": null, "cls": "trunk" }, "geometry": { "type": "LineString", "coordinates": [ [ -62.27444, -10.68667 ], [ -62.27701, -10.68353 ] ] } },
{ "type": "Feature", "properties": { "name": null, "cls": "trunk" }, "geometry": { "type": "LineString", "coordinates": [ [ -62.2481, -10.71838 ], [ -62.24834, -10.71811 ] ] } },
{ "type": "Feature", "properties": { "name": null, "cls": "primary" }, "geometry": { "type": "LineString", "coordinates": [ [ -62.36342, -11.11299 ], [ -62.36342, -11.11284 ] ] } },
{ "type": "Feature", "properties": { "name": null, "cls": "primary" }, "geometry": { "type": "LineString", "coordinates": [ [ -62.36352, -11.12199 ], [ -62.36342, -11.11299 ] ] } },
{ "type": "Feature", "properties": { "name": "Avenida Transcontinental", "cls": "primary" }, "geometry": { "type": "LineString", "coordinates": [ [ -61.94689, -10.87758 ], [ -61.94695, -10.87754 ] ] } },
{ "type": "Feature", "properties": { "name": "Avenida Transcontinental", "cls": "primary" }, "geometry": { "type": "LineString", "coordinates": [ [ -61.94695, -10.87766 ], [ -61.94504, -10.87889 ] ] } },
{ "type": "Feature", "properties": { "name": "Avenida Transcontinental", "cls": "primary" }, "geometry": { "type": "LineString", "coordinates": [ [ -61.947, -10.87762 ], [ -61.94695, -10.87766 ] ] } },
{ "type": "Feature", "properties": { "name": "Avenida Transcontinental", "cls": "primary" }, "geometry": { "type": "LineString", "coordinates": [ [ -61.94589, -10.87824 ], [ -61.94689, -10.87758 ] ] } },
{ "type": "Feature", "properties": { "name": "Avenida Transcontinental", "cls": "primary" }, "geometry": { "type": "LineString", "coordinates": [ [ -61.93042, -10.90314 ], [ -61.93038, -10.90407 ] ] } },
{ "type": "Feature", "properties": { "name": "Avenida Transcontinental", "cls": "primary" }, "geometry": { "type": "LineString", "coordinates": [ [ -61.93031, -10.90314 ], [ -61.93041, -10.90016 ] ] } },
{ "type": "Feature", "properties": { "name": "Avenida Transcontinental", "cls": "primary" }, "geometry": { "type": "LineString", "coordinates": [ [ -61.93042, -10.90306 ], [ -61.93042, -10.90314 ] ] } },
{ "type": "Feature", "properties": { "name": "Avenida Transcontinental", "cls": "primary" }, "geometry": { "type": "LineString", "coordinates": [ [ -61.93031, -10.90321 ], [ -61.93031, -10.90314 ] ] } },
{ "type": "Feature", "properties": { "name": "Avenida Transcontinental", "cls": "primary" }, "geometry": { "type": "LineString", "coordinates": [ [ -61.94928, -10.87612 ], [ -61.947, -10.87762 ] ] } },
{ "type": "Feature", "properties": { "name": "Avenida Transcontinental", "cls": "primary" }, "geometry": { "type": "LineString", "coordinates": [ [ -61.95195, -10.87431 ], [ -61.95188, -10.87436 ] ] } },
{ "type": "Feature", "properties": { "name": "Avenida Transcontinental", "cls": "primary" }, "geometry": { "type": "LineString", "coordinates": [ [ -61.95183, -10.87428 ], [ -61.95191, -10.87423 ] ] } },
{ "type": "Feature", "properties": { "name": "Avenida Transcontinental", "cls": "primary" }, "geometry": { "type": "LineString", "coordinates": [ [ -61.94695, -10.87754 ], [ -61.95183, -10.87428 ] ] } },
{ "type": "Feature", "properties": { "name": "Avenida Transcontinental", "cls": "primary" }, "geometry": { "type": "LineString", "coordinates": [ [ -61.95425, -10.87273 ], [ -61.95195, -10.87431 ] ] } },
{ "type": "Feature", "properties": { "name": "Avenida Transcontinental", "cls": "primary" }, "geometry": { "type": "LineString", "coordinates": [ [ -61.95784, -10.87027 ], [ -61.95775, -10.87032 ] ] } },
{ "type": "Feature", "properties": { "name": "Avenida Transcontinental", "cls": "primary" }, "geometry": { "type": "LineString", "coordinates": [ [ -61.95771, -10.87025 ], [ -61.95779, -10.87019 ] ] } },
{ "type": "Feature", "properties": { "name": "Avenida Transcontinental", "cls": "primary" }, "geometry": { "type": "LineString", "coordinates": [ [ -61.95191, -10.87423 ], [ -61.95771, -10.87025 ] ] } },
{ "type": "Feature", "properties": { "name": null, "cls": "secondary" }, "geometry": { "type": "LineString", "coordinates": [ [ -63.87372, -8.77657 ], [ -63.87365, -8.77645 ] ] } },
{ "type": "Feature", "properties": { "name": "BR-364", "cls": "trunk" }, "geometry": { "type": "LineString", "coordinates": [ [ -63.05499, -9.92957 ], [ -63.05538, -9.91707 ] ] } },
{ "type": "Feature", "properties": { "name": "BR-364", "cls": "trunk" }, "geometry": { "type": "LineString", "coordinates": [ [ -63.05503, -9.93002 ], [ -63.05499, -9.92957 ] ] } },
{ "type": "Feature", "properties": { "name": "Via Lateral", "cls": "secondary" }, "geometry": { "type": "LineString", "coordinates": [ [ -63.05532, -9.92126 ], [ -63.05489, -9.92661 ] ] } },
{ "type": "Feature", "properties": { "name": "Via Lateral", "cls": "secondary" }, "geometry": { "type": "LineString", "coordinates": [ [ -63.05532, -9.92117 ], [ -63.05532, -9.92126 ] ] } },
{ "type": "Feature", "properties": { "name": "Via Lateral", "cls": "secondary" }, "geometry": { "type": "LineString", "coordinates": [ [ -63.05537, -9.92015 ], [ -63.05532, -9.92117 ] ] } },
{ "type": "Feature", "properties": { "name": "Via Lateral", "cls": "secondary" }, "geometry": { "type": "LineString", "coordinates": [ [ -63.05537, -9.92007 ], [ -63.05537, -9.92015 ] ] } },
{ "type": "Feature", "properties": { "name": "Avenida Jaru", "cls": "secondary" }, "geometry": { "type": "LineString", "coordinates": [ [ -63.04952, -9.90444 ], [ -63.05562, -9.90467 ] ] } },
{ "type": "Feature", "properties": { "name": "Avenida Jaru", "cls": "secondary" }, "geometry": { "type": "LineString", "coordinates": [ [ -63.04943, -9.90444 ], [ -63.04952, -9.90444 ] ] } },
{ "type": "Feature", "properties": { "name": null, "cls": "trunk" }, "geometry": { "type": "LineString", "coordinates": [ [ -62.45786, -10.45665 ], [ -62.45494, -10.46114 ] ] } },
{ "type": "Feature", "properties": { "name": null, "cls": "trunk" }, "geometry": { "type": "LineString", "coordinates": [ [ -62.45494, -10.46114 ], [ -62.45786, -10.45665 ] ] } },
{ "type": "Feature", "properties": { "name": "Avenida Juscelino Kubitschek", "cls": "trunk" }, "geometry": { "type": "LineString", "coordinates": [ [ -62.4598, -10.4537 ], [ -62.46411, -10.44728 ] ] } },
{ "type": "Feature", "properties": { "name": "Avenida Juscelino Kubitschek", "cls": "trunk" }, "geometry": { "type": "LineString", "coordinates": [ [ -62.46411, -10.44728 ], [ -62.46416, -10.44721 ] ] } },
{ "type": "Feature", "properties": { "name": null, "cls": "trunk" }, "geometry": { "type": "LineString", "coordinates": [ [ -62.45786, -10.45665 ], [ -62.4598, -10.4537 ] ] } },
{ "type": "Feature", "properties": { "name": null, "cls": "secondary" }, "geometry": { "type": "LineString", "coordinates": [ [ -63.87854, -8.74228 ], [ -63.87845, -8.74257 ] ] } },
{ "type": "Feature", "properties": { "name": null, "cls": "secondary" }, "geometry": { "type": "LineString", "coordinates": [ [ -63.87845, -8.74257 ], [ -63.87854, -8.74228 ] ] } },
{ "type": "Feature", "properties": { "name": "Rua Maçaramduba", "cls": "secondary" }, "geometry": { "type": "LineString", "coordinates": [ [ -64.29395, -10.27015 ], [ -64.30139, -10.27006 ] ] } },
{ "type": "Feature", "properties": { "name": "Rua Maçaramduba", "cls": "secondary" }, "geometry": { "type": "LineString", "coordinates": [ [ -64.2915, -10.26995 ], [ -64.29382, -10.27014 ] ] } },
{ "type": "Feature", "properties": { "name": "Rua Maçaramduba", "cls": "secondary" }, "geometry": { "type": "LineString", "coordinates": [ [ -64.29382, -10.27014 ], [ -64.29395, -10.27015 ] ] } },
{ "type": "Feature", "properties": { "name": "Avenida Tancredo Neves", "cls": "secondary" }, "geometry": { "type": "LineString", "coordinates": [ [ -63.0346, -9.89902 ], [ -63.03465, -9.89719 ] ] } },
{ "type": "Feature", "properties": { "name": "Avenida Governador Jorge Teixeira", "cls": "primary" }, "geometry": { "type": "LineString", "coordinates": [ [ -63.88994, -8.73963 ], [ -63.89116, -8.73411 ] ] } },
{ "type": "Feature", "properties": { "name": "Avenida Governador Jorge Teixeira", "cls": "primary" }, "geometry": { "type": "LineString", "coordinates": [ [ -63.89151, -8.73419 ], [ -63.89031, -8.73971 ] ] } },
{ "type": "Feature", "properties": { "name": "Anel Viário", "cls": "trunk" }, "geometry": { "type": "LineString", "coordinates": [ [ -61.9314, -10.92072 ], [ -61.92988, -10.92228 ] ] } },
{ "type": "Feature", "properties": { "name": "Rodovia BR-364", "cls": "trunk" }, "geometry": { "type": "LineString", "coordinates": [ [ -61.92968, -10.92599 ], [ -61.9295, -10.92292 ] ] } },
{ "type": "Feature", "properties": { "name": "Rodovia BR-364", "cls": "primary" }, "geometry": { "type": "LineString", "coordinates": [ [ -61.92983, -10.92036 ], [ -61.92987, -10.92198 ] ] } },
{ "type": "Feature", "properties": { "name": "Rodovia BR-364", "cls": "primary" }, "geometry": { "type": "LineString", "coordinates": [ [ -61.92985, -10.91979 ], [ -61.92983, -10.92036 ] ] } },
{ "type": "Feature", "properties": { "name": "Rodovia BR-364", "cls": "trunk" }, "geometry": { "type": "LineString", "coordinates": [ [ -61.92988, -10.92228 ], [ -61.92968, -10.92599 ] ] } },
{ "type": "Feature", "properties": { "name": null, "cls": "secondary" }, "geometry": { "type": "LineString", "coordinates": [ [ -62.00244, -9.4251 ], [ -62.00252, -9.42507 ] ] } },
{ "type": "Feature", "properties": { "name": null, "cls": "secondary" }, "geometry": { "type": "LineString", "coordinates": [ [ -62.00252, -9.42507 ], [ -62.00244, -9.4251 ] ] } },
{ "type": "Feature", "properties": { "name": "Rodovia BR-364", "cls": "primary" }, "geometry": { "type": "LineString", "coordinates": [ [ -61.9295, -10.92292 ], [ -61.92997, -10.91211 ] ] } },
{ "type": "Feature", "properties": { "name": null, "cls": "trunk" }, "geometry": { "type": "LineString", "coordinates": [ [ -62.33949, -10.60805 ], [ -62.36898, -10.57274 ] ] } },
{ "type": "Feature", "properties": { "name": null, "cls": "trunk" }, "geometry": { "type": "LineString", "coordinates": [ [ -62.33943, -10.60812 ], [ -62.33949, -10.60805 ] ] } },
{ "type": "Feature", "properties": { "name": null, "cls": "trunk" }, "geometry": { "type": "LineString", "coordinates": [ [ -62.67042, -10.28739 ], [ -62.67086, -10.28707 ] ] } },
{ "type": "Feature", "properties": { "name": null, "cls": "trunk" }, "geometry": { "type": "LineString", "coordinates": [ [ -62.67086, -10.28707 ], [ -62.67095, -10.287 ] ] } },
{ "type": "Feature", "properties": { "name": null, "cls": "trunk" }, "geometry": { "type": "LineString", "coordinates": [ [ -63.07655, -9.5396 ], [ -63.07729, -9.5269 ] ] } },
{ "type": "Feature", "properties": { "name": null, "cls": "trunk" }, "geometry": { "type": "LineString", "coordinates": [ [ -63.07654, -9.5397 ], [ -63.07655, -9.5396 ] ] } },
{ "type": "Feature", "properties": { "name": null, "cls": "trunk" }, "geometry": { "type": "LineString", "coordinates": [ [ -63.6844, -8.7959 ], [ -63.65064, -8.79237 ] ] } },
{ "type": "Feature", "properties": { "name": null, "cls": "trunk" }, "geometry": { "type": "LineString", "coordinates": [ [ -63.65064, -8.79237 ], [ -63.65053, -8.79236 ] ] } },
{ "type": "Feature", "properties": { "name": null, "cls": "secondary" }, "geometry": { "type": "LineString", "coordinates": [ [ -63.31876, -9.71437 ], [ -63.31877, -9.71423 ], [ -63.31894, -9.71424 ], [ -63.31893, -9.71439 ], [ -63.31876, -9.71437 ] ] } },
{ "type": "Feature", "properties": { "name": null, "cls": "trunk" }, "geometry": { "type": "LineString", "coordinates": [ [ -62.25638, -10.70838 ], [ -62.25666, -10.70805 ] ] } },
{ "type": "Feature", "properties": { "name": null, "cls": "trunk" }, "geometry": { "type": "LineString", "coordinates": [ [ -62.25613, -10.70868 ], [ -62.25627, -10.70851 ] ] } },
{ "type": "Feature", "properties": { "name": null, "cls": "trunk" }, "geometry": { "type": "LineString", "coordinates": [ [ -62.22865, -10.73302 ], [ -62.22924, -10.73107 ] ] } },
{ "type": "Feature", "properties": { "name": null, "cls": "trunk" }, "geometry": { "type": "LineString", "coordinates": [ [ -62.22924, -10.73107 ], [ -62.23111, -10.72733 ] ] } },
{ "type": "Feature", "properties": { "name": null, "cls": "trunk" }, "geometry": { "type": "LineString", "coordinates": [ [ -62.25343, -10.71194 ], [ -62.25388, -10.71141 ] ] } },
{ "type": "Feature", "properties": { "name": null, "cls": "trunk" }, "geometry": { "type": "LineString", "coordinates": [ [ -62.25851, -10.70586 ], [ -62.2591, -10.70517 ] ] } },
{ "type": "Feature", "properties": { "name": null, "cls": "trunk" }, "geometry": { "type": "LineString", "coordinates": [ [ -62.25627, -10.70851 ], [ -62.25638, -10.70838 ] ] } },
{ "type": "Feature", "properties": { "name": null, "cls": "trunk" }, "geometry": { "type": "LineString", "coordinates": [ [ -62.27074, -10.69122 ], [ -62.27368, -10.68761 ] ] } },
{ "type": "Feature", "properties": { "name": null, "cls": "trunk" }, "geometry": { "type": "LineString", "coordinates": [ [ -62.27701, -10.68353 ], [ -62.27713, -10.68338 ] ] } },
{ "type": "Feature", "properties": { "name": null, "cls": "trunk" }, "geometry": { "type": "LineString", "coordinates": [ [ -62.27713, -10.68338 ], [ -62.28034, -10.67945 ] ] } },
{ "type": "Feature", "properties": { "name": "Rodovia BR-364", "cls": "trunk" }, "geometry": { "type": "LineString", "coordinates": [ [ -61.92966, -10.92684 ], [ -61.92968, -10.92599 ] ] } },
{ "type": "Feature", "properties": { "name": "Rodovia BR-364", "cls": "primary" }, "geometry": { "type": "LineString", "coordinates": [ [ -61.92994, -10.91681 ], [ -61.92985, -10.91979 ] ] } },
{ "type": "Feature", "properties": { "name": "Avenida Transcontinental", "cls": "primary" }, "geometry": { "type": "LineString", "coordinates": [ [ -61.93038, -10.90407 ], [ -61.93031, -10.90725 ] ] } },
{ "type": "Feature", "properties": { "name": "Avenida Transcontinental", "cls": "primary" }, "geometry": { "type": "LineString", "coordinates": [ [ -61.93658, -10.88446 ], [ -61.93577, -10.88501 ] ] } },
{ "type": "Feature", "properties": { "name": "Avenida Transcontinental", "cls": "primary" }, "geometry": { "type": "LineString", "coordinates": [ [ -61.95188, -10.87436 ], [ -61.94928, -10.87612 ] ] } },
{ "type": "Feature", "properties": { "name": "Avenida Transcontinental", "cls": "primary" }, "geometry": { "type": "LineString", "coordinates": [ [ -61.95539, -10.87195 ], [ -61.95425, -10.87273 ] ] } },
{ "type": "Feature", "properties": { "name": "Avenida Transcontinental", "cls": "primary" }, "geometry": { "type": "LineString", "coordinates": [ [ -61.95775, -10.87032 ], [ -61.95539, -10.87195 ] ] } },
{ "type": "Feature", "properties": { "name": "Avenida Transcontinental", "cls": "primary" }, "geometry": { "type": "LineString", "coordinates": [ [ -61.96471, -10.868 ], [ -61.9603, -10.86894 ], [ -61.95784, -10.87027 ] ] } },
{ "type": "Feature", "properties": { "name": "Avenida Transcontinental", "cls": "primary" }, "geometry": { "type": "LineString", "coordinates": [ [ -61.95779, -10.87019 ], [ -61.95981, -10.86888 ] ] } },
{ "type": "Feature", "properties": { "name": null, "cls": "trunk" }, "geometry": { "type": "LineString", "coordinates": [ [ -62.02426, -10.80087 ], [ -62.02526, -10.80019 ] ] } },
{ "type": "Feature", "properties": { "name": null, "cls": "trunk" }, "geometry": { "type": "LineString", "coordinates": [ [ -62.01692, -10.81835 ], [ -62.01804, -10.8152 ] ] } },
{ "type": "Feature", "properties": { "name": null, "cls": "trunk" }, "geometry": { "type": "LineString", "coordinates": [ [ -62.01546, -10.82247 ], [ -62.01692, -10.81835 ] ] } },
{ "type": "Feature", "properties": { "name": null, "cls": "trunk" }, "geometry": { "type": "LineString", "coordinates": [ [ -62.01464, -10.8248 ], [ -62.01514, -10.82339 ] ] } },
{ "type": "Feature", "properties": { "name": null, "cls": "trunk" }, "geometry": { "type": "LineString", "coordinates": [ [ -62.0132, -10.82891 ], [ -62.01326, -10.82873 ] ] } },
{ "type": "Feature", "properties": { "name": null, "cls": "trunk" }, "geometry": { "type": "LineString", "coordinates": [ [ -62.01368, -10.82754 ], [ -62.01409, -10.82638 ] ] } },
{ "type": "Feature", "properties": { "name": null, "cls": "trunk" }, "geometry": { "type": "LineString", "coordinates": [ [ -62.01409, -10.82638 ], [ -62.01464, -10.8248 ] ] } },
{ "type": "Feature", "properties": { "name": null, "cls": "trunk" }, "geometry": { "type": "LineString", "coordinates": [ [ -62.01514, -10.82339 ], [ -62.01546, -10.82247 ] ] } },
{ "type": "Feature", "properties": { "name": null, "cls": "trunk" }, "geometry": { "type": "LineString", "coordinates": [ [ -62.01326, -10.82873 ], [ -62.01368, -10.82754 ] ] } },
{ "type": "Feature", "properties": { "name": null, "cls": "trunk" }, "geometry": { "type": "LineString", "coordinates": [ [ -62.01209, -10.83203 ], [ -62.0132, -10.82891 ] ] } },
{ "type": "Feature", "properties": { "name": null, "cls": "trunk" }, "geometry": { "type": "LineString", "coordinates": [ [ -62.01804, -10.8152 ], [ -62.02239, -10.80345 ], [ -62.02426, -10.80087 ] ] } },
{ "type": "Feature", "properties": { "name": null, "cls": "primary" }, "geometry": { "type": "LineString", "coordinates": [ [ -61.97068, -10.86451 ], [ -61.97233, -10.86337 ] ] } },
{ "type": "Feature", "properties": { "name": null, "cls": "primary" }, "geometry": { "type": "LineString", "coordinates": [ [ -61.98036, -10.85791 ], [ -62.00068, -10.84421 ] ] } }
]
}
